rating,profile_id,profile_url,join_date,review_count,ratings_count,user_data_counts,join_datetime
1,ur211733180,https://www.imdb.com/user/ur211733180/?ref_=tturv_usr_1_t,2025-12-16,1,3,"""reviewCount"":1,""ratingsCount"":3,""checkinCount"":0,""listCount"":0,""watchlistCount"":0,""favoritePeopleCount"":0,""badgesCount"":1,""interestCount"":0",2025-12-16T14:23:29Z
1,ur212070368,https://www.imdb.com/user/ur212070368/?ref_=tturv_usr_1_t,2025-12-30,1,2,"""reviewCount"":1,""ratingsCount"":2,""checkinCount"":0,""listCount"":0,""watchlistCount"":0,""favoritePeopleCount"":0,""badgesCount"":1,""interestCount"":0",2025-12-30T18:16:18Z
1,ur139179847,https://www.imdb.com/user/ur139179847/?ref_=tturv_usr_1_t,2021-10-04,1,0,"""reviewCount"":1,""ratingsCount"":0,""checkinCount"":0,""listCount"":0,""watchlistCount"":0,""favoritePeopleCount"":0,""badgesCount"":2,""interestCount"":0",2021-10-04T01:42:37Z
1,ur212120586,https://www.imdb.com/user/ur212120586/?ref_=tturv_usr_1_t,2026-01-01,6,9,"""reviewCount"":6,""ratingsCount"":9,""checkinCount"":0,""listCount"":0,""watchlistCount"":1,""favoritePeopleCount"":0,""badgesCount"":2,""interestCount"":0",2026-01-01T16:22:02Z
1,ur123751237,https://www.imdb.com/user/ur123751237/?ref_=tturv_usr_1_t,2020-08-30,1,0,"""reviewCount"":1,""ratingsCount"":0,""checkinCount"":0,""listCount"":0,""watchlistCount"":0,""favoritePeopleCount"":0,""badgesCount"":2,""interestCount"":0",2020-08-30T14:46:57Z
1,ur212126092,https://www.imdb.com/user/ur212126092/?ref_=tturv_usr_1_t,2026-01-01,1,1,"""reviewCount"":1,""ratingsCount"":1,""checkinCount"":0,""listCount"":0,""watchlistCount"":2,""favoritePeopleCount"":0,""badgesCount"":2,""interestCount"":0",2026-01-01T19:13:02Z
1,ur212114386,https://www.imdb.com/user/ur212114386/?ref_=tturv_usr_1_t,2026-01-01,1,1,"""reviewCount"":1,""ratingsCount"":1,""checkinCount"":0,""listCount"":0,""watchlistCount"":0,""favoritePeopleCount"":0,""badgesCount"":2,""interestCount"":0",2026-01-01T13:38:22Z
1,ur212116520,https://www.imdb.com/user/ur212116520/?ref_=tturv_usr_1_t,2026-01-01,1,2,"""reviewCount"":1,""ratingsCount"":2,""checkinCount"":0,""listCount"":0,""watchlistCount"":0,""favoritePeopleCount"":0,""badgesCount"":2,""interestCount"":0",2026-01-01T13:24:51Z
1,ur180215707,https://www.imdb.com/user/ur180215707/?ref_=tturv_usr_1_t,2024-04-14,1,4,"""reviewCount"":1,""ratingsCount"":4,""checkinCount"":0,""listCount"":0,""watchlistCount"":0,""favoritePeopleCount"":0,""badgesCount"":2,""interestCount"":0",2024-04-14T15:52:57Z
1,ur123066923,https://www.imdb.com/user/ur123066923/?ref_=tturv_usr_1_t,2020-08-12,1,0,"""reviewCount"":1,""ratingsCount"":0,""checkinCount"":0,""listCount"":0,""watchlistCount"":0,""favoritePeopleCount"":0,""badgesCount"":2,""interestCount"":0",2020-08-12T18:40:23Z
1,ur212105646,https://www.imdb.com/user/ur212105646/?ref_=tturv_usr_1_t,2026-01-01,1,2,"""reviewCount"":1,""ratingsCount"":2,""checkinCount"":0,""listCount"":0,""watchlistCount"":0,""favoritePeopleCount"":0,""badgesCount"":2,""interestCount"":0",2026-01-01T06:09:18Z
1,ur212107099,https://www.imdb.com/user/ur212107099/?ref_=tturv_usr_1_t,2026-01-01,1,2,"""reviewCount"":1,""ratingsCount"":2,""checkinCount"":0,""listCount"":0,""watchlistCount"":0,""favoritePeopleCount"":0,""badgesCount"":2,""interestCount"":0",2026-01-01T06:01:01Z
1,ur198888906,https://www.imdb.com/user/ur198888906/?ref_=tturv_usr_1_t,2025-03-27,1,2,"""reviewCount"":1,""ratingsCount"":2,""checkinCount"":0,""listCount"":0,""watchlistCount"":0,""favoritePeopleCount"":0,""badgesCount"":2,""interestCount"":0",2025-03-27T08:53:27Z
1,ur22546469,https://www.imdb.com/user/ur22546469/?ref_=tturv_usr_1_t,2009-12-18,1,0,"""reviewCount"":1,""ratingsCount"":0,""checkinCount"":0,""listCount"":0,""watchlistCount"":0,""favoritePeopleCount"":0,""badgesCount"":8,""interestCount"":0",2009-12-18T01:59:41Z
1,ur209429807,https://www.imdb.com/user/ur209429807/?ref_=tturv_usr_1_t,2025-09-25,1,4,"""reviewCount"":1,""ratingsCount"":4,""checkinCount"":0,""listCount"":0,""watchlistCount"":0,""favoritePeopleCount"":0,""badgesCount"":2,""interestCount"":0",2025-09-25T22:29:15Z
1,ur118486210,https://www.imdb.com/user/ur118486210/?ref_=tturv_usr_1_t,2020-05-16,2,0,"""reviewCount"":2,""ratingsCount"":0,""checkinCount"":0,""listCount"":0,""watchlistCount"":0,""favoritePeopleCount"":0,""badgesCount"":2,""interestCount"":0",2020-05-16T13:44:31Z
1,ur212093423,https://www.imdb.com/user/ur212093423/?ref_=tturv_usr_1_t,2025-12-31,1,3,"""reviewCount"":1,""ratingsCount"":3,""checkinCount"":0,""listCount"":0,""watchlistCount"":0,""favoritePeopleCount"":0,""badgesCount"":2,""interestCount"":0",2025-12-31T19:14:37Z
1,ur212094997,https://www.imdb.com/user/ur212094997/?ref_=tturv_usr_1_t,2025-12-31,1,1,"""reviewCount"":1,""ratingsCount"":1,""checkinCount"":0,""listCount"":0,""watchlistCount"":0,""favoritePeopleCount"":0,""badgesCount"":2,""interestCount"":0",2025-12-31T22:22:24Z
1,ur212045296,https://www.imdb.com/user/ur212045296/?ref_=tturv_usr_1_t,2025-12-29,1,18,"""reviewCount"":1,""ratingsCount"":18,""checkinCount"":0,""listCount"":0,""watchlistCount"":0,""favoritePeopleCount"":0,""badgesCount"":2,""interestCount"":0",2025-12-29T21:22:40Z
1,ur128444575,https://www.imdb.com/user/ur128444575/?ref_=tturv_usr_1_t,2021-01-17,2,0,"""reviewCount"":2,""ratingsCount"":0,""checkinCount"":0,""listCount"":2,""watchlistCount"":0,""favoritePeopleCount"":0,""badgesCount"":2,""interestCount"":0",2021-01-17T10:47:44Z
1,ur173654854,https://www.imdb.com/user/ur173654854/?ref_=tturv_usr_1_t,2023-12-04,1,0,"""reviewCount"":1,""ratingsCount"":0,""checkinCount"":0,""listCount"":0,""watchlistCount"":1,""favoritePeopleCount"":0,""badgesCount"":2,""interestCount"":0",2023-12-04T09:02:43Z
1,ur88223676,https://www.imdb.com/user/ur88223676/?ref_=tturv_usr_1_t,2018-05-12,1,0,"""reviewCount"":1,""ratingsCount"":0,""checkinCount"":0,""listCount"":0,""watchlistCount"":0,""favoritePeopleCount"":0,""badgesCount"":2,""interestCount"":0",2018-05-12T17:20:10Z
1,ur40909081,https://www.imdb.com/user/ur40909081/?ref_=tturv_usr_1_t,2013-02-13,70,474,"""reviewCount"":70,""ratingsCount"":474,""checkinCount"":0,""listCount"":0,""watchlistCount"":0,""favoritePeopleCount"":0,""badgesCount"":2,""interestCount"":0",2013-02-13T07:12:24Z
1,ur212090139,https://www.imdb.com/user/ur212090139/?ref_=tturv_usr_1_t,2025-12-31,1,2,"""reviewCount"":1,""ratingsCount"":2,""checkinCount"":0,""listCount"":0,""watchlistCount"":0,""favoritePeopleCount"":0,""badgesCount"":2,""interestCount"":0",2025-12-31T14:43:51Z
1,ur149404511,https://www.imdb.com/user/ur149404511/?ref_=tturv_usr_1_t,2022-02-01,1,0,"""reviewCount"":1,""ratingsCount"":0,""checkinCount"":0,""listCount"":0,""watchlistCount"":1,""favoritePeopleCount"":0,""badgesCount"":2,""interestCount"":0",2022-02-01T20:24:53Z
1,ur212086795,https://www.imdb.com/user/ur212086795/?ref_=tturv_usr_1_t,2025-12-31,1,1,"""reviewCount"":1,""ratingsCount"":1,""checkinCount"":0,""listCount"":0,""watchlistCount"":0,""favoritePeopleCount"":0,""badgesCount"":2,""interestCount"":0",2025-12-31T11:28:34Z
1,ur212026361,https://www.imdb.com/user/ur212026361/?ref_=tturv_usr_1_t,2025-12-29,1,3,"""reviewCount"":1,""ratingsCount"":3,""checkinCount"":0,""listCount"":0,""watchlistCount"":0,""favoritePeopleCount"":0,""badgesCount"":2,""interestCount"":0",2025-12-29T10:54:50Z
1,ur14520893,https://www.imdb.com/user/ur14520893/?ref_=tturv_usr_1_t,2007-03-07,15,0,"""reviewCount"":15,""ratingsCount"":0,""checkinCount"":0,""listCount"":0,""watchlistCount"":0,""favoritePeopleCount"":0,""badgesCount"":2,""interestCount"":0",2007-03-07T20:27:39Z
1,ur196148391,https://www.imdb.com/user/ur196148391/?ref_=tturv_usr_1_t,2025-02-01,4,3,"""reviewCount"":4,""ratingsCount"":3,""checkinCount"":0,""listCount"":0,""watchlistCount"":0,""favoritePeopleCount"":0,""badgesCount"":2,""interestCount"":0",2025-02-01T17:25:54Z
1,ur169145899,https://www.imdb.com/user/ur169145899/?ref_=tturv_usr_1_t,2023-08-12,1,0,"""reviewCount"":1,""ratingsCount"":0,""checkinCount"":0,""listCount"":0,""watchlistCount"":0,""favoritePeopleCount"":0,""badgesCount"":2,""interestCount"":0",2023-08-12T05:54:01Z
1,ur40724140,https://www.imdb.com/user/ur40724140/?ref_=tturv_usr_1_t,2013-02-07,1,0,"""reviewCount"":1,""ratingsCount"":0,""checkinCount"":0,""listCount"":1,""watchlistCount"":0,""favoritePeopleCount"":0,""badgesCount"":2,""interestCount"":0",2013-02-07T17:31:14Z
1,ur212083207,https://www.imdb.com/user/ur212083207/?ref_=tturv_usr_1_t,2025-12-31,1,2,"""reviewCount"":1,""ratingsCount"":2,""checkinCount"":0,""listCount"":0,""watchlistCount"":0,""favoritePeopleCount"":0,""badgesCount"":2,""interestCount"":0",2025-12-31T06:50:46Z
1,ur212081136,https://www.imdb.com/user/ur212081136/?ref_=tturv_usr_1_t,2025-12-31,1,3,"""reviewCount"":1,""ratingsCount"":3,""checkinCount"":0,""listCount"":0,""watchlistCount"":0,""favoritePeopleCount"":0,""badgesCount"":2,""interestCount"":0",2025-12-31T04:23:49Z
1,ur212081066,https://www.imdb.com/user/ur212081066/?ref_=tturv_usr_1_t,2025-12-31,1,1,"""reviewCount"":1,""ratingsCount"":1,""checkinCount"":0,""listCount"":0,""watchlistCount"":0,""favoritePeopleCount"":0,""badgesCount"":2,""interestCount"":0",2025-12-31T04:14:27Z
1,ur212080943,https://www.imdb.com/user/ur212080943/?ref_=tturv_usr_1_t,2025-12-31,1,8,"""reviewCount"":1,""ratingsCount"":8,""checkinCount"":0,""listCount"":0,""watchlistCount"":0,""favoritePeopleCount"":0,""badgesCount"":2,""interestCount"":0",2025-12-31T03:04:18Z
1,ur166734609,https://www.imdb.com/user/ur166734609/?ref_=tturv_usr_1_t,2023-06-19,1,0,"""reviewCount"":1,""ratingsCount"":0,""checkinCount"":0,""listCount"":0,""watchlistCount"":0,""favoritePeopleCount"":0,""badgesCount"":2,""interestCount"":0",2023-06-19T21:25:03Z
1,ur49211068,https://www.imdb.com/user/ur49211068/?ref_=tturv_usr_1_t,2013-12-27,29,0,"""reviewCount"":29,""ratingsCount"":0,""checkinCount"":0,""listCount"":0,""watchlistCount"":0,""favoritePeopleCount"":0,""badgesCount"":3,""interestCount"":0",2013-12-27T10:55:36Z
1,ur210451369,https://www.imdb.com/user/ur210451369/?ref_=tturv_usr_1_t,2025-10-13,5,5,"""reviewCount"":5,""ratingsCount"":5,""checkinCount"":0,""listCount"":0,""watchlistCount"":1,""favoritePeopleCount"":0,""badgesCount"":2,""interestCount"":0",2025-10-13T00:14:38Z
1,ur19690070,https://www.imdb.com/user/ur19690070/?ref_=tturv_usr_1_t,2008-07-30,6,1865,"""reviewCount"":6,""ratingsCount"":1865,""checkinCount"":0,""listCount"":0,""watchlistCount"":0,""favoritePeopleCount"":0,""badgesCount"":2,""interestCount"":0",2008-07-30T02:04:16Z
1,ur211200045,https://www.imdb.com/user/ur211200045/?ref_=tturv_usr_1_t,2025-11-17,1,4,"""reviewCount"":1,""ratingsCount"":4,""checkinCount"":0,""listCount"":0,""watchlistCount"":0,""favoritePeopleCount"":0,""badgesCount"":2,""interestCount"":0",2025-11-17T16:03:15Z
1,ur212076687,https://www.imdb.com/user/ur212076687/?ref_=tturv_usr_1_t,2025-12-30,1,1,"""reviewCount"":1,""ratingsCount"":1,""checkinCount"":0,""listCount"":0,""watchlistCount"":0,""favoritePeopleCount"":0,""badgesCount"":2,""interestCount"":0",2025-12-30T23:45:22Z
1,ur212006644,https://www.imdb.com/user/ur212006644/?ref_=tturv_usr_1_t,2025-12-28,1,2,"""reviewCount"":1,""ratingsCount"":2,""checkinCount"":0,""listCount"":0,""watchlistCount"":0,""favoritePeopleCount"":0,""badgesCount"":2,""interestCount"":0",2025-12-28T21:53:50Z
1,ur127790577,https://www.imdb.com/user/ur127790577/?ref_=tturv_usr_1_t,2020-12-31,1,0,"""reviewCount"":1,""ratingsCount"":0,""checkinCount"":0,""listCount"":0,""watchlistCount"":0,""favoritePeopleCount"":0,""badgesCount"":2,""interestCount"":0",2020-12-31T17:44:16Z
1,ur212076142,https://www.imdb.com/user/ur212076142/?ref_=tturv_usr_1_t,2025-12-30,1,1,"""reviewCount"":1,""ratingsCount"":1,""checkinCount"":0,""listCount"":0,""watchlistCount"":0,""favoritePeopleCount"":0,""badgesCount"":2,""interestCount"":0",2025-12-30T22:12:30Z
1,ur203277530,https://www.imdb.com/user/ur203277530/?ref_=tturv_usr_1_t,2025-06-02,1,3,"""reviewCount"":1,""ratingsCount"":3,""checkinCount"":0,""listCount"":0,""watchlistCount"":14,""favoritePeopleCount"":0,""badgesCount"":2,""interestCount"":0",2025-06-02T01:43:00Z
1,ur88809422,https://www.imdb.com/user/ur88809422/?ref_=tturv_usr_1_t,2018-06-03,1,271,"""reviewCount"":1,""ratingsCount"":271,""checkinCount"":0,""listCount"":0,""watchlistCount"":0,""favoritePeopleCount"":0,""badgesCount"":2,""interestCount"":0",2018-06-03T05:06:04Z
1,ur156112089,https://www.imdb.com/user/ur156112089/?ref_=tturv_usr_1_t,2022-08-24,1,0,"""reviewCount"":1,""ratingsCount"":0,""checkinCount"":0,""listCount"":0,""watchlistCount"":0,""favoritePeopleCount"":0,""badgesCount"":2,""interestCount"":0",2022-08-24T21:43:46Z
1,ur209628567,https://www.imdb.com/user/ur209628567/?ref_=tturv_usr_1_t,2025-09-29,1,20,"""reviewCount"":1,""ratingsCount"":20,""checkinCount"":0,""listCount"":0,""watchlistCount"":0,""favoritePeopleCount"":0,""badgesCount"":2,""interestCount"":0",2025-09-29T00:24:42Z
1,ur34247321,https://www.imdb.com/user/ur34247321/?ref_=tturv_usr_1_t,2012-06-08,6,0,"""reviewCount"":6,""ratingsCount"":0,""checkinCount"":0,""listCount"":0,""watchlistCount"":0,""favoritePeopleCount"":0,""badgesCount"":3,""interestCount"":0",2012-06-08T16:34:42Z
1,ur177093844,https://www.imdb.com/user/ur177093844/?ref_=tturv_usr_1_t,2024-02-07,1,0,"""reviewCount"":1,""ratingsCount"":0,""checkinCount"":0,""listCount"":0,""watchlistCount"":0,""favoritePeopleCount"":0,""badgesCount"":2,""interestCount"":0",2024-02-07T19:02:00Z
1,ur41362428,https://www.imdb.com/user/ur41362428/?ref_=tturv_usr_1_t,2013-02-28,4,0,"""reviewCount"":4,""ratingsCount"":0,""checkinCount"":0,""listCount"":0,""watchlistCount"":0,""favoritePeopleCount"":0,""badgesCount"":2,""interestCount"":0",2013-02-28T11:15:23Z
1,ur199809967,https://www.imdb.com/user/ur199809967/?ref_=tturv_usr_1_t,2025-04-12,1,5,"""reviewCount"":1,""ratingsCount"":5,""checkinCount"":0,""listCount"":0,""watchlistCount"":1,""favoritePeopleCount"":0,""badgesCount"":2,""interestCount"":0",2025-04-12T15:14:02Z
1,ur185573102,https://www.imdb.com/user/ur185573102/?ref_=tturv_usr_1_t,2024-07-25,1,17,"""reviewCount"":1,""ratingsCount"":17,""checkinCount"":0,""listCount"":0,""watchlistCount"":0,""favoritePeopleCount"":0,""badgesCount"":2,""interestCount"":0",2024-07-25T17:05:05Z
1,ur192211346,https://www.imdb.com/user/ur192211346/?ref_=tturv_usr_1_t,2024-11-26,11,38,"""reviewCount"":11,""ratingsCount"":38,""checkinCount"":0,""listCount"":0,""watchlistCount"":21,""favoritePeopleCount"":0,""badgesCount"":2,""interestCount"":0",2024-11-26T19:41:04Z
1,ur83239210,https://www.imdb.com/user/ur83239210/?ref_=tturv_usr_1_t,2017-12-13,22,0,"""reviewCount"":22,""ratingsCount"":0,""checkinCount"":0,""listCount"":0,""watchlistCount"":0,""favoritePeopleCount"":0,""badgesCount"":2,""interestCount"":0",2017-12-13T20:10:37Z
1,ur156923652,https://www.imdb.com/user/ur156923652/?ref_=tturv_usr_1_t,2022-09-19,1,0,"""reviewCount"":1,""ratingsCount"":0,""checkinCount"":0,""listCount"":0,""watchlistCount"":0,""favoritePeopleCount"":0,""badgesCount"":2,""interestCount"":0",2022-09-19T15:06:35Z
1,ur8109197,https://www.imdb.com/user/ur8109197/?ref_=tturv_usr_1_t,2005-11-23,8,0,"""reviewCount"":8,""ratingsCount"":0,""checkinCount"":0,""listCount"":0,""watchlistCount"":0,""favoritePeopleCount"":0,""badgesCount"":3,""interestCount"":0",2005-11-23T16:46:29Z
1,ur212067240,https://www.imdb.com/user/ur212067240/?ref_=tturv_usr_1_t,2025-12-30,1,1,"""reviewCount"":1,""ratingsCount"":1,""checkinCount"":0,""listCount"":0,""watchlistCount"":0,""favoritePeopleCount"":0,""badgesCount"":2,""interestCount"":0",2025-12-30T16:06:17Z
1,ur212064403,https://www.imdb.com/user/ur212064403/?ref_=tturv_usr_1_t,2025-12-30,1,1,"""reviewCount"":1,""ratingsCount"":1,""checkinCount"":0,""listCount"":0,""watchlistCount"":0,""favoritePeopleCount"":0,""badgesCount"":2,""interestCount"":0",2025-12-30T14:53:23Z
1,ur212059699,https://www.imdb.com/user/ur212059699/?ref_=tturv_usr_1_t,2025-12-30,1,2,"""reviewCount"":1,""ratingsCount"":2,""checkinCount"":0,""listCount"":0,""watchlistCount"":0,""favoritePeopleCount"":0,""badgesCount"":2,""interestCount"":0",2025-12-30T08:53:20Z
1,ur80977172,https://www.imdb.com/user/ur80977172/?ref_=tturv_usr_1_t,2017-10-03,1,0,"""reviewCount"":1,""ratingsCount"":0,""checkinCount"":0,""listCount"":0,""watchlistCount"":0,""favoritePeopleCount"":0,""badgesCount"":2,""interestCount"":0",2017-10-03T03:14:58Z
1,ur43934139,https://www.imdb.com/user/ur43934139/?ref_=tturv_usr_1_t,2013-06-02,1,0,"""reviewCount"":1,""ratingsCount"":0,""checkinCount"":0,""listCount"":0,""watchlistCount"":0,""favoritePeopleCount"":0,""badgesCount"":2,""interestCount"":0",2013-06-02T02:27:36Z
1,ur212060726,https://www.imdb.com/user/ur212060726/?ref_=tturv_usr_1_t,2025-12-30,2,3,"""reviewCount"":2,""ratingsCount"":3,""checkinCount"":0,""listCount"":0,""watchlistCount"":0,""favoritePeopleCount"":0,""badgesCount"":2,""interestCount"":0",2025-12-30T11:21:28Z
1,ur212062309,https://www.imdb.com/user/ur212062309/?ref_=tturv_usr_1_t,2025-12-30,1,7,"""reviewCount"":1,""ratingsCount"":7,""checkinCount"":0,""listCount"":0,""watchlistCount"":0,""favoritePeopleCount"":0,""badgesCount"":2,""interestCount"":0",2025-12-30T11:47:25Z
1,ur183330826,https://www.imdb.com/user/ur183330826/?ref_=tturv_usr_1_t,2024-06-16,1,2,"""reviewCount"":1,""ratingsCount"":2,""checkinCount"":0,""listCount"":0,""watchlistCount"":0,""favoritePeopleCount"":0,""badgesCount"":2,""interestCount"":0",2024-06-16T02:38:56Z
1,ur90923950,https://www.imdb.com/user/ur90923950/?ref_=tturv_usr_1_t,2018-08-06,3,0,"""reviewCount"":3,""ratingsCount"":0,""checkinCount"":0,""listCount"":0,""watchlistCount"":0,""favoritePeopleCount"":0,""badgesCount"":2,""interestCount"":0",2018-08-06T13:22:33Z
1,ur78113956,https://www.imdb.com/user/ur78113956/?ref_=tturv_usr_1_t,2017-07-07,1,0,"""reviewCount"":1,""ratingsCount"":0,""checkinCount"":0,""listCount"":0,""watchlistCount"":0,""favoritePeopleCount"":0,""badgesCount"":2,""interestCount"":0",2017-07-07T18:04:43Z
1,ur92525333,https://www.imdb.com/user/ur92525333/?ref_=tturv_usr_1_t,2018-09-14,1,0,"""reviewCount"":1,""ratingsCount"":0,""checkinCount"":0,""listCount"":0,""watchlistCount"":1,""favoritePeopleCount"":0,""badgesCount"":2,""interestCount"":0",2018-09-14T13:13:56Z
1,ur206523223,https://www.imdb.com/user/ur206523223/?ref_=tturv_usr_1_t,2025-08-04,2,2,"""reviewCount"":2,""ratingsCount"":2,""checkinCount"":0,""listCount"":0,""watchlistCount"":0,""favoritePeopleCount"":0,""badgesCount"":2,""interestCount"":0",2025-08-04T20:02:03Z
1,ur152136200,https://www.imdb.com/user/ur152136200/?ref_=tturv_usr_1_t,2022-04-18,2,0,"""reviewCount"":2,""ratingsCount"":0,""checkinCount"":1,""listCount"":1,""watchlistCount"":1,""favoritePeopleCount"":0,""badgesCount"":2,""interestCount"":0",2022-04-18T07:21:45Z
1,ur212061472,https://www.imdb.com/user/ur212061472/?ref_=tturv_usr_1_t,2025-12-30,1,2,"""reviewCount"":1,""ratingsCount"":2,""checkinCount"":0,""listCount"":0,""watchlistCount"":0,""favoritePeopleCount"":0,""badgesCount"":2,""interestCount"":0",2025-12-30T11:42:41Z
1,ur212059546,https://www.imdb.com/user/ur212059546/?ref_=tturv_usr_1_t,2025-12-30,1,2,"""reviewCount"":1,""ratingsCount"":2,""checkinCount"":0,""listCount"":0,""watchlistCount"":0,""favoritePeopleCount"":0,""badgesCount"":2,""interestCount"":0",2025-12-30T11:22:35Z
1,ur212060506,https://www.imdb.com/user/ur212060506/?ref_=tturv_usr_1_t,2025-12-30,1,3,"""reviewCount"":1,""ratingsCount"":3,""checkinCount"":0,""listCount"":0,""watchlistCount"":0,""favoritePeopleCount"":0,""badgesCount"":2,""interestCount"":0",2025-12-30T11:12:01Z
1,ur52177039,https://www.imdb.com/user/ur52177039/?ref_=tturv_usr_1_t,2014-04-19,2,0,"""reviewCount"":2,""ratingsCount"":0,""checkinCount"":0,""listCount"":0,""watchlistCount"":0,""favoritePeopleCount"":0,""badgesCount"":2,""interestCount"":0",2014-04-19T19:54:04Z
1,ur212060476,https://www.imdb.com/user/ur212060476/?ref_=tturv_usr_1_t,2025-12-30,1,1,"""reviewCount"":1,""ratingsCount"":1,""checkinCount"":0,""listCount"":0,""watchlistCount"":0,""favoritePeopleCount"":0,""badgesCount"":2,""interestCount"":0",2025-12-30T10:27:18Z
1,ur87706510,https://www.imdb.com/user/ur87706510/?ref_=tturv_usr_1_t,2018-04-25,2,0,"""reviewCount"":2,""ratingsCount"":0,""checkinCount"":0,""listCount"":0,""watchlistCount"":0,""favoritePeopleCount"":0,""badgesCount"":2,""interestCount"":0",2018-04-25T09:32:49Z
1,ur20069486,https://www.imdb.com/user/ur20069486/?ref_=tturv_usr_1_t,2008-10-27,1,0,"""reviewCount"":1,""ratingsCount"":0,""checkinCount"":0,""listCount"":0,""watchlistCount"":0,""favoritePeopleCount"":0,""badgesCount"":2,""interestCount"":0",2008-10-27T23:38:40Z
1,ur212060363,https://www.imdb.com/user/ur212060363/?ref_=tturv_usr_1_t,2025-12-30,1,2,"""reviewCount"":1,""ratingsCount"":2,""checkinCount"":0,""listCount"":0,""watchlistCount"":0,""favoritePeopleCount"":0,""badgesCount"":2,""interestCount"":0",2025-12-30T09:51:31Z
1,ur212044246,https://www.imdb.com/user/ur212044246/?ref_=tturv_usr_1_t,2025-12-29,1,2,"""reviewCount"":1,""ratingsCount"":2,""checkinCount"":0,""listCount"":0,""watchlistCount"":0,""favoritePeopleCount"":0,""badgesCount"":2,""interestCount"":0",2025-12-29T21:18:34Z
1,ur186232572,https://www.imdb.com/user/ur186232572/?ref_=tturv_usr_1_t,2024-08-07,1,5,"""reviewCount"":1,""ratingsCount"":5,""checkinCount"":0,""listCount"":0,""watchlistCount"":4,""favoritePeopleCount"":0,""badgesCount"":2,""interestCount"":0",2024-08-07T07:35:24Z
1,ur23456089,https://www.imdb.com/user/ur23456089/?ref_=tturv_usr_1_t,2010-06-28,5,1321,"""reviewCount"":5,""ratingsCount"":1321,""checkinCount"":0,""listCount"":1,""watchlistCount"":1331,""favoritePeopleCount"":0,""badgesCount"":3,""interestCount"":0",2010-06-28T05:06:27Z
1,ur118965747,https://www.imdb.com/user/ur118965747/?ref_=tturv_usr_1_t,2020-05-26,3,0,"""reviewCount"":3,""ratingsCount"":0,""checkinCount"":0,""listCount"":0,""watchlistCount"":0,""favoritePeopleCount"":0,""badgesCount"":2,""interestCount"":0",2020-05-26T11:02:50Z
1,ur212059619,https://www.imdb.com/user/ur212059619/?ref_=tturv_usr_1_t,2025-12-30,2,3,"""reviewCount"":2,""ratingsCount"":3,""checkinCount"":0,""listCount"":0,""watchlistCount"":0,""favoritePeopleCount"":0,""badgesCount"":2,""interestCount"":0",2025-12-30T08:41:21Z
1,ur212057196,https://www.imdb.com/user/ur212057196/?ref_=tturv_usr_1_t,2025-12-30,1,1,"""reviewCount"":1,""ratingsCount"":1,""checkinCount"":0,""listCount"":0,""watchlistCount"":0,""favoritePeopleCount"":0,""badgesCount"":2,""interestCount"":0",2025-12-30T08:09:11Z
1,ur212056696,https://www.imdb.com/user/ur212056696/?ref_=tturv_usr_1_t,2025-12-30,1,1,"""reviewCount"":1,""ratingsCount"":1,""checkinCount"":0,""listCount"":0,""watchlistCount"":0,""favoritePeopleCount"":0,""badgesCount"":2,""interestCount"":0",2025-12-30T07:29:15Z
1,ur69765004,https://www.imdb.com/user/ur69765004/?ref_=tturv_usr_1_t,2016-11-16,18,0,"""reviewCount"":18,""ratingsCount"":0,""checkinCount"":0,""listCount"":0,""watchlistCount"":0,""favoritePeopleCount"":0,""badgesCount"":2,""interestCount"":0",2016-11-16T19:17:38Z
1,ur199217847,https://www.imdb.com/user/ur199217847/?ref_=tturv_usr_1_t,2025-04-01,1,37,"""reviewCount"":1,""ratingsCount"":37,""checkinCount"":0,""listCount"":0,""watchlistCount"":7,""favoritePeopleCount"":0,""badgesCount"":2,""interestCount"":0",2025-04-01T20:38:23Z
1,ur212058242,https://www.imdb.com/user/ur212058242/?ref_=tturv_usr_1_t,2025-12-30,1,1,"""reviewCount"":1,""ratingsCount"":1,""checkinCount"":0,""listCount"":0,""watchlistCount"":0,""favoritePeopleCount"":0,""badgesCount"":2,""interestCount"":0",2025-12-30T07:18:35Z
1,ur198708073,https://www.imdb.com/user/ur198708073/?ref_=tturv_usr_1_t,2025-03-24,3,4,"""reviewCount"":3,""ratingsCount"":4,""checkinCount"":0,""listCount"":0,""watchlistCount"":0,""favoritePeopleCount"":0,""badgesCount"":2,""interestCount"":0",2025-03-24T12:15:04Z
1,ur84008297,https://www.imdb.com/user/ur84008297/?ref_=tturv_usr_1_t,2018-01-04,1,0,"""reviewCount"":1,""ratingsCount"":0,""checkinCount"":0,""listCount"":0,""watchlistCount"":0,""favoritePeopleCount"":0,""badgesCount"":2,""interestCount"":0",2018-01-04T06:25:55Z
1,ur191078257,https://www.imdb.com/user/ur191078257/?ref_=tturv_usr_1_t,2024-11-05,1,13,"""reviewCount"":1,""ratingsCount"":13,""checkinCount"":0,""listCount"":0,""watchlistCount"":0,""favoritePeopleCount"":0,""badgesCount"":2,""interestCount"":0",2024-11-05T07:14:24Z
1,ur201274774,https://www.imdb.com/user/ur201274774/?ref_=tturv_usr_1_t,2025-05-12,2,6,"""reviewCount"":2,""ratingsCount"":6,""checkinCount"":0,""listCount"":0,""watchlistCount"":1,""favoritePeopleCount"":0,""badgesCount"":2,""interestCount"":0",2025-05-12T02:33:55Z
1,ur9374053,https://www.imdb.com/user/ur9374053/?ref_=tturv_usr_1_t,2006-02-16,1,0,"""reviewCount"":1,""ratingsCount"":0,""checkinCount"":0,""listCount"":0,""watchlistCount"":0,""favoritePeopleCount"":0,""badgesCount"":2,""interestCount"":0",2006-02-16T03:18:29Z
1,ur212054275,https://www.imdb.com/user/ur212054275/?ref_=tturv_usr_1_t,2025-12-30,1,1,"""reviewCount"":1,""ratingsCount"":1,""checkinCount"":0,""listCount"":0,""watchlistCount"":0,""favoritePeopleCount"":0,""badgesCount"":2,""interestCount"":0",2025-12-30T04:54:37Z
1,ur140297525,https://www.imdb.com/user/ur140297525/?ref_=tturv_usr_1_t,2021-10-16,3,0,"""reviewCount"":3,""ratingsCount"":0,""checkinCount"":0,""listCount"":0,""watchlistCount"":0,""favoritePeopleCount"":0,""badgesCount"":2,""interestCount"":0",2021-10-16T04:38:39Z
1,ur128327050,https://www.imdb.com/user/ur128327050/?ref_=tturv_usr_1_t,2021-01-15,5,0,"""reviewCount"":5,""ratingsCount"":0,""checkinCount"":0,""listCount"":0,""watchlistCount"":0,""favoritePeopleCount"":0,""badgesCount"":2,""interestCount"":0",2021-01-15T02:08:33Z
1,ur161873176,https://www.imdb.com/user/ur161873176/?ref_=tturv_usr_1_t,2023-02-02,1,0,"""reviewCount"":1,""ratingsCount"":0,""checkinCount"":0,""listCount"":0,""watchlistCount"":0,""favoritePeopleCount"":0,""badgesCount"":2,""interestCount"":0",2023-02-02T01:27:48Z
1,ur40734357,https://www.imdb.com/user/ur40734357/?ref_=tturv_usr_1_t,2013-02-08,102,4766,"""reviewCount"":102,""ratingsCount"":4766,""checkinCount"":0,""listCount"":0,""watchlistCount"":0,""favoritePeopleCount"":0,""badgesCount"":4,""interestCount"":0",2013-02-08T01:19:26Z
1,ur99798137,https://www.imdb.com/user/ur99798137/?ref_=tturv_usr_1_t,2019-02-27,1,0,"""reviewCount"":1,""ratingsCount"":0,""checkinCount"":0,""listCount"":0,""watchlistCount"":0,""favoritePeopleCount"":0,""badgesCount"":2,""interestCount"":0",2019-02-27T15:54:33Z
1,ur212054692,https://www.imdb.com/user/ur212054692/?ref_=tturv_usr_1_t,2025-12-30,1,1,"""reviewCount"":1,""ratingsCount"":1,""checkinCount"":0,""listCount"":0,""watchlistCount"":0,""favoritePeopleCount"":0,""badgesCount"":2,""interestCount"":0",2025-12-30T03:51:54Z
1,ur212054270,https://www.imdb.com/user/ur212054270/?ref_=tturv_usr_1_t,2025-12-30,1,2,"""reviewCount"":1,""ratingsCount"":2,""checkinCount"":0,""listCount"":0,""watchlistCount"":0,""favoritePeopleCount"":0,""badgesCount"":2,""interestCount"":0",2025-12-30T03:29:19Z
1,ur211966206,https://www.imdb.com/user/ur211966206/?ref_=tturv_usr_1_t,2025-12-27,1,1,"""reviewCount"":1,""ratingsCount"":1,""checkinCount"":0,""listCount"":0,""watchlistCount"":0,""favoritePeopleCount"":0,""badgesCount"":2,""interestCount"":0",2025-12-27T18:06:01Z
1,ur203118464,https://www.imdb.com/user/ur203118464/?ref_=tturv_usr_1_t,2025-05-29,4,34,"""reviewCount"":4,""ratingsCount"":34,""checkinCount"":0,""listCount"":0,""watchlistCount"":13,""favoritePeopleCount"":0,""badgesCount"":2,""interestCount"":0",2025-05-29T13:38:51Z
1,ur212050076,https://www.imdb.com/user/ur212050076/?ref_=tturv_usr_1_t,2025-12-30,1,2,"""reviewCount"":1,""ratingsCount"":2,""checkinCount"":0,""listCount"":0,""watchlistCount"":0,""favoritePeopleCount"":0,""badgesCount"":2,""interestCount"":0",2025-12-30T01:20:53Z
1,ur212050384,https://www.imdb.com/user/ur212050384/?ref_=tturv_usr_1_t,2025-12-30,1,1,"""reviewCount"":1,""ratingsCount"":1,""checkinCount"":0,""listCount"":0,""watchlistCount"":0,""favoritePeopleCount"":0,""badgesCount"":2,""interestCount"":0",2025-12-30T01:28:09Z
1,ur201341312,https://www.imdb.com/user/ur201341312/?ref_=tturv_usr_1_t,2025-05-13,12,801,"""reviewCount"":12,""ratingsCount"":801,""checkinCount"":0,""listCount"":3,""watchlistCount"":140,""favoritePeopleCount"":0,""badgesCount"":2,""interestCount"":0",2025-05-13T13:47:36Z
1,ur212052069,https://www.imdb.com/user/ur212052069/?ref_=tturv_usr_1_t,2025-12-30,1,1,"""reviewCount"":1,""ratingsCount"":1,""checkinCount"":0,""listCount"":0,""watchlistCount"":0,""favoritePeopleCount"":0,""badgesCount"":2,""interestCount"":0",2025-12-30T01:23:37Z
1,ur63851795,https://www.imdb.com/user/ur63851795/?ref_=tturv_usr_1_t,2015-11-17,2,0,"""reviewCount"":2,""ratingsCount"":0,""checkinCount"":0,""listCount"":0,""watchlistCount"":0,""favoritePeopleCount"":0,""badgesCount"":2,""interestCount"":0",2015-11-17T16:37:59Z
1,ur134222125,https://www.imdb.com/user/ur134222125/?ref_=tturv_usr_1_t,2021-07-03,2,0,"""reviewCount"":2,""ratingsCount"":0,""checkinCount"":0,""listCount"":0,""watchlistCount"":0,""favoritePeopleCount"":0,""badgesCount"":2,""interestCount"":0",2021-07-03T03:09:23Z
1,ur212051112,https://www.imdb.com/user/ur212051112/?ref_=tturv_usr_1_t,2025-12-30,1,1,"""reviewCount"":1,""ratingsCount"":1,""checkinCount"":0,""listCount"":0,""watchlistCount"":0,""favoritePeopleCount"":0,""badgesCount"":2,""interestCount"":0",2025-12-30T00:45:49Z
1,ur156386698,https://www.imdb.com/user/ur156386698/?ref_=tturv_usr_1_t,2022-09-02,1,0,"""reviewCount"":1,""ratingsCount"":0,""checkinCount"":0,""listCount"":0,""watchlistCount"":0,""favoritePeopleCount"":0,""badgesCount"":2,""interestCount"":0",2022-09-02T11:33:29Z
1,ur212049593,https://www.imdb.com/user/ur212049593/?ref_=tturv_usr_1_t,2025-12-30,1,2,"""reviewCount"":1,""ratingsCount"":2,""checkinCount"":0,""listCount"":0,""watchlistCount"":0,""favoritePeopleCount"":0,""badgesCount"":2,""interestCount"":0",2025-12-30T00:16:41Z
1,ur212049883,https://www.imdb.com/user/ur212049883/?ref_=tturv_usr_1_t,2025-12-29,1,1,"""reviewCount"":1,""ratingsCount"":1,""checkinCount"":0,""listCount"":0,""watchlistCount"":0,""favoritePeopleCount"":0,""badgesCount"":2,""interestCount"":0",2025-12-29T23:53:24Z
1,ur211369249,https://www.imdb.com/user/ur211369249/?ref_=tturv_usr_1_t,2025-11-26,1,5,"""reviewCount"":1,""ratingsCount"":5,""checkinCount"":0,""listCount"":0,""watchlistCount"":1,""favoritePeopleCount"":0,""badgesCount"":2,""interestCount"":0",2025-11-26T19:33:02Z
1,ur188764061,https://www.imdb.com/user/ur188764061/?ref_=tturv_usr_1_t,2024-09-23,1,4,"""reviewCount"":1,""ratingsCount"":4,""checkinCount"":0,""listCount"":0,""watchlistCount"":0,""favoritePeopleCount"":0,""badgesCount"":2,""interestCount"":0",2024-09-23T02:45:54Z
1,ur2279884,https://www.imdb.com/user/ur2279884/?ref_=tturv_usr_1_t,2003-03-08,1,0,"""reviewCount"":1,""ratingsCount"":0,""checkinCount"":0,""listCount"":0,""watchlistCount"":0,""favoritePeopleCount"":0,""badgesCount"":2,""interestCount"":0",2003-03-08T03:14:36Z
1,ur107524454,https://www.imdb.com/user/ur107524454/?ref_=tturv_usr_1_t,2019-09-08,1,0,"""reviewCount"":1,""ratingsCount"":0,""checkinCount"":0,""listCount"":0,""watchlistCount"":0,""favoritePeopleCount"":0,""badgesCount"":2,""interestCount"":0",2019-09-08T19:03:28Z
1,ur155358207,https://www.imdb.com/user/ur155358207/?ref_=tturv_usr_1_t,2022-08-05,1,0,"""reviewCount"":1,""ratingsCount"":0,""checkinCount"":0,""listCount"":0,""watchlistCount"":22,""favoritePeopleCount"":0,""badgesCount"":2,""interestCount"":0",2022-08-05T06:12:45Z
1,ur28413547,https://www.imdb.com/user/ur28413547/?ref_=tturv_usr_1_t,2011-10-03,1,0,"""reviewCount"":1,""ratingsCount"":0,""checkinCount"":0,""listCount"":0,""watchlistCount"":0,""favoritePeopleCount"":0,""badgesCount"":2,""interestCount"":0",2011-10-03T12:41:39Z
1,ur170021412,https://www.imdb.com/user/ur170021412/?ref_=tturv_usr_1_t,2023-09-02,1,0,"""reviewCount"":1,""ratingsCount"":0,""checkinCount"":0,""listCount"":0,""watchlistCount"":1,""favoritePeopleCount"":0,""badgesCount"":2,""interestCount"":0",2023-09-02T18:50:19Z
1,ur212047038,https://www.imdb.com/user/ur212047038/?ref_=tturv_usr_1_t,2025-12-29,1,1,"""reviewCount"":1,""ratingsCount"":1,""checkinCount"":0,""listCount"":0,""watchlistCount"":0,""favoritePeopleCount"":0,""badgesCount"":2,""interestCount"":0",2025-12-29T21:37:53Z
1,ur23904772,https://www.imdb.com/user/ur23904772/?ref_=tturv_usr_1_t,2010-09-18,8,0,"""reviewCount"":8,""ratingsCount"":0,""checkinCount"":0,""listCount"":0,""watchlistCount"":0,""favoritePeopleCount"":0,""badgesCount"":2,""interestCount"":0",2010-09-18T03:57:54Z
1,ur212045384,https://www.imdb.com/user/ur212045384/?ref_=tturv_usr_1_t,2025-12-29,1,1,"""reviewCount"":1,""ratingsCount"":1,""checkinCount"":0,""listCount"":0,""watchlistCount"":0,""favoritePeopleCount"":0,""badgesCount"":2,""interestCount"":0",2025-12-29T21:30:33Z
1,ur181355031,https://www.imdb.com/user/ur181355031/?ref_=tturv_usr_1_t,2024-05-09,1,2,"""reviewCount"":1,""ratingsCount"":2,""checkinCount"":0,""listCount"":0,""watchlistCount"":0,""favoritePeopleCount"":0,""badgesCount"":2,""interestCount"":0",2024-05-09T16:05:46Z
1,ur212031565,https://www.imdb.com/user/ur212031565/?ref_=tturv_usr_1_t,2025-12-29,1,3,"""reviewCount"":1,""ratingsCount"":3,""checkinCount"":0,""listCount"":0,""watchlistCount"":0,""favoritePeopleCount"":0,""badgesCount"":2,""interestCount"":0",2025-12-29T14:57:44Z
1,ur90740255,https://www.imdb.com/user/ur90740255/?ref_=tturv_usr_1_t,2018-08-01,2,0,"""reviewCount"":2,""ratingsCount"":0,""checkinCount"":0,""listCount"":0,""watchlistCount"":0,""favoritePeopleCount"":0,""badgesCount"":2,""interestCount"":0",2018-08-01T08:46:26Z
1,ur156741703,https://www.imdb.com/user/ur156741703/?ref_=tturv_usr_1_t,2022-09-13,1,0,"""reviewCount"":1,""ratingsCount"":0,""checkinCount"":0,""listCount"":0,""watchlistCount"":0,""favoritePeopleCount"":0,""badgesCount"":2,""interestCount"":0",2022-09-13T16:14:39Z
1,ur212043832,https://www.imdb.com/user/ur212043832/?ref_=tturv_usr_1_t,2025-12-29,1,2,"""reviewCount"":1,""ratingsCount"":2,""checkinCount"":0,""listCount"":0,""watchlistCount"":0,""favoritePeopleCount"":0,""badgesCount"":2,""interestCount"":0",2025-12-29T20:27:38Z
1,ur75444982,https://www.imdb.com/user/ur75444982/?ref_=tturv_usr_1_t,2017-04-23,1,0,"""reviewCount"":1,""ratingsCount"":0,""checkinCount"":0,""listCount"":0,""watchlistCount"":0,""favoritePeopleCount"":0,""badgesCount"":4,""interestCount"":0",2017-04-23T08:37:21Z
1,ur79633566,https://www.imdb.com/user/ur79633566/?ref_=tturv_usr_1_t,2017-08-20,1,292,"""reviewCount"":1,""ratingsCount"":292,""checkinCount"":0,""listCount"":1,""watchlistCount"":0,""favoritePeopleCount"":0,""badgesCount"":2,""interestCount"":0",2017-08-20T18:57:26Z
1,ur96307186,https://www.imdb.com/user/ur96307186/?ref_=tturv_usr_1_t,2018-12-12,69,903,"""reviewCount"":69,""ratingsCount"":903,""checkinCount"":0,""listCount"":0,""watchlistCount"":0,""favoritePeopleCount"":0,""badgesCount"":8,""interestCount"":0",2018-12-12T20:54:39Z
1,ur212041228,https://www.imdb.com/user/ur212041228/?ref_=tturv_usr_1_t,2025-12-29,1,7,"""reviewCount"":1,""ratingsCount"":7,""checkinCount"":0,""listCount"":0,""watchlistCount"":0,""favoritePeopleCount"":0,""badgesCount"":2,""interestCount"":0",2025-12-29T19:03:11Z
1,ur212040139,https://www.imdb.com/user/ur212040139/?ref_=tturv_usr_1_t,2025-12-29,1,1,"""reviewCount"":1,""ratingsCount"":1,""checkinCount"":0,""listCount"":0,""watchlistCount"":0,""favoritePeopleCount"":0,""badgesCount"":2,""interestCount"":0",2025-12-29T18:35:54Z
1,ur212039571,https://www.imdb.com/user/ur212039571/?ref_=tturv_usr_1_t,2025-12-29,1,1,"""reviewCount"":1,""ratingsCount"":1,""checkinCount"":0,""listCount"":0,""watchlistCount"":0,""favoritePeopleCount"":0,""badgesCount"":2,""interestCount"":0",2025-12-29T18:33:00Z
1,ur130034642,https://www.imdb.com/user/ur130034642/?ref_=tturv_usr_1_t,2021-03-03,1,0,"""reviewCount"":1,""ratingsCount"":0,""checkinCount"":0,""listCount"":0,""watchlistCount"":0,""favoritePeopleCount"":0,""badgesCount"":2,""interestCount"":0",2021-03-03T13:18:03Z
1,ur92417128,https://www.imdb.com/user/ur92417128/?ref_=tturv_usr_1_t,2018-09-12,30,0,"""reviewCount"":30,""ratingsCount"":0,""checkinCount"":0,""listCount"":0,""watchlistCount"":0,""favoritePeopleCount"":0,""badgesCount"":2,""interestCount"":0",2018-09-12T03:37:56Z
1,ur198682241,https://www.imdb.com/user/ur198682241/?ref_=tturv_usr_1_t,2025-03-23,1,2,"""reviewCount"":1,""ratingsCount"":2,""checkinCount"":0,""listCount"":0,""watchlistCount"":1,""favoritePeopleCount"":0,""badgesCount"":2,""interestCount"":0",2025-03-23T23:38:57Z
1,ur212027873,https://www.imdb.com/user/ur212027873/?ref_=tturv_usr_1_t,2025-12-29,1,3,"""reviewCount"":1,""ratingsCount"":3,""checkinCount"":0,""listCount"":0,""watchlistCount"":1,""favoritePeopleCount"":0,""badgesCount"":2,""interestCount"":0",2025-12-29T12:05:14Z
1,ur212036773,https://www.imdb.com/user/ur212036773/?ref_=tturv_usr_1_t,2025-12-29,1,7,"""reviewCount"":1,""ratingsCount"":7,""checkinCount"":0,""listCount"":0,""watchlistCount"":0,""favoritePeopleCount"":0,""badgesCount"":2,""interestCount"":0",2025-12-29T17:34:32Z
1,ur212036683,https://www.imdb.com/user/ur212036683/?ref_=tturv_usr_1_t,2025-12-29,1,2,"""reviewCount"":1,""ratingsCount"":2,""checkinCount"":0,""listCount"":0,""watchlistCount"":12,""favoritePeopleCount"":0,""badgesCount"":2,""interestCount"":0",2025-12-29T17:22:54Z
1,ur212036544,https://www.imdb.com/user/ur212036544/?ref_=tturv_usr_1_t,2025-12-29,1,1,"""reviewCount"":1,""ratingsCount"":1,""checkinCount"":0,""listCount"":0,""watchlistCount"":0,""favoritePeopleCount"":0,""badgesCount"":2,""interestCount"":0",2025-12-29T17:30:07Z
1,ur122915413,https://www.imdb.com/user/ur122915413/?ref_=tturv_usr_1_t,2020-08-09,1,0,"""reviewCount"":1,""ratingsCount"":0,""checkinCount"":0,""listCount"":0,""watchlistCount"":0,""favoritePeopleCount"":0,""badgesCount"":2,""interestCount"":0",2020-08-09T07:56:55Z
1,ur194683879,https://www.imdb.com/user/ur194683879/?ref_=tturv_usr_1_t,2025-01-06,1,21,"""reviewCount"":1,""ratingsCount"":21,""checkinCount"":0,""listCount"":0,""watchlistCount"":0,""favoritePeopleCount"":0,""badgesCount"":2,""interestCount"":0",2025-01-06T16:21:29Z
1,ur176452754,https://www.imdb.com/user/ur176452754/?ref_=tturv_usr_1_t,2024-01-25,1,66,"""reviewCount"":1,""ratingsCount"":66,""checkinCount"":0,""listCount"":0,""watchlistCount"":0,""favoritePeopleCount"":0,""badgesCount"":2,""interestCount"":0",2024-01-25T10:20:41Z
1,ur212002478,https://www.imdb.com/user/ur212002478/?ref_=tturv_usr_1_t,2025-12-28,1,0,"""reviewCount"":1,""ratingsCount"":0,""checkinCount"":0,""listCount"":0,""watchlistCount"":0,""favoritePeopleCount"":0,""badgesCount"":2,""interestCount"":0",2025-12-28T19:01:25Z
1,ur206727388,https://www.imdb.com/user/ur206727388/?ref_=tturv_usr_1_t,2025-08-08,1,1,"""reviewCount"":1,""ratingsCount"":1,""checkinCount"":0,""listCount"":0,""watchlistCount"":0,""favoritePeopleCount"":0,""badgesCount"":2,""interestCount"":0",2025-08-08T22:16:17Z
1,ur201688927,https://www.imdb.com/user/ur201688927/?ref_=tturv_usr_1_t,2025-05-20,1,5,"""reviewCount"":1,""ratingsCount"":5,""checkinCount"":0,""listCount"":0,""watchlistCount"":0,""favoritePeopleCount"":0,""badgesCount"":2,""interestCount"":0",2025-05-20T16:56:33Z
1,ur179197587,https://www.imdb.com/user/ur179197587/?ref_=tturv_usr_1_t,2024-03-24,1,2,"""reviewCount"":1,""ratingsCount"":2,""checkinCount"":0,""listCount"":0,""watchlistCount"":0,""favoritePeopleCount"":0,""badgesCount"":2,""interestCount"":0",2024-03-24T01:27:32Z
1,ur210603426,https://www.imdb.com/user/ur210603426/?ref_=tturv_usr_1_t,2025-10-18,1,3,"""reviewCount"":1,""ratingsCount"":3,""checkinCount"":0,""listCount"":0,""watchlistCount"":1,""favoritePeopleCount"":0,""badgesCount"":2,""interestCount"":0",2025-10-18T14:45:13Z
1,ur212032352,https://www.imdb.com/user/ur212032352/?ref_=tturv_usr_1_t,2025-12-29,1,1,"""reviewCount"":1,""ratingsCount"":1,""checkinCount"":0,""listCount"":0,""watchlistCount"":0,""favoritePeopleCount"":0,""badgesCount"":2,""interestCount"":0",2025-12-29T15:07:37Z
1,ur161669803,https://www.imdb.com/user/ur161669803/?ref_=tturv_usr_1_t,2023-01-28,2,0,"""reviewCount"":2,""ratingsCount"":0,""checkinCount"":0,""listCount"":0,""watchlistCount"":0,""favoritePeopleCount"":0,""badgesCount"":2,""interestCount"":0",2023-01-28T13:32:51Z
1,ur208406536,https://www.imdb.com/user/ur208406536/?ref_=tturv_usr_1_t,2025-09-09,1,3,"""reviewCount"":1,""ratingsCount"":3,""checkinCount"":0,""listCount"":0,""watchlistCount"":0,""favoritePeopleCount"":0,""badgesCount"":2,""interestCount"":0",2025-09-09T13:07:54Z
1,ur211962404,https://www.imdb.com/user/ur211962404/?ref_=tturv_usr_1_t,2025-12-27,1,6,"""reviewCount"":1,""ratingsCount"":6,""checkinCount"":0,""listCount"":0,""watchlistCount"":0,""favoritePeopleCount"":0,""badgesCount"":2,""interestCount"":0",2025-12-27T15:06:53Z
1,ur212030623,https://www.imdb.com/user/ur212030623/?ref_=tturv_usr_1_t,2025-12-29,1,4,"""reviewCount"":1,""ratingsCount"":4,""checkinCount"":0,""listCount"":0,""watchlistCount"":0,""favoritePeopleCount"":0,""badgesCount"":2,""interestCount"":0",2025-12-29T14:21:40Z
1,ur135993652,https://www.imdb.com/user/ur135993652/?ref_=tturv_usr_1_t,2021-08-27,1,0,"""reviewCount"":1,""ratingsCount"":0,""checkinCount"":0,""listCount"":0,""watchlistCount"":0,""favoritePeopleCount"":0,""badgesCount"":2,""interestCount"":0",2021-08-27T14:36:23Z
1,ur82244998,https://www.imdb.com/user/ur82244998/?ref_=tturv_usr_1_t,2017-11-12,1,0,"""reviewCount"":1,""ratingsCount"":0,""checkinCount"":0,""listCount"":0,""watchlistCount"":0,""favoritePeopleCount"":0,""badgesCount"":2,""interestCount"":0",2017-11-12T03:26:29Z
1,ur165899931,https://www.imdb.com/user/ur165899931/?ref_=tturv_usr_1_t,2023-05-28,1,0,"""reviewCount"":1,""ratingsCount"":0,""checkinCount"":0,""listCount"":0,""watchlistCount"":0,""favoritePeopleCount"":0,""badgesCount"":2,""interestCount"":0",2023-05-28T00:13:16Z
1,ur160505054,https://www.imdb.com/user/ur160505054/?ref_=tturv_usr_1_t,2022-12-28,1,0,"""reviewCount"":1,""ratingsCount"":0,""checkinCount"":0,""listCount"":0,""watchlistCount"":0,""favoritePeopleCount"":0,""badgesCount"":2,""interestCount"":0",2022-12-28T14:44:49Z
1,ur4225336,https://www.imdb.com/user/ur4225336/?ref_=tturv_usr_1_t,2004-11-10,1,0,"""reviewCount"":1,""ratingsCount"":0,""checkinCount"":0,""listCount"":0,""watchlistCount"":0,""favoritePeopleCount"":0,""badgesCount"":2,""interestCount"":0",2004-11-10T20:23:30Z
1,ur154009727,https://www.imdb.com/user/ur154009727/?ref_=tturv_usr_1_t,2022-06-24,1,0,"""reviewCount"":1,""ratingsCount"":0,""checkinCount"":0,""listCount"":0,""watchlistCount"":0,""favoritePeopleCount"":0,""badgesCount"":2,""interestCount"":0",2022-06-24T12:03:31Z
1,ur212028310,https://www.imdb.com/user/ur212028310/?ref_=tturv_usr_1_t,2025-12-29,1,1,"""reviewCount"":1,""ratingsCount"":1,""checkinCount"":0,""listCount"":0,""watchlistCount"":0,""favoritePeopleCount"":0,""badgesCount"":2,""interestCount"":0",2025-12-29T12:13:03Z
1,ur80250817,https://www.imdb.com/user/ur80250817/?ref_=tturv_usr_1_t,2017-09-09,1,0,"""reviewCount"":1,""ratingsCount"":0,""checkinCount"":0,""listCount"":0,""watchlistCount"":0,""favoritePeopleCount"":0,""badgesCount"":2,""interestCount"":0",2017-09-09T15:46:22Z
1,ur141037465,https://www.imdb.com/user/ur141037465/?ref_=tturv_usr_1_t,2021-10-22,3,0,"""reviewCount"":3,""ratingsCount"":0,""checkinCount"":0,""listCount"":0,""watchlistCount"":0,""favoritePeopleCount"":0,""badgesCount"":2,""interestCount"":0",2021-10-22T14:33:12Z
1,ur147767956,https://www.imdb.com/user/ur147767956/?ref_=tturv_usr_1_t,2021-12-31,3,0,"""reviewCount"":3,""ratingsCount"":0,""checkinCount"":0,""listCount"":0,""watchlistCount"":0,""favoritePeopleCount"":0,""badgesCount"":2,""interestCount"":0",2021-12-31T13:07:29Z
1,ur212027940,https://www.imdb.com/user/ur212027940/?ref_=tturv_usr_1_t,2025-12-29,1,1,"""reviewCount"":1,""ratingsCount"":1,""checkinCount"":0,""listCount"":0,""watchlistCount"":0,""favoritePeopleCount"":0,""badgesCount"":2,""interestCount"":0",2025-12-29T11:53:22Z
1,ur112605464,https://www.imdb.com/user/ur112605464/?ref_=tturv_usr_1_t,2020-01-19,2,0,"""reviewCount"":2,""ratingsCount"":0,""checkinCount"":0,""listCount"":0,""watchlistCount"":0,""favoritePeopleCount"":0,""badgesCount"":2,""interestCount"":0",2020-01-19T10:26:24Z
1,ur212026449,https://www.imdb.com/user/ur212026449/?ref_=tturv_usr_1_t,2025-12-29,1,1,"""reviewCount"":1,""ratingsCount"":1,""checkinCount"":0,""listCount"":0,""watchlistCount"":0,""favoritePeopleCount"":0,""badgesCount"":2,""interestCount"":0",2025-12-29T10:31:29Z
1,ur193653308,https://www.imdb.com/user/ur193653308/?ref_=tturv_usr_1_t,2024-12-21,1,9,"""reviewCount"":1,""ratingsCount"":9,""checkinCount"":0,""listCount"":0,""watchlistCount"":0,""favoritePeopleCount"":0,""badgesCount"":2,""interestCount"":0",2024-12-21T17:02:02Z
1,ur129248918,https://www.imdb.com/user/ur129248918/?ref_=tturv_usr_1_t,2021-02-07,3,0,"""reviewCount"":3,""ratingsCount"":0,""checkinCount"":0,""listCount"":0,""watchlistCount"":0,""favoritePeopleCount"":0,""badgesCount"":2,""interestCount"":0",2021-02-07T20:50:04Z
1,ur198424868,https://www.imdb.com/user/ur198424868/?ref_=tturv_usr_1_t,2025-03-18,1,2,"""reviewCount"":1,""ratingsCount"":2,""checkinCount"":0,""listCount"":0,""watchlistCount"":0,""favoritePeopleCount"":0,""badgesCount"":2,""interestCount"":0",2025-03-18T11:56:15Z
1,ur136652323,https://www.imdb.com/user/ur136652323/?ref_=tturv_usr_1_t,2021-09-11,1,0,"""reviewCount"":1,""ratingsCount"":0,""checkinCount"":0,""listCount"":0,""watchlistCount"":0,""favoritePeopleCount"":0,""badgesCount"":2,""interestCount"":0",2021-09-11T09:42:58Z
1,ur207529974,https://www.imdb.com/user/ur207529974/?ref_=tturv_usr_1_t,2025-08-24,1,3,"""reviewCount"":1,""ratingsCount"":3,""checkinCount"":0,""listCount"":0,""watchlistCount"":0,""favoritePeopleCount"":0,""badgesCount"":2,""interestCount"":0",2025-08-24T11:33:54Z
1,ur211975690,https://www.imdb.com/user/ur211975690/?ref_=tturv_usr_1_t,2025-12-28,1,4,"""reviewCount"":1,""ratingsCount"":4,""checkinCount"":0,""listCount"":0,""watchlistCount"":0,""favoritePeopleCount"":0,""badgesCount"":2,""interestCount"":0",2025-12-28T00:22:44Z
1,ur128526580,https://www.imdb.com/user/ur128526580/?ref_=tturv_usr_1_t,2021-01-19,1,0,"""reviewCount"":1,""ratingsCount"":0,""checkinCount"":0,""listCount"":0,""watchlistCount"":0,""favoritePeopleCount"":0,""badgesCount"":2,""interestCount"":0",2021-01-19T07:36:10Z
1,ur211972905,https://www.imdb.com/user/ur211972905/?ref_=tturv_usr_1_t,2025-12-27,1,11,"""reviewCount"":1,""ratingsCount"":11,""checkinCount"":0,""listCount"":0,""watchlistCount"":0,""favoritePeopleCount"":0,""badgesCount"":2,""interestCount"":0",2025-12-27T23:31:44Z
1,ur125520335,https://www.imdb.com/user/ur125520335/?ref_=tturv_usr_1_t,2020-10-25,5,30,"""reviewCount"":5,""ratingsCount"":30,""checkinCount"":0,""listCount"":0,""watchlistCount"":0,""favoritePeopleCount"":0,""badgesCount"":2,""interestCount"":0",2020-10-25T15:00:35Z
1,ur211985853,https://www.imdb.com/user/ur211985853/?ref_=tturv_usr_1_t,2025-12-28,1,1,"""reviewCount"":1,""ratingsCount"":1,""checkinCount"":0,""listCount"":0,""watchlistCount"":0,""favoritePeopleCount"":0,""badgesCount"":2,""interestCount"":0",2025-12-28T09:55:16Z
1,ur211983008,https://www.imdb.com/user/ur211983008/?ref_=tturv_usr_1_t,2025-12-28,1,18,"""reviewCount"":1,""ratingsCount"":18,""checkinCount"":0,""listCount"":0,""watchlistCount"":0,""favoritePeopleCount"":0,""badgesCount"":2,""interestCount"":0",2025-12-28T06:25:25Z
1,ur212023180,https://www.imdb.com/user/ur212023180/?ref_=tturv_usr_1_t,2025-12-29,1,1,"""reviewCount"":1,""ratingsCount"":1,""checkinCount"":0,""listCount"":0,""watchlistCount"":0,""favoritePeopleCount"":0,""badgesCount"":2,""interestCount"":0",2025-12-29T07:50:57Z
1,ur212022744,https://www.imdb.com/user/ur212022744/?ref_=tturv_usr_1_t,2025-12-29,1,1,"""reviewCount"":1,""ratingsCount"":1,""checkinCount"":0,""listCount"":0,""watchlistCount"":0,""favoritePeopleCount"":0,""badgesCount"":2,""interestCount"":0",2025-12-29T07:44:51Z
1,ur153572421,https://www.imdb.com/user/ur153572421/?ref_=tturv_usr_1_t,2022-06-08,2,0,"""reviewCount"":2,""ratingsCount"":0,""checkinCount"":0,""listCount"":0,""watchlistCount"":0,""favoritePeopleCount"":0,""badgesCount"":2,""interestCount"":0",2022-06-08T22:58:06Z
1,ur63886990,https://www.imdb.com/user/ur63886990/?ref_=tturv_usr_1_t,2015-11-19,1,0,"""reviewCount"":1,""ratingsCount"":0,""checkinCount"":0,""listCount"":0,""watchlistCount"":0,""favoritePeopleCount"":0,""badgesCount"":2,""interestCount"":0",2015-11-19T19:42:04Z
1,ur212020557,https://www.imdb.com/user/ur212020557/?ref_=tturv_usr_1_t,2025-12-29,1,2,"""reviewCount"":1,""ratingsCount"":2,""checkinCount"":0,""listCount"":0,""watchlistCount"":0,""favoritePeopleCount"":0,""badgesCount"":2,""interestCount"":0",2025-12-29T07:22:22Z
1,ur62090048,https://www.imdb.com/user/ur62090048/?ref_=tturv_usr_1_t,2015-08-15,44,246,"""reviewCount"":44,""ratingsCount"":246,""checkinCount"":0,""listCount"":0,""watchlistCount"":0,""favoritePeopleCount"":0,""badgesCount"":2,""interestCount"":0",2015-08-15T06:12:43Z
1,ur212021975,https://www.imdb.com/user/ur212021975/?ref_=tturv_usr_1_t,2025-12-29,1,1,"""reviewCount"":1,""ratingsCount"":1,""checkinCount"":0,""listCount"":0,""watchlistCount"":0,""favoritePeopleCount"":0,""badgesCount"":2,""interestCount"":0",2025-12-29T07:16:05Z
1,ur210272637,https://www.imdb.com/user/ur210272637/?ref_=tturv_usr_1_t,2025-10-10,1,2,"""reviewCount"":1,""ratingsCount"":2,""checkinCount"":0,""listCount"":0,""watchlistCount"":0,""favoritePeopleCount"":0,""badgesCount"":2,""interestCount"":0",2025-10-10T02:55:11Z
1,ur70021305,https://www.imdb.com/user/ur70021305/?ref_=tturv_usr_1_t,2016-12-03,1,0,"""reviewCount"":1,""ratingsCount"":0,""checkinCount"":27,""listCount"":0,""watchlistCount"":0,""favoritePeopleCount"":0,""badgesCount"":7,""interestCount"":0",2016-12-03T15:32:28Z
1,ur212021150,https://www.imdb.com/user/ur212021150/?ref_=tturv_usr_1_t,2025-12-29,1,1,"""reviewCount"":1,""ratingsCount"":1,""checkinCount"":0,""listCount"":0,""watchlistCount"":0,""favoritePeopleCount"":0,""badgesCount"":2,""interestCount"":0",2025-12-29T06:27:44Z
1,ur212019765,https://www.imdb.com/user/ur212019765/?ref_=tturv_usr_1_t,2025-12-29,1,1,"""reviewCount"":1,""ratingsCount"":1,""checkinCount"":0,""listCount"":0,""watchlistCount"":0,""favoritePeopleCount"":0,""badgesCount"":2,""interestCount"":0",2025-12-29T05:47:46Z
1,ur212019840,https://www.imdb.com/user/ur212019840/?ref_=tturv_usr_1_t,2025-12-29,1,2,"""reviewCount"":1,""ratingsCount"":2,""checkinCount"":0,""listCount"":0,""watchlistCount"":0,""favoritePeopleCount"":0,""badgesCount"":2,""interestCount"":0",2025-12-29T05:35:49Z
1,ur22103433,https://www.imdb.com/user/ur22103433/?ref_=tturv_usr_1_t,2009-09-14,1,0,"""reviewCount"":1,""ratingsCount"":0,""checkinCount"":0,""listCount"":0,""watchlistCount"":0,""favoritePeopleCount"":0,""badgesCount"":3,""interestCount"":0",2009-09-14T15:31:43Z
1,ur183692297,https://www.imdb.com/user/ur183692297/?ref_=tturv_usr_1_t,2024-06-21,1,16,"""reviewCount"":1,""ratingsCount"":16,""checkinCount"":0,""listCount"":0,""watchlistCount"":3,""favoritePeopleCount"":0,""badgesCount"":2,""interestCount"":0",2024-06-21T22:59:49Z
1,ur212019290,https://www.imdb.com/user/ur212019290/?ref_=tturv_usr_1_t,2025-12-29,2,43,"""reviewCount"":2,""ratingsCount"":43,""checkinCount"":0,""listCount"":0,""watchlistCount"":1,""favoritePeopleCount"":0,""badgesCount"":2,""interestCount"":0",2025-12-29T05:03:38Z
1,ur212020038,https://www.imdb.com/user/ur212020038/?ref_=tturv_usr_1_t,2025-12-29,1,1,"""reviewCount"":1,""ratingsCount"":1,""checkinCount"":0,""listCount"":0,""watchlistCount"":0,""favoritePeopleCount"":0,""badgesCount"":2,""interestCount"":0",2025-12-29T05:18:13Z
1,ur160293566,https://www.imdb.com/user/ur160293566/?ref_=tturv_usr_1_t,2022-12-23,1,0,"""reviewCount"":1,""ratingsCount"":0,""checkinCount"":0,""listCount"":0,""watchlistCount"":0,""favoritePeopleCount"":0,""badgesCount"":4,""interestCount"":0",2022-12-23T05:55:51Z
1,ur174724156,https://www.imdb.com/user/ur174724156/?ref_=tturv_usr_1_t,2023-12-24,2,0,"""reviewCount"":2,""ratingsCount"":0,""checkinCount"":0,""listCount"":0,""watchlistCount"":1,""favoritePeopleCount"":0,""badgesCount"":2,""interestCount"":0",2023-12-24T22:16:18Z
1,ur143438879,https://www.imdb.com/user/ur143438879/?ref_=tturv_usr_1_t,2021-11-15,1,0,"""reviewCount"":1,""ratingsCount"":0,""checkinCount"":0,""listCount"":0,""watchlistCount"":0,""favoritePeopleCount"":0,""badgesCount"":2,""interestCount"":0",2021-11-15T04:44:32Z
1,ur149947914,https://www.imdb.com/user/ur149947914/?ref_=tturv_usr_1_t,2022-02-15,1,0,"""reviewCount"":1,""ratingsCount"":0,""checkinCount"":0,""listCount"":0,""watchlistCount"":0,""favoritePeopleCount"":0,""badgesCount"":2,""interestCount"":0",2022-02-15T03:39:47Z
1,ur64132660,https://www.imdb.com/user/ur64132660/?ref_=tturv_usr_1_t,2015-12-04,18,658,"""reviewCount"":18,""ratingsCount"":658,""checkinCount"":0,""listCount"":0,""watchlistCount"":0,""favoritePeopleCount"":0,""badgesCount"":2,""interestCount"":0",2015-12-04T09:27:43Z
1,ur190592958,https://www.imdb.com/user/ur190592958/?ref_=tturv_usr_1_t,2024-10-26,1,2,"""reviewCount"":1,""ratingsCount"":2,""checkinCount"":0,""listCount"":0,""watchlistCount"":0,""favoritePeopleCount"":0,""badgesCount"":2,""interestCount"":0",2024-10-26T18:58:40Z
1,ur211393171,https://www.imdb.com/user/ur211393171/?ref_=tturv_usr_1_t,2025-11-28,1,7,"""reviewCount"":1,""ratingsCount"":7,""checkinCount"":0,""listCount"":0,""watchlistCount"":0,""favoritePeopleCount"":0,""badgesCount"":2,""interestCount"":0",2025-11-28T09:46:22Z
1,ur29627187,https://www.imdb.com/user/ur29627187/?ref_=tturv_usr_1_t,2011-12-09,1,0,"""reviewCount"":1,""ratingsCount"":0,""checkinCount"":0,""listCount"":0,""watchlistCount"":0,""favoritePeopleCount"":0,""badgesCount"":2,""interestCount"":0",2011-12-09T10:11:23Z
1,ur159590905,https://www.imdb.com/user/ur159590905/?ref_=tturv_usr_1_t,2022-12-05,2,3,"""reviewCount"":2,""ratingsCount"":3,""checkinCount"":0,""listCount"":0,""watchlistCount"":0,""favoritePeopleCount"":0,""badgesCount"":2,""interestCount"":0",2022-12-05T04:04:00Z
1,ur212012617,https://www.imdb.com/user/ur212012617/?ref_=tturv_usr_1_t,2025-12-29,1,1,"""reviewCount"":1,""ratingsCount"":1,""checkinCount"":0,""listCount"":0,""watchlistCount"":0,""favoritePeopleCount"":0,""badgesCount"":2,""interestCount"":0",2025-12-29T01:45:00Z
1,ur212012826,https://www.imdb.com/user/ur212012826/?ref_=tturv_usr_1_t,2025-12-29,1,1,"""reviewCount"":1,""ratingsCount"":1,""checkinCount"":0,""listCount"":0,""watchlistCount"":0,""favoritePeopleCount"":0,""badgesCount"":2,""interestCount"":0",2025-12-29T01:13:57Z
1,ur212012892,https://www.imdb.com/user/ur212012892/?ref_=tturv_usr_1_t,2025-12-29,1,1,"""reviewCount"":1,""ratingsCount"":1,""checkinCount"":0,""listCount"":0,""watchlistCount"":0,""favoritePeopleCount"":0,""badgesCount"":2,""interestCount"":0",2025-12-29T00:50:25Z
1,ur145298902,https://www.imdb.com/user/ur145298902/?ref_=tturv_usr_1_t,2021-11-26,1,0,"""reviewCount"":1,""ratingsCount"":0,""checkinCount"":0,""listCount"":0,""watchlistCount"":1,""favoritePeopleCount"":0,""badgesCount"":2,""interestCount"":0",2021-11-26T14:13:19Z
1,ur84087162,https://www.imdb.com/user/ur84087162/?ref_=tturv_usr_1_t,2018-01-06,1,0,"""reviewCount"":1,""ratingsCount"":0,""checkinCount"":0,""listCount"":0,""watchlistCount"":0,""favoritePeopleCount"":0,""badgesCount"":2,""interestCount"":0",2018-01-06T10:30:11Z
1,ur212011234,https://www.imdb.com/user/ur212011234/?ref_=tturv_usr_1_t,2025-12-29,2,3,"""reviewCount"":2,""ratingsCount"":3,""checkinCount"":0,""listCount"":0,""watchlistCount"":0,""favoritePeopleCount"":0,""badgesCount"":2,""interestCount"":0",2025-12-29T00:14:06Z
1,ur167852388,https://www.imdb.com/user/ur167852388/?ref_=tturv_usr_1_t,2023-07-12,1,0,"""reviewCount"":1,""ratingsCount"":0,""checkinCount"":0,""listCount"":0,""watchlistCount"":0,""favoritePeopleCount"":0,""badgesCount"":2,""interestCount"":0",2023-07-12T13:06:57Z
1,ur198554281,https://www.imdb.com/user/ur198554281/?ref_=tturv_usr_1_t,2025-03-21,1,5,"""reviewCount"":1,""ratingsCount"":5,""checkinCount"":0,""listCount"":0,""watchlistCount"":0,""favoritePeopleCount"":0,""badgesCount"":2,""interestCount"":0",2025-03-21T14:15:41Z
1,ur70290109,https://www.imdb.com/user/ur70290109/?ref_=tturv_usr_1_t,2016-12-11,2,2,"""reviewCount"":2,""ratingsCount"":2,""checkinCount"":0,""listCount"":0,""watchlistCount"":0,""favoritePeopleCount"":0,""badgesCount"":2,""interestCount"":0",2016-12-11T18:41:07Z
1,ur156484087,https://www.imdb.com/user/ur156484087/?ref_=tturv_usr_1_t,2022-09-05,1,0,"""reviewCount"":1,""ratingsCount"":0,""checkinCount"":0,""listCount"":0,""watchlistCount"":0,""favoritePeopleCount"":0,""badgesCount"":2,""interestCount"":0",2022-09-05T05:41:37Z
1,ur134450585,https://www.imdb.com/user/ur134450585/?ref_=tturv_usr_1_t,2021-07-10,1,0,"""reviewCount"":1,""ratingsCount"":0,""checkinCount"":0,""listCount"":0,""watchlistCount"":0,""favoritePeopleCount"":0,""badgesCount"":2,""interestCount"":0",2021-07-10T10:26:56Z
1,ur161754433,https://www.imdb.com/user/ur161754433/?ref_=tturv_usr_1_t,2023-01-30,1,0,"""reviewCount"":1,""ratingsCount"":0,""checkinCount"":0,""listCount"":0,""watchlistCount"":0,""favoritePeopleCount"":0,""badgesCount"":2,""interestCount"":0",2023-01-30T11:00:49Z
1,ur151844148,https://www.imdb.com/user/ur151844148/?ref_=tturv_usr_1_t,2022-04-08,1,0,"""reviewCount"":1,""ratingsCount"":0,""checkinCount"":1,""listCount"":0,""watchlistCount"":0,""favoritePeopleCount"":0,""badgesCount"":2,""interestCount"":0",2022-04-08T18:06:43Z
1,ur212010490,https://www.imdb.com/user/ur212010490/?ref_=tturv_usr_1_t,2025-12-28,1,1,"""reviewCount"":1,""ratingsCount"":1,""checkinCount"":0,""listCount"":0,""watchlistCount"":0,""favoritePeopleCount"":0,""badgesCount"":2,""interestCount"":0",2025-12-28T23:27:33Z
1,ur212009226,https://www.imdb.com/user/ur212009226/?ref_=tturv_usr_1_t,2025-12-28,1,1,"""reviewCount"":1,""ratingsCount"":1,""checkinCount"":0,""listCount"":0,""watchlistCount"":0,""favoritePeopleCount"":0,""badgesCount"":2,""interestCount"":0",2025-12-28T22:53:49Z
1,ur212010069,https://www.imdb.com/user/ur212010069/?ref_=tturv_usr_1_t,2025-12-28,1,2,"""reviewCount"":1,""ratingsCount"":2,""checkinCount"":0,""listCount"":0,""watchlistCount"":0,""favoritePeopleCount"":0,""badgesCount"":2,""interestCount"":0",2025-12-28T22:42:49Z
1,ur212009592,https://www.imdb.com/user/ur212009592/?ref_=tturv_usr_1_t,2025-12-28,1,21,"""reviewCount"":1,""ratingsCount"":21,""checkinCount"":0,""listCount"":0,""watchlistCount"":0,""favoritePeopleCount"":0,""badgesCount"":2,""interestCount"":0",2025-12-28T22:39:36Z
1,ur30484919,https://www.imdb.com/user/ur30484919/?ref_=tturv_usr_1_t,2012-01-13,2,0,"""reviewCount"":2,""ratingsCount"":0,""checkinCount"":0,""listCount"":0,""watchlistCount"":0,""favoritePeopleCount"":0,""badgesCount"":2,""interestCount"":0",2012-01-13T00:17:44Z
1,ur211780310,https://www.imdb.com/user/ur211780310/?ref_=tturv_usr_1_t,2025-12-18,2,81,"""reviewCount"":2,""ratingsCount"":81,""checkinCount"":0,""listCount"":0,""watchlistCount"":0,""favoritePeopleCount"":0,""badgesCount"":2,""interestCount"":0",2025-12-18T23:44:08Z
1,ur212009919,https://www.imdb.com/user/ur212009919/?ref_=tturv_usr_1_t,2025-12-28,1,3,"""reviewCount"":1,""ratingsCount"":3,""checkinCount"":0,""listCount"":0,""watchlistCount"":0,""favoritePeopleCount"":0,""badgesCount"":2,""interestCount"":0",2025-12-28T22:37:32Z
1,ur212002543,https://www.imdb.com/user/ur212002543/?ref_=tturv_usr_1_t,2025-12-28,1,4,"""reviewCount"":1,""ratingsCount"":4,""checkinCount"":0,""listCount"":0,""watchlistCount"":0,""favoritePeopleCount"":0,""badgesCount"":2,""interestCount"":0",2025-12-28T19:35:31Z
1,ur212009430,https://www.imdb.com/user/ur212009430/?ref_=tturv_usr_1_t,2025-12-28,1,1,"""reviewCount"":1,""ratingsCount"":1,""checkinCount"":0,""listCount"":0,""watchlistCount"":0,""favoritePeopleCount"":0,""badgesCount"":2,""interestCount"":0",2025-12-28T22:24:25Z
1,ur212009309,https://www.imdb.com/user/ur212009309/?ref_=tturv_usr_1_t,2025-12-28,1,3,"""reviewCount"":1,""ratingsCount"":3,""checkinCount"":0,""listCount"":0,""watchlistCount"":0,""favoritePeopleCount"":0,""badgesCount"":2,""interestCount"":0",2025-12-28T22:19:12Z
1,ur183354278,https://www.imdb.com/user/ur183354278/?ref_=tturv_usr_1_t,2024-06-16,1,10,"""reviewCount"":1,""ratingsCount"":10,""checkinCount"":0,""listCount"":0,""watchlistCount"":0,""favoritePeopleCount"":0,""badgesCount"":2,""interestCount"":0",2024-06-16T12:02:42Z
1,ur203969017,https://www.imdb.com/user/ur203969017/?ref_=tturv_usr_1_t,2025-06-17,1,2,"""reviewCount"":1,""ratingsCount"":2,""checkinCount"":0,""listCount"":0,""watchlistCount"":1,""favoritePeopleCount"":0,""badgesCount"":2,""interestCount"":0",2025-06-17T00:33:06Z
1,ur161974075,https://www.imdb.com/user/ur161974075/?ref_=tturv_usr_1_t,2023-02-04,1,0,"""reviewCount"":1,""ratingsCount"":0,""checkinCount"":0,""listCount"":0,""watchlistCount"":0,""favoritePeopleCount"":0,""badgesCount"":2,""interestCount"":0",2023-02-04T14:32:20Z
1,ur212008293,https://www.imdb.com/user/ur212008293/?ref_=tturv_usr_1_t,2025-12-28,1,1,"""reviewCount"":1,""ratingsCount"":1,""checkinCount"":0,""listCount"":0,""watchlistCount"":0,""favoritePeopleCount"":0,""badgesCount"":2,""interestCount"":0",2025-12-28T22:05:58Z
1,ur168219137,https://www.imdb.com/user/ur168219137/?ref_=tturv_usr_1_t,2023-07-20,1,0,"""reviewCount"":1,""ratingsCount"":0,""checkinCount"":0,""listCount"":0,""watchlistCount"":1,""favoritePeopleCount"":0,""badgesCount"":2,""interestCount"":0",2023-07-20T15:08:50Z
1,ur200161925,https://www.imdb.com/user/ur200161925/?ref_=tturv_usr_1_t,2025-04-18,1,2,"""reviewCount"":1,""ratingsCount"":2,""checkinCount"":0,""listCount"":0,""watchlistCount"":0,""favoritePeopleCount"":0,""badgesCount"":2,""interestCount"":0",2025-04-18T19:45:38Z
1,ur61307518,https://www.imdb.com/user/ur61307518/?ref_=tturv_usr_1_t,2015-07-05,1,0,"""reviewCount"":1,""ratingsCount"":0,""checkinCount"":0,""listCount"":0,""watchlistCount"":0,""favoritePeopleCount"":0,""badgesCount"":2,""interestCount"":0",2015-07-05T00:56:51Z
1,ur212006397,https://www.imdb.com/user/ur212006397/?ref_=tturv_usr_1_t,2025-12-28,1,12,"""reviewCount"":1,""ratingsCount"":12,""checkinCount"":0,""listCount"":0,""watchlistCount"":0,""favoritePeopleCount"":0,""badgesCount"":2,""interestCount"":0",2025-12-28T21:36:14Z
1,ur185340365,https://www.imdb.com/user/ur185340365/?ref_=tturv_usr_1_t,2024-07-21,4,39,"""reviewCount"":4,""ratingsCount"":39,""checkinCount"":0,""listCount"":0,""watchlistCount"":21,""favoritePeopleCount"":0,""badgesCount"":2,""interestCount"":0",2024-07-21T10:14:38Z
1,ur173458601,https://www.imdb.com/user/ur173458601/?ref_=tturv_usr_1_t,2023-11-30,1,0,"""reviewCount"":1,""ratingsCount"":0,""checkinCount"":0,""listCount"":0,""watchlistCount"":0,""favoritePeopleCount"":0,""badgesCount"":2,""interestCount"":0",2023-11-30T19:54:45Z
1,ur80300028,https://www.imdb.com/user/ur80300028/?ref_=tturv_usr_1_t,2017-09-10,1,0,"""reviewCount"":1,""ratingsCount"":0,""checkinCount"":0,""listCount"":0,""watchlistCount"":0,""favoritePeopleCount"":0,""badgesCount"":2,""interestCount"":0",2017-09-10T21:47:48Z
1,ur176760968,https://www.imdb.com/user/ur176760968/?ref_=tturv_usr_1_t,2024-01-31,1,0,"""reviewCount"":1,""ratingsCount"":0,""checkinCount"":0,""listCount"":0,""watchlistCount"":0,""favoritePeopleCount"":0,""badgesCount"":2,""interestCount"":0",2024-01-31T18:18:00Z
1,ur212006530,https://www.imdb.com/user/ur212006530/?ref_=tturv_usr_1_t,2025-12-28,1,1,"""reviewCount"":1,""ratingsCount"":1,""checkinCount"":0,""listCount"":0,""watchlistCount"":0,""favoritePeopleCount"":0,""badgesCount"":2,""interestCount"":0",2025-12-28T21:24:28Z
1,ur212006523,https://www.imdb.com/user/ur212006523/?ref_=tturv_usr_1_t,2025-12-28,1,3,"""reviewCount"":1,""ratingsCount"":3,""checkinCount"":0,""listCount"":0,""watchlistCount"":0,""favoritePeopleCount"":0,""badgesCount"":2,""interestCount"":0",2025-12-28T21:17:09Z
1,ur211989700,https://www.imdb.com/user/ur211989700/?ref_=tturv_usr_1_t,2025-12-28,2,3,"""reviewCount"":2,""ratingsCount"":3,""checkinCount"":0,""listCount"":0,""watchlistCount"":0,""favoritePeopleCount"":0,""badgesCount"":2,""interestCount"":0",2025-12-28T12:57:54Z
1,ur192272844,https://www.imdb.com/user/ur192272844/?ref_=tturv_usr_1_t,2024-11-28,2,76,"""reviewCount"":2,""ratingsCount"":76,""checkinCount"":0,""listCount"":0,""watchlistCount"":2,""favoritePeopleCount"":0,""badgesCount"":2,""interestCount"":0",2024-11-28T03:18:48Z
1,ur212004568,https://www.imdb.com/user/ur212004568/?ref_=tturv_usr_1_t,2025-12-28,2,2,"""reviewCount"":2,""ratingsCount"":2,""checkinCount"":0,""listCount"":0,""watchlistCount"":1,""favoritePeopleCount"":0,""badgesCount"":2,""interestCount"":0",2025-12-28T20:02:03Z
1,ur212005525,https://www.imdb.com/user/ur212005525/?ref_=tturv_usr_1_t,2025-12-28,1,1,"""reviewCount"":1,""ratingsCount"":1,""checkinCount"":0,""listCount"":0,""watchlistCount"":0,""favoritePeopleCount"":0,""badgesCount"":2,""interestCount"":0",2025-12-28T20:52:23Z
1,ur211992132,https://www.imdb.com/user/ur211992132/?ref_=tturv_usr_1_t,2025-12-28,1,6,"""reviewCount"":1,""ratingsCount"":6,""checkinCount"":0,""listCount"":0,""watchlistCount"":0,""favoritePeopleCount"":0,""badgesCount"":2,""interestCount"":0",2025-12-28T14:18:12Z
1,ur212004267,https://www.imdb.com/user/ur212004267/?ref_=tturv_usr_1_t,2025-12-28,1,2,"""reviewCount"":1,""ratingsCount"":2,""checkinCount"":0,""listCount"":0,""watchlistCount"":0,""favoritePeopleCount"":0,""badgesCount"":2,""interestCount"":0",2025-12-28T20:28:29Z
1,ur161801928,https://www.imdb.com/user/ur161801928/?ref_=tturv_usr_1_t,2023-01-31,1,0,"""reviewCount"":1,""ratingsCount"":0,""checkinCount"":0,""listCount"":0,""watchlistCount"":0,""favoritePeopleCount"":0,""badgesCount"":2,""interestCount"":0",2023-01-31T11:35:46Z
1,ur212004402,https://www.imdb.com/user/ur212004402/?ref_=tturv_usr_1_t,2025-12-28,1,2,"""reviewCount"":1,""ratingsCount"":2,""checkinCount"":0,""listCount"":0,""watchlistCount"":0,""favoritePeopleCount"":0,""badgesCount"":2,""interestCount"":0",2025-12-28T20:22:57Z
1,ur196719799,https://www.imdb.com/user/ur196719799/?ref_=tturv_usr_1_t,2025-02-11,1,1,"""reviewCount"":1,""ratingsCount"":1,""checkinCount"":0,""listCount"":0,""watchlistCount"":0,""favoritePeopleCount"":0,""badgesCount"":2,""interestCount"":0",2025-02-11T17:49:59Z
1,ur212004568,https://www.imdb.com/user/ur212004568/?ref_=tturv_usr_1_t,2025-12-28,2,2,"""reviewCount"":2,""ratingsCount"":2,""checkinCount"":0,""listCount"":0,""watchlistCount"":1,""favoritePeopleCount"":0,""badgesCount"":2,""interestCount"":0",2025-12-28T20:02:03Z
1,ur212005031,https://www.imdb.com/user/ur212005031/?ref_=tturv_usr_1_t,2025-12-28,1,19,"""reviewCount"":1,""ratingsCount"":19,""checkinCount"":0,""listCount"":0,""watchlistCount"":0,""favoritePeopleCount"":0,""badgesCount"":2,""interestCount"":0",2025-12-28T20:32:41Z
1,ur201193869,https://www.imdb.com/user/ur201193869/?ref_=tturv_usr_1_t,2025-05-10,1,2,"""reviewCount"":1,""ratingsCount"":2,""checkinCount"":0,""listCount"":0,""watchlistCount"":0,""favoritePeopleCount"":0,""badgesCount"":2,""interestCount"":0",2025-05-10T14:56:19Z
1,ur212004988,https://www.imdb.com/user/ur212004988/?ref_=tturv_usr_1_t,2025-12-28,1,4,"""reviewCount"":1,""ratingsCount"":4,""checkinCount"":0,""listCount"":0,""watchlistCount"":0,""favoritePeopleCount"":0,""badgesCount"":2,""interestCount"":0",2025-12-28T20:15:40Z
1,ur169032735,https://www.imdb.com/user/ur169032735/?ref_=tturv_usr_1_t,2023-08-09,3,0,"""reviewCount"":3,""ratingsCount"":0,""checkinCount"":0,""listCount"":0,""watchlistCount"":0,""favoritePeopleCount"":0,""badgesCount"":2,""interestCount"":0",2023-08-09T02:52:32Z
1,ur157165526,https://www.imdb.com/user/ur157165526/?ref_=tturv_usr_1_t,2022-09-27,1,0,"""reviewCount"":1,""ratingsCount"":0,""checkinCount"":0,""listCount"":0,""watchlistCount"":0,""favoritePeopleCount"":0,""badgesCount"":2,""interestCount"":0",2022-09-27T12:50:24Z
1,ur211995566,https://www.imdb.com/user/ur211995566/?ref_=tturv_usr_1_t,2025-12-28,1,9,"""reviewCount"":1,""ratingsCount"":9,""checkinCount"":0,""listCount"":0,""watchlistCount"":0,""favoritePeopleCount"":0,""badgesCount"":2,""interestCount"":0",2025-12-28T16:14:40Z
1,ur211938384,https://www.imdb.com/user/ur211938384/?ref_=tturv_usr_1_t,2025-12-26,3,4,"""reviewCount"":3,""ratingsCount"":4,""checkinCount"":0,""listCount"":0,""watchlistCount"":0,""favoritePeopleCount"":0,""badgesCount"":2,""interestCount"":0",2025-12-26T18:11:17Z
1,ur212004718,https://www.imdb.com/user/ur212004718/?ref_=tturv_usr_1_t,2025-12-28,1,1,"""reviewCount"":1,""ratingsCount"":1,""checkinCount"":0,""listCount"":0,""watchlistCount"":1,""favoritePeopleCount"":0,""badgesCount"":2,""interestCount"":0",2025-12-28T20:06:37Z
1,ur212004164,https://www.imdb.com/user/ur212004164/?ref_=tturv_usr_1_t,2025-12-28,1,1,"""reviewCount"":1,""ratingsCount"":1,""checkinCount"":0,""listCount"":0,""watchlistCount"":0,""favoritePeopleCount"":0,""badgesCount"":2,""interestCount"":0",2025-12-28T20:06:38Z
1,ur211962265,https://www.imdb.com/user/ur211962265/?ref_=tturv_usr_1_t,2025-12-27,1,2,"""reviewCount"":1,""ratingsCount"":2,""checkinCount"":0,""listCount"":0,""watchlistCount"":0,""favoritePeopleCount"":0,""badgesCount"":2,""interestCount"":0",2025-12-27T15:09:21Z
1,ur119806130,https://www.imdb.com/user/ur119806130/?ref_=tturv_usr_1_t,2020-06-15,2,0,"""reviewCount"":2,""ratingsCount"":0,""checkinCount"":0,""listCount"":0,""watchlistCount"":0,""favoritePeopleCount"":0,""badgesCount"":2,""interestCount"":0",2020-06-15T20:33:51Z
1,ur211981632,https://www.imdb.com/user/ur211981632/?ref_=tturv_usr_1_t,2025-12-28,1,28,"""reviewCount"":1,""ratingsCount"":28,""checkinCount"":0,""listCount"":0,""watchlistCount"":0,""favoritePeopleCount"":0,""badgesCount"":2,""interestCount"":0",2025-12-28T05:46:30Z
1,ur212004128,https://www.imdb.com/user/ur212004128/?ref_=tturv_usr_1_t,2025-12-28,1,1,"""reviewCount"":1,""ratingsCount"":1,""checkinCount"":0,""listCount"":0,""watchlistCount"":0,""favoritePeopleCount"":0,""badgesCount"":2,""interestCount"":0",2025-12-28T19:48:00Z
1,ur212003501,https://www.imdb.com/user/ur212003501/?ref_=tturv_usr_1_t,2025-12-28,1,1,"""reviewCount"":1,""ratingsCount"":1,""checkinCount"":0,""listCount"":0,""watchlistCount"":0,""favoritePeopleCount"":0,""badgesCount"":2,""interestCount"":0",2025-12-28T19:45:12Z
1,ur212002711,https://www.imdb.com/user/ur212002711/?ref_=tturv_usr_1_t,2025-12-28,1,17,"""reviewCount"":1,""ratingsCount"":17,""checkinCount"":0,""listCount"":0,""watchlistCount"":0,""favoritePeopleCount"":0,""badgesCount"":2,""interestCount"":0",2025-12-28T19:26:43Z
1,ur212003132,https://www.imdb.com/user/ur212003132/?ref_=tturv_usr_1_t,2025-12-28,2,2,"""reviewCount"":2,""ratingsCount"":2,""checkinCount"":0,""listCount"":0,""watchlistCount"":0,""favoritePeopleCount"":0,""badgesCount"":2,""interestCount"":0",2025-12-28T19:38:44Z
1,ur212001057,https://www.imdb.com/user/ur212001057/?ref_=tturv_usr_1_t,2025-12-28,1,1,"""reviewCount"":1,""ratingsCount"":1,""checkinCount"":0,""listCount"":0,""watchlistCount"":0,""favoritePeopleCount"":0,""badgesCount"":2,""interestCount"":0",2025-12-28T19:23:54Z
1,ur212001767,https://www.imdb.com/user/ur212001767/?ref_=tturv_usr_1_t,2025-12-28,1,7,"""reviewCount"":1,""ratingsCount"":7,""checkinCount"":0,""listCount"":0,""watchlistCount"":0,""favoritePeopleCount"":0,""badgesCount"":2,""interestCount"":0",2025-12-28T19:29:48Z
1,ur209391309,https://www.imdb.com/user/ur209391309/?ref_=tturv_usr_1_t,2025-09-25,1,1,"""reviewCount"":1,""ratingsCount"":1,""checkinCount"":0,""listCount"":0,""watchlistCount"":0,""favoritePeopleCount"":0,""badgesCount"":2,""interestCount"":0",2025-09-25T08:43:18Z
1,ur211980699,https://www.imdb.com/user/ur211980699/?ref_=tturv_usr_1_t,2025-12-28,1,9,"""reviewCount"":1,""ratingsCount"":9,""checkinCount"":0,""listCount"":0,""watchlistCount"":0,""favoritePeopleCount"":0,""badgesCount"":2,""interestCount"":0",2025-12-28T04:21:07Z
1,ur212001207,https://www.imdb.com/user/ur212001207/?ref_=tturv_usr_1_t,2025-12-28,1,1,"""reviewCount"":1,""ratingsCount"":1,""checkinCount"":0,""listCount"":0,""watchlistCount"":0,""favoritePeopleCount"":0,""badgesCount"":2,""interestCount"":0",2025-12-28T19:13:54Z
1,ur212002653,https://www.imdb.com/user/ur212002653/?ref_=tturv_usr_1_t,2025-12-28,1,1,"""reviewCount"":1,""ratingsCount"":1,""checkinCount"":0,""listCount"":0,""watchlistCount"":0,""favoritePeopleCount"":0,""badgesCount"":2,""interestCount"":0",2025-12-28T19:22:20Z
1,ur46241142,https://www.imdb.com/user/ur46241142/?ref_=tturv_usr_1_t,2013-08-29,1,0,"""reviewCount"":1,""ratingsCount"":0,""checkinCount"":0,""listCount"":0,""watchlistCount"":0,""favoritePeopleCount"":0,""badgesCount"":2,""interestCount"":0",2013-08-29T20:41:46Z
1,ur212001674,https://www.imdb.com/user/ur212001674/?ref_=tturv_usr_1_t,2025-12-28,1,1,"""reviewCount"":1,""ratingsCount"":1,""checkinCount"":0,""listCount"":0,""watchlistCount"":0,""favoritePeopleCount"":0,""badgesCount"":2,""interestCount"":0",2025-12-28T19:13:01Z
1,ur212001808,https://www.imdb.com/user/ur212001808/?ref_=tturv_usr_1_t,2025-12-28,1,1,"""reviewCount"":1,""ratingsCount"":1,""checkinCount"":0,""listCount"":0,""watchlistCount"":0,""favoritePeopleCount"":0,""badgesCount"":2,""interestCount"":0",2025-12-28T18:41:03Z
1,ur212001130,https://www.imdb.com/user/ur212001130/?ref_=tturv_usr_1_t,2025-12-28,1,2,"""reviewCount"":1,""ratingsCount"":2,""checkinCount"":0,""listCount"":0,""watchlistCount"":0,""favoritePeopleCount"":0,""badgesCount"":2,""interestCount"":0",2025-12-28T18:48:42Z
1,ur212001558,https://www.imdb.com/user/ur212001558/?ref_=tturv_usr_1_t,2025-12-28,1,3,"""reviewCount"":1,""ratingsCount"":3,""checkinCount"":0,""listCount"":0,""watchlistCount"":0,""favoritePeopleCount"":0,""badgesCount"":2,""interestCount"":0",2025-12-28T18:32:07Z
1,ur212000513,https://www.imdb.com/user/ur212000513/?ref_=tturv_usr_1_t,2025-12-28,1,22,"""reviewCount"":1,""ratingsCount"":22,""checkinCount"":0,""listCount"":0,""watchlistCount"":0,""favoritePeopleCount"":0,""badgesCount"":2,""interestCount"":0",2025-12-28T18:35:03Z
1,ur212001070,https://www.imdb.com/user/ur212001070/?ref_=tturv_usr_1_t,2025-12-28,3,3,"""reviewCount"":3,""ratingsCount"":3,""checkinCount"":0,""listCount"":0,""watchlistCount"":0,""favoritePeopleCount"":0,""badgesCount"":2,""interestCount"":0",2025-12-28T18:31:03Z
1,ur211999275,https://www.imdb.com/user/ur211999275/?ref_=tturv_usr_1_t,2025-12-28,1,1,"""reviewCount"":1,""ratingsCount"":1,""checkinCount"":0,""listCount"":0,""watchlistCount"":1,""favoritePeopleCount"":0,""badgesCount"":2,""interestCount"":0",2025-12-28T18:21:57Z
1,ur31753402,https://www.imdb.com/user/ur31753402/?ref_=tturv_usr_1_t,2012-02-22,1,0,"""reviewCount"":1,""ratingsCount"":0,""checkinCount"":0,""listCount"":0,""watchlistCount"":0,""favoritePeopleCount"":0,""badgesCount"":2,""interestCount"":0",2012-02-22T08:03:07Z
1,ur212001389,https://www.imdb.com/user/ur212001389/?ref_=tturv_usr_1_t,2025-12-28,1,2,"""reviewCount"":1,""ratingsCount"":2,""checkinCount"":0,""listCount"":0,""watchlistCount"":0,""favoritePeopleCount"":0,""badgesCount"":2,""interestCount"":0",2025-12-28T18:32:03Z
1,ur60497743,https://www.imdb.com/user/ur60497743/?ref_=tturv_usr_1_t,2015-05-20,2,0,"""reviewCount"":2,""ratingsCount"":0,""checkinCount"":0,""listCount"":0,""watchlistCount"":0,""favoritePeopleCount"":0,""badgesCount"":2,""interestCount"":0",2015-05-20T21:29:54Z
1,ur211985553,https://www.imdb.com/user/ur211985553/?ref_=tturv_usr_1_t,2025-12-28,1,8,"""reviewCount"":1,""ratingsCount"":8,""checkinCount"":0,""listCount"":0,""watchlistCount"":1,""favoritePeopleCount"":0,""badgesCount"":2,""interestCount"":0",2025-12-28T09:08:55Z
1,ur53316792,https://www.imdb.com/user/ur53316792/?ref_=tturv_usr_1_t,2014-06-11,1,0,"""reviewCount"":1,""ratingsCount"":0,""checkinCount"":0,""listCount"":0,""watchlistCount"":0,""favoritePeopleCount"":0,""badgesCount"":2,""interestCount"":0",2014-06-11T14:36:26Z
1,ur187200464,https://www.imdb.com/user/ur187200464/?ref_=tturv_usr_1_t,2024-08-26,1,3,"""reviewCount"":1,""ratingsCount"":3,""checkinCount"":0,""listCount"":0,""watchlistCount"":0,""favoritePeopleCount"":0,""badgesCount"":2,""interestCount"":0",2024-08-26T08:17:50Z
1,ur211993746,https://www.imdb.com/user/ur211993746/?ref_=tturv_usr_1_t,2025-12-28,1,1,"""reviewCount"":1,""ratingsCount"":1,""checkinCount"":0,""listCount"":0,""watchlistCount"":0,""favoritePeopleCount"":0,""badgesCount"":2,""interestCount"":0",2025-12-28T15:19:39Z
1,ur211997605,https://www.imdb.com/user/ur211997605/?ref_=tturv_usr_1_t,2025-12-28,3,3,"""reviewCount"":3,""ratingsCount"":3,""checkinCount"":0,""listCount"":0,""watchlistCount"":0,""favoritePeopleCount"":0,""badgesCount"":2,""interestCount"":0",2025-12-28T16:59:26Z
1,ur211999577,https://www.imdb.com/user/ur211999577/?ref_=tturv_usr_1_t,2025-12-28,1,2,"""reviewCount"":1,""ratingsCount"":2,""checkinCount"":0,""listCount"":0,""watchlistCount"":0,""favoritePeopleCount"":0,""badgesCount"":2,""interestCount"":0",2025-12-28T18:05:24Z
1,ur211998709,https://www.imdb.com/user/ur211998709/?ref_=tturv_usr_1_t,2025-12-28,1,3,"""reviewCount"":1,""ratingsCount"":3,""checkinCount"":0,""listCount"":0,""watchlistCount"":0,""favoritePeopleCount"":0,""badgesCount"":2,""interestCount"":0",2025-12-28T17:13:01Z
1,ur211999244,https://www.imdb.com/user/ur211999244/?ref_=tturv_usr_1_t,2025-12-28,1,26,"""reviewCount"":1,""ratingsCount"":26,""checkinCount"":0,""listCount"":0,""watchlistCount"":0,""favoritePeopleCount"":0,""badgesCount"":2,""interestCount"":0",2025-12-28T17:57:29Z
1,ur211999992,https://www.imdb.com/user/ur211999992/?ref_=tturv_usr_1_t,2025-12-28,1,1,"""reviewCount"":1,""ratingsCount"":1,""checkinCount"":0,""listCount"":0,""watchlistCount"":0,""favoritePeopleCount"":0,""badgesCount"":2,""interestCount"":0",2025-12-28T17:54:17Z
1,ur211999302,https://www.imdb.com/user/ur211999302/?ref_=tturv_usr_1_t,2025-12-28,2,3,"""reviewCount"":2,""ratingsCount"":3,""checkinCount"":0,""listCount"":0,""watchlistCount"":0,""favoritePeopleCount"":0,""badgesCount"":2,""interestCount"":0",2025-12-28T17:58:42Z
1,ur211950143,https://www.imdb.com/user/ur211950143/?ref_=tturv_usr_1_t,2025-12-27,1,7,"""reviewCount"":1,""ratingsCount"":7,""checkinCount"":0,""listCount"":0,""watchlistCount"":1,""favoritePeopleCount"":0,""badgesCount"":2,""interestCount"":0",2025-12-27T03:21:21Z
1,ur211999014,https://www.imdb.com/user/ur211999014/?ref_=tturv_usr_1_t,2025-12-28,1,2,"""reviewCount"":1,""ratingsCount"":2,""checkinCount"":0,""listCount"":0,""watchlistCount"":0,""favoritePeopleCount"":0,""badgesCount"":2,""interestCount"":0",2025-12-28T17:52:43Z
1,ur211983697,https://www.imdb.com/user/ur211983697/?ref_=tturv_usr_1_t,2025-12-28,1,42,"""reviewCount"":1,""ratingsCount"":42,""checkinCount"":0,""listCount"":0,""watchlistCount"":0,""favoritePeopleCount"":0,""badgesCount"":2,""interestCount"":0",2025-12-28T08:04:02Z
1,ur211998026,https://www.imdb.com/user/ur211998026/?ref_=tturv_usr_1_t,2025-12-28,1,4,"""reviewCount"":1,""ratingsCount"":4,""checkinCount"":0,""listCount"":0,""watchlistCount"":0,""favoritePeopleCount"":0,""badgesCount"":2,""interestCount"":0",2025-12-28T17:45:22Z
1,ur134601907,https://www.imdb.com/user/ur134601907/?ref_=tturv_usr_1_t,2021-07-15,1,0,"""reviewCount"":1,""ratingsCount"":0,""checkinCount"":0,""listCount"":0,""watchlistCount"":0,""favoritePeopleCount"":0,""badgesCount"":2,""interestCount"":0",2021-07-15T02:09:54Z
1,ur111439092,https://www.imdb.com/user/ur111439092/?ref_=tturv_usr_1_t,2019-12-23,1,0,"""reviewCount"":1,""ratingsCount"":0,""checkinCount"":0,""listCount"":0,""watchlistCount"":0,""favoritePeopleCount"":0,""badgesCount"":2,""interestCount"":0",2019-12-23T01:23:28Z
1,ur137615730,https://www.imdb.com/user/ur137615730/?ref_=tturv_usr_1_t,2021-09-21,1,0,"""reviewCount"":1,""ratingsCount"":0,""checkinCount"":0,""listCount"":0,""watchlistCount"":0,""favoritePeopleCount"":0,""badgesCount"":2,""interestCount"":0",2021-09-21T19:58:18Z
1,ur211999129,https://www.imdb.com/user/ur211999129/?ref_=tturv_usr_1_t,2025-12-28,1,2,"""reviewCount"":1,""ratingsCount"":2,""checkinCount"":0,""listCount"":0,""watchlistCount"":0,""favoritePeopleCount"":0,""badgesCount"":2,""interestCount"":0",2025-12-28T17:26:53Z
1,ur211998623,https://www.imdb.com/user/ur211998623/?ref_=tturv_usr_1_t,2025-12-28,1,2,"""reviewCount"":1,""ratingsCount"":2,""checkinCount"":0,""listCount"":0,""watchlistCount"":0,""favoritePeopleCount"":0,""badgesCount"":2,""interestCount"":0",2025-12-28T17:30:39Z
1,ur211999339,https://www.imdb.com/user/ur211999339/?ref_=tturv_usr_1_t,2025-12-28,1,4,"""reviewCount"":1,""ratingsCount"":4,""checkinCount"":0,""listCount"":0,""watchlistCount"":0,""favoritePeopleCount"":0,""badgesCount"":2,""interestCount"":0",2025-12-28T17:32:44Z
1,ur206372099,https://www.imdb.com/user/ur206372099/?ref_=tturv_usr_1_t,2025-08-02,1,1,"""reviewCount"":1,""ratingsCount"":1,""checkinCount"":0,""listCount"":0,""watchlistCount"":0,""favoritePeopleCount"":0,""badgesCount"":2,""interestCount"":0",2025-08-02T00:28:21Z
1,ur211998242,https://www.imdb.com/user/ur211998242/?ref_=tturv_usr_1_t,2025-12-28,1,1,"""reviewCount"":1,""ratingsCount"":1,""checkinCount"":0,""listCount"":0,""watchlistCount"":0,""favoritePeopleCount"":0,""badgesCount"":2,""interestCount"":0",2025-12-28T17:18:30Z
1,ur211998908,https://www.imdb.com/user/ur211998908/?ref_=tturv_usr_1_t,2025-12-28,1,1,"""reviewCount"":1,""ratingsCount"":1,""checkinCount"":0,""listCount"":0,""watchlistCount"":0,""favoritePeopleCount"":0,""badgesCount"":2,""interestCount"":0",2025-12-28T17:17:30Z
1,ur198846293,https://www.imdb.com/user/ur198846293/?ref_=tturv_usr_1_t,2025-03-26,1,2,"""reviewCount"":1,""ratingsCount"":2,""checkinCount"":0,""listCount"":0,""watchlistCount"":0,""favoritePeopleCount"":0,""badgesCount"":2,""interestCount"":0",2025-03-26T16:47:38Z
1,ur133438191,https://www.imdb.com/user/ur133438191/?ref_=tturv_usr_1_t,2021-06-08,1,0,"""reviewCount"":1,""ratingsCount"":0,""checkinCount"":0,""listCount"":0,""watchlistCount"":0,""favoritePeopleCount"":0,""badgesCount"":2,""interestCount"":0",2021-06-08T07:07:18Z
1,ur160076488,https://www.imdb.com/user/ur160076488/?ref_=tturv_usr_1_t,2022-12-17,1,0,"""reviewCount"":1,""ratingsCount"":0,""checkinCount"":0,""listCount"":0,""watchlistCount"":0,""favoritePeopleCount"":0,""badgesCount"":2,""interestCount"":0",2022-12-17T20:19:45Z
1,ur211997162,https://www.imdb.com/user/ur211997162/?ref_=tturv_usr_1_t,2025-12-28,1,1,"""reviewCount"":1,""ratingsCount"":1,""checkinCount"":0,""listCount"":0,""watchlistCount"":0,""favoritePeopleCount"":0,""badgesCount"":2,""interestCount"":0",2025-12-28T16:56:41Z
1,ur84761629,https://www.imdb.com/user/ur84761629/?ref_=tturv_usr_1_t,2018-01-25,1,0,"""reviewCount"":1,""ratingsCount"":0,""checkinCount"":0,""listCount"":0,""watchlistCount"":0,""favoritePeopleCount"":0,""badgesCount"":2,""interestCount"":0",2018-01-25T00:21:54Z
1,ur211996707,https://www.imdb.com/user/ur211996707/?ref_=tturv_usr_1_t,2025-12-28,2,4,"""reviewCount"":2,""ratingsCount"":4,""checkinCount"":0,""listCount"":0,""watchlistCount"":0,""favoritePeopleCount"":0,""badgesCount"":2,""interestCount"":0",2025-12-28T16:54:38Z
1,ur211996585,https://www.imdb.com/user/ur211996585/?ref_=tturv_usr_1_t,2025-12-28,1,41,"""reviewCount"":1,""ratingsCount"":41,""checkinCount"":0,""listCount"":0,""watchlistCount"":0,""favoritePeopleCount"":0,""badgesCount"":2,""interestCount"":0",2025-12-28T16:43:27Z
1,ur156505644,https://www.imdb.com/user/ur156505644/?ref_=tturv_usr_1_t,2022-09-05,1,0,"""reviewCount"":1,""ratingsCount"":0,""checkinCount"":0,""listCount"":0,""watchlistCount"":16,""favoritePeopleCount"":0,""badgesCount"":2,""interestCount"":0",2022-09-05T21:29:03Z
1,ur211997719,https://www.imdb.com/user/ur211997719/?ref_=tturv_usr_1_t,2025-12-28,1,1,"""reviewCount"":1,""ratingsCount"":1,""checkinCount"":0,""listCount"":0,""watchlistCount"":0,""favoritePeopleCount"":0,""badgesCount"":2,""interestCount"":0",2025-12-28T16:39:40Z
1,ur211997374,https://www.imdb.com/user/ur211997374/?ref_=tturv_usr_1_t,2025-12-28,1,1,"""reviewCount"":1,""ratingsCount"":1,""checkinCount"":0,""listCount"":0,""watchlistCount"":0,""favoritePeopleCount"":0,""badgesCount"":2,""interestCount"":0",2025-12-28T16:38:29Z
1,ur164823857,https://www.imdb.com/user/ur164823857/?ref_=tturv_usr_1_t,2023-04-25,1,0,"""reviewCount"":1,""ratingsCount"":0,""checkinCount"":0,""listCount"":0,""watchlistCount"":0,""favoritePeopleCount"":0,""badgesCount"":2,""interestCount"":0",2023-04-25T00:09:32Z
1,ur200281243,https://www.imdb.com/user/ur200281243/?ref_=tturv_usr_1_t,2025-04-21,1,2,"""reviewCount"":1,""ratingsCount"":2,""checkinCount"":0,""listCount"":0,""watchlistCount"":0,""favoritePeopleCount"":0,""badgesCount"":2,""interestCount"":0",2025-04-21T02:26:30Z
1,ur211413966,https://www.imdb.com/user/ur211413966/?ref_=tturv_usr_1_t,2025-11-29,2,16,"""reviewCount"":2,""ratingsCount"":16,""checkinCount"":0,""listCount"":0,""watchlistCount"":0,""favoritePeopleCount"":0,""badgesCount"":2,""interestCount"":0",2025-11-29T14:56:29Z
1,ur211996711,https://www.imdb.com/user/ur211996711/?ref_=tturv_usr_1_t,2025-12-28,1,1,"""reviewCount"":1,""ratingsCount"":1,""checkinCount"":0,""listCount"":0,""watchlistCount"":0,""favoritePeopleCount"":0,""badgesCount"":2,""interestCount"":0",2025-12-28T16:32:27Z
1,ur211997310,https://www.imdb.com/user/ur211997310/?ref_=tturv_usr_1_t,2025-12-28,1,1,"""reviewCount"":1,""ratingsCount"":1,""checkinCount"":0,""listCount"":0,""watchlistCount"":1,""favoritePeopleCount"":0,""badgesCount"":2,""interestCount"":0",2025-12-28T16:31:38Z
1,ur124798431,https://www.imdb.com/user/ur124798431/?ref_=tturv_usr_1_t,2020-10-02,1,0,"""reviewCount"":1,""ratingsCount"":0,""checkinCount"":0,""listCount"":0,""watchlistCount"":0,""favoritePeopleCount"":0,""badgesCount"":2,""interestCount"":0",2020-10-02T13:35:56Z
1,ur211996072,https://www.imdb.com/user/ur211996072/?ref_=tturv_usr_1_t,2025-12-28,1,6,"""reviewCount"":1,""ratingsCount"":6,""checkinCount"":0,""listCount"":0,""watchlistCount"":1,""favoritePeopleCount"":0,""badgesCount"":2,""interestCount"":0",2025-12-28T16:13:34Z
1,ur211995809,https://www.imdb.com/user/ur211995809/?ref_=tturv_usr_1_t,2025-12-28,1,2,"""reviewCount"":1,""ratingsCount"":2,""checkinCount"":0,""listCount"":0,""watchlistCount"":1,""favoritePeopleCount"":0,""badgesCount"":2,""interestCount"":0",2025-12-28T15:42:39Z
1,ur211995185,https://www.imdb.com/user/ur211995185/?ref_=tturv_usr_1_t,2025-12-28,1,1,"""reviewCount"":1,""ratingsCount"":1,""checkinCount"":0,""listCount"":0,""watchlistCount"":0,""favoritePeopleCount"":0,""badgesCount"":2,""interestCount"":0",2025-12-28T16:16:35Z
1,ur211997069,https://www.imdb.com/user/ur211997069/?ref_=tturv_usr_1_t,2025-12-28,2,2,"""reviewCount"":2,""ratingsCount"":2,""checkinCount"":0,""listCount"":0,""watchlistCount"":1,""favoritePeopleCount"":0,""badgesCount"":2,""interestCount"":0",2025-12-28T16:23:46Z
1,ur211996894,https://www.imdb.com/user/ur211996894/?ref_=tturv_usr_1_t,2025-12-28,1,1,"""reviewCount"":1,""ratingsCount"":1,""checkinCount"":0,""listCount"":0,""watchlistCount"":0,""favoritePeopleCount"":0,""badgesCount"":2,""interestCount"":0",2025-12-28T16:19:04Z
1,ur211995184,https://www.imdb.com/user/ur211995184/?ref_=tturv_usr_1_t,2025-12-28,1,1,"""reviewCount"":1,""ratingsCount"":1,""checkinCount"":0,""listCount"":0,""watchlistCount"":0,""favoritePeopleCount"":0,""badgesCount"":2,""interestCount"":0",2025-12-28T16:12:38Z
1,ur211996629,https://www.imdb.com/user/ur211996629/?ref_=tturv_usr_1_t,2025-12-28,1,1,"""reviewCount"":1,""ratingsCount"":1,""checkinCount"":0,""listCount"":0,""watchlistCount"":0,""favoritePeopleCount"":0,""badgesCount"":2,""interestCount"":0",2025-12-28T16:12:04Z
1,ur195677786,https://www.imdb.com/user/ur195677786/?ref_=tturv_usr_1_t,2025-01-23,1,4,"""reviewCount"":1,""ratingsCount"":4,""checkinCount"":0,""listCount"":0,""watchlistCount"":1,""favoritePeopleCount"":0,""badgesCount"":2,""interestCount"":0",2025-01-23T21:03:46Z
1,ur211996440,https://www.imdb.com/user/ur211996440/?ref_=tturv_usr_1_t,2025-12-28,1,1,"""reviewCount"":1,""ratingsCount"":1,""checkinCount"":0,""listCount"":0,""watchlistCount"":0,""favoritePeopleCount"":0,""badgesCount"":2,""interestCount"":0",2025-12-28T16:05:02Z
1,ur211994554,https://www.imdb.com/user/ur211994554/?ref_=tturv_usr_1_t,2025-12-28,1,3,"""reviewCount"":1,""ratingsCount"":3,""checkinCount"":0,""listCount"":0,""watchlistCount"":0,""favoritePeopleCount"":0,""badgesCount"":2,""interestCount"":0",2025-12-28T16:04:07Z
1,ur211995353,https://www.imdb.com/user/ur211995353/?ref_=tturv_usr_1_t,2025-12-28,2,3,"""reviewCount"":2,""ratingsCount"":3,""checkinCount"":0,""listCount"":0,""watchlistCount"":0,""favoritePeopleCount"":0,""badgesCount"":2,""interestCount"":0",2025-12-28T15:47:24Z
1,ur186805269,https://www.imdb.com/user/ur186805269/?ref_=tturv_usr_1_t,2024-08-18,2,4,"""reviewCount"":2,""ratingsCount"":4,""checkinCount"":0,""listCount"":0,""watchlistCount"":1,""favoritePeopleCount"":0,""badgesCount"":2,""interestCount"":0",2024-08-18T18:24:30Z
1,ur211974045,https://www.imdb.com/user/ur211974045/?ref_=tturv_usr_1_t,2025-12-28,3,9,"""reviewCount"":3,""ratingsCount"":9,""checkinCount"":0,""listCount"":0,""watchlistCount"":1,""favoritePeopleCount"":0,""badgesCount"":2,""interestCount"":0",2025-12-28T00:06:40Z
1,ur211996310,https://www.imdb.com/user/ur211996310/?ref_=tturv_usr_1_t,2025-12-28,1,9,"""reviewCount"":1,""ratingsCount"":9,""checkinCount"":0,""listCount"":0,""watchlistCount"":0,""favoritePeopleCount"":0,""badgesCount"":2,""interestCount"":0",2025-12-28T15:56:41Z
1,ur211985351,https://www.imdb.com/user/ur211985351/?ref_=tturv_usr_1_t,2025-12-28,1,10,"""reviewCount"":1,""ratingsCount"":10,""checkinCount"":0,""listCount"":0,""watchlistCount"":0,""favoritePeopleCount"":0,""badgesCount"":2,""interestCount"":0",2025-12-28T09:00:39Z
1,ur188167652,https://www.imdb.com/user/ur188167652/?ref_=tturv_usr_1_t,2024-09-12,3,3,"""reviewCount"":3,""ratingsCount"":3,""checkinCount"":0,""listCount"":0,""watchlistCount"":0,""favoritePeopleCount"":0,""badgesCount"":2,""interestCount"":0",2024-09-12T02:10:27Z
1,ur211995732,https://www.imdb.com/user/ur211995732/?ref_=tturv_usr_1_t,2025-12-28,1,1,"""reviewCount"":1,""ratingsCount"":1,""checkinCount"":0,""listCount"":0,""watchlistCount"":0,""favoritePeopleCount"":0,""badgesCount"":2,""interestCount"":0",2025-12-28T15:53:15Z
1,ur211993677,https://www.imdb.com/user/ur211993677/?ref_=tturv_usr_1_t,2025-12-28,1,1,"""reviewCount"":1,""ratingsCount"":1,""checkinCount"":0,""listCount"":0,""watchlistCount"":0,""favoritePeopleCount"":0,""badgesCount"":2,""interestCount"":0",2025-12-28T15:37:40Z
1,ur211995770,https://www.imdb.com/user/ur211995770/?ref_=tturv_usr_1_t,2025-12-28,1,5,"""reviewCount"":1,""ratingsCount"":5,""checkinCount"":0,""listCount"":0,""watchlistCount"":0,""favoritePeopleCount"":0,""badgesCount"":2,""interestCount"":0",2025-12-28T15:47:35Z
1,ur82907893,https://www.imdb.com/user/ur82907893/?ref_=tturv_usr_1_t,2017-12-02,2,0,"""reviewCount"":2,""ratingsCount"":0,""checkinCount"":0,""listCount"":0,""watchlistCount"":0,""favoritePeopleCount"":0,""badgesCount"":2,""interestCount"":0",2017-12-02T22:34:36Z
1,ur211994849,https://www.imdb.com/user/ur211994849/?ref_=tturv_usr_1_t,2025-12-28,2,3,"""reviewCount"":2,""ratingsCount"":3,""checkinCount"":0,""listCount"":0,""watchlistCount"":1,""favoritePeopleCount"":0,""badgesCount"":2,""interestCount"":0",2025-12-28T15:16:23Z
1,ur142231858,https://www.imdb.com/user/ur142231858/?ref_=tturv_usr_1_t,2021-11-02,1,0,"""reviewCount"":1,""ratingsCount"":0,""checkinCount"":0,""listCount"":0,""watchlistCount"":0,""favoritePeopleCount"":0,""badgesCount"":2,""interestCount"":0",2021-11-02T05:01:49Z
1,ur211993614,https://www.imdb.com/user/ur211993614/?ref_=tturv_usr_1_t,2025-12-28,1,1,"""reviewCount"":1,""ratingsCount"":1,""checkinCount"":0,""listCount"":0,""watchlistCount"":0,""favoritePeopleCount"":0,""badgesCount"":2,""interestCount"":0",2025-12-28T15:19:44Z
1,ur211992826,https://www.imdb.com/user/ur211992826/?ref_=tturv_usr_1_t,2025-12-28,1,3,"""reviewCount"":1,""ratingsCount"":3,""checkinCount"":0,""listCount"":0,""watchlistCount"":0,""favoritePeopleCount"":0,""badgesCount"":2,""interestCount"":0",2025-12-28T15:18:23Z
1,ur211994006,https://www.imdb.com/user/ur211994006/?ref_=tturv_usr_1_t,2025-12-28,1,1,"""reviewCount"":1,""ratingsCount"":1,""checkinCount"":0,""listCount"":0,""watchlistCount"":0,""favoritePeopleCount"":0,""badgesCount"":2,""interestCount"":0",2025-12-28T15:17:34Z
1,ur30617000,https://www.imdb.com/user/ur30617000/?ref_=tturv_usr_1_t,2012-01-17,5,0,"""reviewCount"":5,""ratingsCount"":0,""checkinCount"":0,""listCount"":0,""watchlistCount"":0,""favoritePeopleCount"":0,""badgesCount"":2,""interestCount"":0",2012-01-17T09:13:05Z
1,ur211993807,https://www.imdb.com/user/ur211993807/?ref_=tturv_usr_1_t,2025-12-28,1,3,"""reviewCount"":1,""ratingsCount"":3,""checkinCount"":0,""listCount"":0,""watchlistCount"":0,""favoritePeopleCount"":0,""badgesCount"":2,""interestCount"":0",2025-12-28T15:11:28Z
1,ur204792378,https://www.imdb.com/user/ur204792378/?ref_=tturv_usr_1_t,2025-07-05,1,10,"""reviewCount"":1,""ratingsCount"":10,""checkinCount"":0,""listCount"":0,""watchlistCount"":0,""favoritePeopleCount"":0,""badgesCount"":2,""interestCount"":0",2025-07-05T03:49:39Z
1,ur186715582,https://www.imdb.com/user/ur186715582/?ref_=tturv_usr_1_t,2024-08-17,1,1,"""reviewCount"":1,""ratingsCount"":1,""checkinCount"":0,""listCount"":0,""watchlistCount"":0,""favoritePeopleCount"":0,""badgesCount"":2,""interestCount"":0",2024-08-17T02:39:28Z
1,ur211994470,https://www.imdb.com/user/ur211994470/?ref_=tturv_usr_1_t,2025-12-28,1,1,"""reviewCount"":1,""ratingsCount"":1,""checkinCount"":0,""listCount"":0,""watchlistCount"":0,""favoritePeopleCount"":0,""badgesCount"":2,""interestCount"":0",2025-12-28T15:02:35Z
1,ur211992684,https://www.imdb.com/user/ur211992684/?ref_=tturv_usr_1_t,2025-12-28,1,4,"""reviewCount"":1,""ratingsCount"":4,""checkinCount"":0,""listCount"":0,""watchlistCount"":0,""favoritePeopleCount"":0,""badgesCount"":2,""interestCount"":0",2025-12-28T14:51:38Z
1,ur211993255,https://www.imdb.com/user/ur211993255/?ref_=tturv_usr_1_t,2025-12-28,1,1,"""reviewCount"":1,""ratingsCount"":1,""checkinCount"":0,""listCount"":0,""watchlistCount"":0,""favoritePeopleCount"":0,""badgesCount"":2,""interestCount"":0",2025-12-28T14:52:18Z
1,ur69760883,https://www.imdb.com/user/ur69760883/?ref_=tturv_usr_1_t,2016-11-16,1,0,"""reviewCount"":1,""ratingsCount"":0,""checkinCount"":0,""listCount"":0,""watchlistCount"":0,""favoritePeopleCount"":0,""badgesCount"":2,""interestCount"":0",2016-11-16T13:38:32Z
1,ur211993823,https://www.imdb.com/user/ur211993823/?ref_=tturv_usr_1_t,2025-12-28,1,4,"""reviewCount"":1,""ratingsCount"":4,""checkinCount"":0,""listCount"":0,""watchlistCount"":0,""favoritePeopleCount"":0,""badgesCount"":2,""interestCount"":0",2025-12-28T14:46:56Z
1,ur211993330,https://www.imdb.com/user/ur211993330/?ref_=tturv_usr_1_t,2025-12-28,1,1,"""reviewCount"":1,""ratingsCount"":1,""checkinCount"":0,""listCount"":0,""watchlistCount"":0,""favoritePeopleCount"":0,""badgesCount"":2,""interestCount"":0",2025-12-28T14:33:23Z
1,ur211994168,https://www.imdb.com/user/ur211994168/?ref_=tturv_usr_1_t,2025-12-28,1,6,"""reviewCount"":1,""ratingsCount"":6,""checkinCount"":0,""listCount"":0,""watchlistCount"":0,""favoritePeopleCount"":0,""badgesCount"":2,""interestCount"":0",2025-12-28T14:46:40Z
1,ur163395946,https://www.imdb.com/user/ur163395946/?ref_=tturv_usr_1_t,2023-03-16,1,0,"""reviewCount"":1,""ratingsCount"":0,""checkinCount"":0,""listCount"":0,""watchlistCount"":0,""favoritePeopleCount"":0,""badgesCount"":2,""interestCount"":0",2023-03-16T21:15:00Z
1,ur211993224,https://www.imdb.com/user/ur211993224/?ref_=tturv_usr_1_t,2025-12-28,1,8,"""reviewCount"":1,""ratingsCount"":8,""checkinCount"":0,""listCount"":0,""watchlistCount"":0,""favoritePeopleCount"":0,""badgesCount"":2,""interestCount"":0",2025-12-28T14:35:49Z
1,ur211992842,https://www.imdb.com/user/ur211992842/?ref_=tturv_usr_1_t,2025-12-28,1,1,"""reviewCount"":1,""ratingsCount"":1,""checkinCount"":0,""listCount"":0,""watchlistCount"":0,""favoritePeopleCount"":0,""badgesCount"":2,""interestCount"":0",2025-12-28T14:30:31Z
1,ur211993072,https://www.imdb.com/user/ur211993072/?ref_=tturv_usr_1_t,2025-12-28,2,2,"""reviewCount"":2,""ratingsCount"":2,""checkinCount"":0,""listCount"":0,""watchlistCount"":0,""favoritePeopleCount"":0,""badgesCount"":2,""interestCount"":0",2025-12-28T14:33:12Z
1,ur120319935,https://www.imdb.com/user/ur120319935/?ref_=tturv_usr_1_t,2020-06-28,3,0,"""reviewCount"":3,""ratingsCount"":0,""checkinCount"":0,""listCount"":0,""watchlistCount"":0,""favoritePeopleCount"":0,""badgesCount"":2,""interestCount"":0",2020-06-28T09:01:00Z
1,ur58547825,https://www.imdb.com/user/ur58547825/?ref_=tturv_usr_1_t,2015-02-12,2,0,"""reviewCount"":2,""ratingsCount"":0,""checkinCount"":0,""listCount"":0,""watchlistCount"":0,""favoritePeopleCount"":0,""badgesCount"":2,""interestCount"":0",2015-02-12T00:33:00Z
1,ur67971833,https://www.imdb.com/user/ur67971833/?ref_=tturv_usr_1_t,2016-07-15,2,0,"""reviewCount"":2,""ratingsCount"":0,""checkinCount"":0,""listCount"":0,""watchlistCount"":0,""favoritePeopleCount"":0,""badgesCount"":2,""interestCount"":0",2016-07-15T05:09:50Z
1,ur211992014,https://www.imdb.com/user/ur211992014/?ref_=tturv_usr_1_t,2025-12-28,1,1,"""reviewCount"":1,""ratingsCount"":1,""checkinCount"":0,""listCount"":0,""watchlistCount"":0,""favoritePeopleCount"":0,""badgesCount"":2,""interestCount"":0",2025-12-28T14:12:58Z
1,ur211989269,https://www.imdb.com/user/ur211989269/?ref_=tturv_usr_1_t,2025-12-28,1,4,"""reviewCount"":1,""ratingsCount"":4,""checkinCount"":0,""listCount"":0,""watchlistCount"":0,""favoritePeopleCount"":0,""badgesCount"":2,""interestCount"":0",2025-12-28T11:42:41Z
1,ur211991434,https://www.imdb.com/user/ur211991434/?ref_=tturv_usr_1_t,2025-12-28,1,6,"""reviewCount"":1,""ratingsCount"":6,""checkinCount"":0,""listCount"":0,""watchlistCount"":0,""favoritePeopleCount"":0,""badgesCount"":2,""interestCount"":0",2025-12-28T13:39:58Z
1,ur211990596,https://www.imdb.com/user/ur211990596/?ref_=tturv_usr_1_t,2025-12-28,3,43,"""reviewCount"":3,""ratingsCount"":43,""checkinCount"":0,""listCount"":0,""watchlistCount"":0,""favoritePeopleCount"":0,""badgesCount"":2,""interestCount"":0",2025-12-28T13:46:08Z
1,ur211992040,https://www.imdb.com/user/ur211992040/?ref_=tturv_usr_1_t,2025-12-28,1,2,"""reviewCount"":1,""ratingsCount"":2,""checkinCount"":0,""listCount"":0,""watchlistCount"":0,""favoritePeopleCount"":0,""badgesCount"":2,""interestCount"":0",2025-12-28T13:39:40Z
1,ur211987450,https://www.imdb.com/user/ur211987450/?ref_=tturv_usr_1_t,2025-12-28,1,43,"""reviewCount"":1,""ratingsCount"":43,""checkinCount"":0,""listCount"":0,""watchlistCount"":0,""favoritePeopleCount"":0,""badgesCount"":2,""interestCount"":0",2025-12-28T10:41:36Z
1,ur199330185,https://www.imdb.com/user/ur199330185/?ref_=tturv_usr_1_t,2025-04-03,1,40,"""reviewCount"":1,""ratingsCount"":40,""checkinCount"":0,""listCount"":0,""watchlistCount"":5,""favoritePeopleCount"":0,""badgesCount"":2,""interestCount"":0",2025-04-03T23:20:38Z
1,ur211990135,https://www.imdb.com/user/ur211990135/?ref_=tturv_usr_1_t,2025-12-28,1,1,"""reviewCount"":1,""ratingsCount"":1,""checkinCount"":0,""listCount"":0,""watchlistCount"":0,""favoritePeopleCount"":0,""badgesCount"":2,""interestCount"":0",2025-12-28T13:42:27Z
1,ur211989285,https://www.imdb.com/user/ur211989285/?ref_=tturv_usr_1_t,2025-12-28,2,2,"""reviewCount"":2,""ratingsCount"":2,""checkinCount"":0,""listCount"":0,""watchlistCount"":1,""favoritePeopleCount"":0,""badgesCount"":2,""interestCount"":0",2025-12-28T12:19:56Z
1,ur211990267,https://www.imdb.com/user/ur211990267/?ref_=tturv_usr_1_t,2025-12-28,1,1,"""reviewCount"":1,""ratingsCount"":1,""checkinCount"":0,""listCount"":0,""watchlistCount"":0,""favoritePeopleCount"":0,""badgesCount"":2,""interestCount"":0",2025-12-28T13:32:44Z
1,ur211989865,https://www.imdb.com/user/ur211989865/?ref_=tturv_usr_1_t,2025-12-28,1,1,"""reviewCount"":1,""ratingsCount"":1,""checkinCount"":0,""listCount"":0,""watchlistCount"":1,""favoritePeopleCount"":0,""badgesCount"":2,""interestCount"":0",2025-12-28T13:30:22Z
1,ur211990428,https://www.imdb.com/user/ur211990428/?ref_=tturv_usr_1_t,2025-12-28,2,4,"""reviewCount"":2,""ratingsCount"":4,""checkinCount"":0,""listCount"":0,""watchlistCount"":0,""favoritePeopleCount"":0,""badgesCount"":2,""interestCount"":0",2025-12-28T12:27:52Z
1,ur211991082,https://www.imdb.com/user/ur211991082/?ref_=tturv_usr_1_t,2025-12-28,1,1,"""reviewCount"":1,""ratingsCount"":1,""checkinCount"":0,""listCount"":0,""watchlistCount"":0,""favoritePeopleCount"":0,""badgesCount"":2,""interestCount"":0",2025-12-28T13:30:08Z
1,ur211989687,https://www.imdb.com/user/ur211989687/?ref_=tturv_usr_1_t,2025-12-28,1,4,"""reviewCount"":1,""ratingsCount"":4,""checkinCount"":0,""listCount"":0,""watchlistCount"":0,""favoritePeopleCount"":0,""badgesCount"":2,""interestCount"":0",2025-12-28T13:25:06Z
1,ur211991015,https://www.imdb.com/user/ur211991015/?ref_=tturv_usr_1_t,2025-12-28,3,3,"""reviewCount"":3,""ratingsCount"":3,""checkinCount"":0,""listCount"":0,""watchlistCount"":0,""favoritePeopleCount"":0,""badgesCount"":2,""interestCount"":0",2025-12-28T13:22:14Z
1,ur39231153,https://www.imdb.com/user/ur39231153/?ref_=tturv_usr_1_t,2012-12-29,48,2340,"""reviewCount"":48,""ratingsCount"":2340,""checkinCount"":0,""listCount"":1,""watchlistCount"":0,""favoritePeopleCount"":0,""badgesCount"":2,""interestCount"":0",2012-12-29T20:36:12Z
1,ur211989285,https://www.imdb.com/user/ur211989285/?ref_=tturv_usr_1_t,2025-12-28,2,2,"""reviewCount"":2,""ratingsCount"":2,""checkinCount"":0,""listCount"":0,""watchlistCount"":1,""favoritePeopleCount"":0,""badgesCount"":2,""interestCount"":0",2025-12-28T12:19:56Z
1,ur211990574,https://www.imdb.com/user/ur211990574/?ref_=tturv_usr_1_t,2025-12-28,1,3,"""reviewCount"":1,""ratingsCount"":3,""checkinCount"":0,""listCount"":0,""watchlistCount"":0,""favoritePeopleCount"":0,""badgesCount"":2,""interestCount"":0",2025-12-28T13:26:29Z
1,ur211991668,https://www.imdb.com/user/ur211991668/?ref_=tturv_usr_1_t,2025-12-28,1,1,"""reviewCount"":1,""ratingsCount"":1,""checkinCount"":0,""listCount"":0,""watchlistCount"":0,""favoritePeopleCount"":0,""badgesCount"":2,""interestCount"":0",2025-12-28T13:20:29Z
1,ur211991219,https://www.imdb.com/user/ur211991219/?ref_=tturv_usr_1_t,2025-12-28,1,5,"""reviewCount"":1,""ratingsCount"":5,""checkinCount"":0,""listCount"":0,""watchlistCount"":0,""favoritePeopleCount"":0,""badgesCount"":2,""interestCount"":0",2025-12-28T13:00:53Z
1,ur211989700,https://www.imdb.com/user/ur211989700/?ref_=tturv_usr_1_t,2025-12-28,2,3,"""reviewCount"":2,""ratingsCount"":3,""checkinCount"":0,""listCount"":0,""watchlistCount"":0,""favoritePeopleCount"":0,""badgesCount"":2,""interestCount"":0",2025-12-28T12:57:54Z
1,ur211990257,https://www.imdb.com/user/ur211990257/?ref_=tturv_usr_1_t,2025-12-28,3,7,"""reviewCount"":3,""ratingsCount"":7,""checkinCount"":0,""listCount"":0,""watchlistCount"":0,""favoritePeopleCount"":0,""badgesCount"":2,""interestCount"":0",2025-12-28T13:15:19Z
1,ur211990623,https://www.imdb.com/user/ur211990623/?ref_=tturv_usr_1_t,2025-12-28,1,1,"""reviewCount"":1,""ratingsCount"":1,""checkinCount"":0,""listCount"":0,""watchlistCount"":0,""favoritePeopleCount"":0,""badgesCount"":2,""interestCount"":0",2025-12-28T13:05:30Z
1,ur211989956,https://www.imdb.com/user/ur211989956/?ref_=tturv_usr_1_t,2025-12-28,1,1,"""reviewCount"":1,""ratingsCount"":1,""checkinCount"":0,""listCount"":0,""watchlistCount"":0,""favoritePeopleCount"":0,""badgesCount"":2,""interestCount"":0",2025-12-28T13:09:45Z
1,ur211991110,https://www.imdb.com/user/ur211991110/?ref_=tturv_usr_1_t,2025-12-28,1,1,"""reviewCount"":1,""ratingsCount"":1,""checkinCount"":0,""listCount"":0,""watchlistCount"":0,""favoritePeopleCount"":0,""badgesCount"":2,""interestCount"":0",2025-12-28T12:54:21Z
1,ur151506928,https://www.imdb.com/user/ur151506928/?ref_=tturv_usr_1_t,2022-03-27,2,0,"""reviewCount"":2,""ratingsCount"":0,""checkinCount"":0,""listCount"":0,""watchlistCount"":0,""favoritePeopleCount"":0,""badgesCount"":2,""interestCount"":0",2022-03-27T11:33:29Z
1,ur211991298,https://www.imdb.com/user/ur211991298/?ref_=tturv_usr_1_t,2025-12-28,2,5,"""reviewCount"":2,""ratingsCount"":5,""checkinCount"":0,""listCount"":0,""watchlistCount"":0,""favoritePeopleCount"":0,""badgesCount"":2,""interestCount"":0",2025-12-28T13:00:58Z
1,ur211991079,https://www.imdb.com/user/ur211991079/?ref_=tturv_usr_1_t,2025-12-28,1,3,"""reviewCount"":1,""ratingsCount"":3,""checkinCount"":0,""listCount"":0,""watchlistCount"":0,""favoritePeopleCount"":0,""badgesCount"":2,""interestCount"":0",2025-12-28T12:56:55Z
1,ur206560023,https://www.imdb.com/user/ur206560023/?ref_=tturv_usr_1_t,2025-08-05,4,52,"""reviewCount"":4,""ratingsCount"":52,""checkinCount"":0,""listCount"":0,""watchlistCount"":4,""favoritePeopleCount"":0,""badgesCount"":2,""interestCount"":0",2025-08-05T15:00:06Z
1,ur211989397,https://www.imdb.com/user/ur211989397/?ref_=tturv_usr_1_t,2025-12-28,1,4,"""reviewCount"":1,""ratingsCount"":4,""checkinCount"":0,""listCount"":0,""watchlistCount"":0,""favoritePeopleCount"":0,""badgesCount"":2,""interestCount"":0",2025-12-28T12:54:43Z
1,ur211990241,https://www.imdb.com/user/ur211990241/?ref_=tturv_usr_1_t,2025-12-28,1,1,"""reviewCount"":1,""ratingsCount"":1,""checkinCount"":0,""listCount"":0,""watchlistCount"":0,""favoritePeopleCount"":0,""badgesCount"":2,""interestCount"":0",2025-12-28T12:59:53Z
1,ur211990532,https://www.imdb.com/user/ur211990532/?ref_=tturv_usr_1_t,2025-12-28,1,2,"""reviewCount"":1,""ratingsCount"":2,""checkinCount"":0,""listCount"":0,""watchlistCount"":0,""favoritePeopleCount"":0,""badgesCount"":2,""interestCount"":0",2025-12-28T12:56:28Z
1,ur211990313,https://www.imdb.com/user/ur211990313/?ref_=tturv_usr_1_t,2025-12-28,1,1,"""reviewCount"":1,""ratingsCount"":1,""checkinCount"":0,""listCount"":0,""watchlistCount"":0,""favoritePeopleCount"":0,""badgesCount"":2,""interestCount"":0",2025-12-28T12:48:05Z
1,ur211991088,https://www.imdb.com/user/ur211991088/?ref_=tturv_usr_1_t,2025-12-28,1,1,"""reviewCount"":1,""ratingsCount"":1,""checkinCount"":0,""listCount"":0,""watchlistCount"":0,""favoritePeopleCount"":0,""badgesCount"":2,""interestCount"":0",2025-12-28T12:52:56Z
1,ur211990155,https://www.imdb.com/user/ur211990155/?ref_=tturv_usr_1_t,2025-12-28,1,3,"""reviewCount"":1,""ratingsCount"":3,""checkinCount"":0,""listCount"":0,""watchlistCount"":0,""favoritePeopleCount"":0,""badgesCount"":2,""interestCount"":0",2025-12-28T12:49:07Z
1,ur208452397,https://www.imdb.com/user/ur208452397/?ref_=tturv_usr_1_t,2025-09-10,1,3,"""reviewCount"":1,""ratingsCount"":3,""checkinCount"":0,""listCount"":0,""watchlistCount"":0,""favoritePeopleCount"":0,""badgesCount"":2,""interestCount"":0",2025-09-10T05:53:23Z
1,ur211987716,https://www.imdb.com/user/ur211987716/?ref_=tturv_usr_1_t,2025-12-28,1,1,"""reviewCount"":1,""ratingsCount"":1,""checkinCount"":0,""listCount"":0,""watchlistCount"":0,""favoritePeopleCount"":0,""badgesCount"":2,""interestCount"":0",2025-12-28T12:35:40Z
1,ur200036919,https://www.imdb.com/user/ur200036919/?ref_=tturv_usr_1_t,2025-04-16,1,7,"""reviewCount"":1,""ratingsCount"":7,""checkinCount"":0,""listCount"":0,""watchlistCount"":0,""favoritePeopleCount"":0,""badgesCount"":2,""interestCount"":0",2025-04-16T13:03:24Z
1,ur211985428,https://www.imdb.com/user/ur211985428/?ref_=tturv_usr_1_t,2025-12-28,2,3,"""reviewCount"":2,""ratingsCount"":3,""checkinCount"":0,""listCount"":0,""watchlistCount"":0,""favoritePeopleCount"":0,""badgesCount"":2,""interestCount"":0",2025-12-28T08:38:21Z
1,ur211989931,https://www.imdb.com/user/ur211989931/?ref_=tturv_usr_1_t,2025-12-28,1,1,"""reviewCount"":1,""ratingsCount"":1,""checkinCount"":0,""listCount"":0,""watchlistCount"":0,""favoritePeopleCount"":0,""badgesCount"":2,""interestCount"":0",2025-12-28T12:31:57Z
1,ur148005975,https://www.imdb.com/user/ur148005975/?ref_=tturv_usr_1_t,2022-01-05,2,0,"""reviewCount"":2,""ratingsCount"":0,""checkinCount"":0,""listCount"":0,""watchlistCount"":0,""favoritePeopleCount"":0,""badgesCount"":2,""interestCount"":0",2022-01-05T19:36:34Z
1,ur211990308,https://www.imdb.com/user/ur211990308/?ref_=tturv_usr_1_t,2025-12-28,1,4,"""reviewCount"":1,""ratingsCount"":4,""checkinCount"":0,""listCount"":0,""watchlistCount"":0,""favoritePeopleCount"":0,""badgesCount"":2,""interestCount"":0",2025-12-28T12:23:38Z
1,ur211989992,https://www.imdb.com/user/ur211989992/?ref_=tturv_usr_1_t,2025-12-28,1,1,"""reviewCount"":1,""ratingsCount"":1,""checkinCount"":0,""listCount"":0,""watchlistCount"":1,""favoritePeopleCount"":0,""badgesCount"":2,""interestCount"":0",2025-12-28T12:21:44Z
1,ur126672101,https://www.imdb.com/user/ur126672101/?ref_=tturv_usr_1_t,2020-11-26,1,0,"""reviewCount"":1,""ratingsCount"":0,""checkinCount"":0,""listCount"":0,""watchlistCount"":1,""favoritePeopleCount"":0,""badgesCount"":2,""interestCount"":0",2020-11-26T22:06:25Z
1,ur211990209,https://www.imdb.com/user/ur211990209/?ref_=tturv_usr_1_t,2025-12-28,1,7,"""reviewCount"":1,""ratingsCount"":7,""checkinCount"":0,""listCount"":0,""watchlistCount"":0,""favoritePeopleCount"":0,""badgesCount"":2,""interestCount"":0",2025-12-28T12:19:41Z
1,ur211990108,https://www.imdb.com/user/ur211990108/?ref_=tturv_usr_1_t,2025-12-28,1,8,"""reviewCount"":1,""ratingsCount"":8,""checkinCount"":0,""listCount"":0,""watchlistCount"":1,""favoritePeopleCount"":0,""badgesCount"":2,""interestCount"":0",2025-12-28T12:13:32Z
1,ur211989246,https://www.imdb.com/user/ur211989246/?ref_=tturv_usr_1_t,2025-12-28,1,6,"""reviewCount"":1,""ratingsCount"":6,""checkinCount"":0,""listCount"":0,""watchlistCount"":0,""favoritePeopleCount"":0,""badgesCount"":2,""interestCount"":0",2025-12-28T12:07:30Z
1,ur195614923,https://www.imdb.com/user/ur195614923/?ref_=tturv_usr_1_t,2025-01-22,1,1,"""reviewCount"":1,""ratingsCount"":1,""checkinCount"":0,""listCount"":0,""watchlistCount"":0,""favoritePeopleCount"":0,""badgesCount"":2,""interestCount"":0",2025-01-22T16:02:05Z
1,ur211987765,https://www.imdb.com/user/ur211987765/?ref_=tturv_usr_1_t,2025-12-28,1,1,"""reviewCount"":1,""ratingsCount"":1,""checkinCount"":0,""listCount"":0,""watchlistCount"":0,""favoritePeopleCount"":0,""badgesCount"":2,""interestCount"":0",2025-12-28T12:03:06Z
1,ur211989179,https://www.imdb.com/user/ur211989179/?ref_=tturv_usr_1_t,2025-12-28,1,4,"""reviewCount"":1,""ratingsCount"":4,""checkinCount"":0,""listCount"":0,""watchlistCount"":0,""favoritePeopleCount"":0,""badgesCount"":2,""interestCount"":0",2025-12-28T11:48:18Z
1,ur211987517,https://www.imdb.com/user/ur211987517/?ref_=tturv_usr_1_t,2025-12-28,1,2,"""reviewCount"":1,""ratingsCount"":2,""checkinCount"":0,""listCount"":0,""watchlistCount"":0,""favoritePeopleCount"":0,""badgesCount"":2,""interestCount"":0",2025-12-28T11:47:50Z
1,ur211989348,https://www.imdb.com/user/ur211989348/?ref_=tturv_usr_1_t,2025-12-28,1,4,"""reviewCount"":1,""ratingsCount"":4,""checkinCount"":0,""listCount"":0,""watchlistCount"":0,""favoritePeopleCount"":0,""badgesCount"":2,""interestCount"":0",2025-12-28T11:39:29Z
1,ur211988790,https://www.imdb.com/user/ur211988790/?ref_=tturv_usr_1_t,2025-12-28,1,1,"""reviewCount"":1,""ratingsCount"":1,""checkinCount"":0,""listCount"":0,""watchlistCount"":0,""favoritePeopleCount"":0,""badgesCount"":2,""interestCount"":0",2025-12-28T11:42:05Z
1,ur211987951,https://www.imdb.com/user/ur211987951/?ref_=tturv_usr_1_t,2025-12-28,1,1,"""reviewCount"":1,""ratingsCount"":1,""checkinCount"":0,""listCount"":0,""watchlistCount"":0,""favoritePeopleCount"":0,""badgesCount"":2,""interestCount"":0",2025-12-28T11:37:19Z
1,ur211988848,https://www.imdb.com/user/ur211988848/?ref_=tturv_usr_1_t,2025-12-28,1,1,"""reviewCount"":1,""ratingsCount"":1,""checkinCount"":0,""listCount"":0,""watchlistCount"":0,""favoritePeopleCount"":0,""badgesCount"":2,""interestCount"":0",2025-12-28T11:15:30Z
1,ur177752485,https://www.imdb.com/user/ur177752485/?ref_=tturv_usr_1_t,2024-02-21,2,0,"""reviewCount"":2,""ratingsCount"":0,""checkinCount"":0,""listCount"":0,""watchlistCount"":0,""favoritePeopleCount"":0,""badgesCount"":2,""interestCount"":0",2024-02-21T14:41:23Z
1,ur18946496,https://www.imdb.com/user/ur18946496/?ref_=tturv_usr_1_t,2008-04-02,524,0,"""reviewCount"":524,""ratingsCount"":0,""checkinCount"":0,""listCount"":1,""watchlistCount"":0,""favoritePeopleCount"":0,""badgesCount"":23,""interestCount"":0",2008-04-02T21:02:39Z
1,ur211987215,https://www.imdb.com/user/ur211987215/?ref_=tturv_usr_1_t,2025-12-28,1,8,"""reviewCount"":1,""ratingsCount"":8,""checkinCount"":0,""listCount"":0,""watchlistCount"":0,""favoritePeopleCount"":0,""badgesCount"":2,""interestCount"":0",2025-12-28T11:16:07Z
1,ur204675052,https://www.imdb.com/user/ur204675052/?ref_=tturv_usr_1_t,2025-07-02,1,1,"""reviewCount"":1,""ratingsCount"":1,""checkinCount"":0,""listCount"":0,""watchlistCount"":1,""favoritePeopleCount"":0,""badgesCount"":2,""interestCount"":0",2025-07-02T17:35:34Z
1,ur211986897,https://www.imdb.com/user/ur211986897/?ref_=tturv_usr_1_t,2025-12-28,2,2,"""reviewCount"":2,""ratingsCount"":2,""checkinCount"":0,""listCount"":0,""watchlistCount"":0,""favoritePeopleCount"":0,""badgesCount"":2,""interestCount"":0",2025-12-28T11:07:04Z
1,ur211988428,https://www.imdb.com/user/ur211988428/?ref_=tturv_usr_1_t,2025-12-28,1,11,"""reviewCount"":1,""ratingsCount"":11,""checkinCount"":0,""listCount"":0,""watchlistCount"":0,""favoritePeopleCount"":0,""badgesCount"":2,""interestCount"":0",2025-12-28T11:03:21Z
1,ur211986315,https://www.imdb.com/user/ur211986315/?ref_=tturv_usr_1_t,2025-12-28,2,2,"""reviewCount"":2,""ratingsCount"":2,""checkinCount"":0,""listCount"":0,""watchlistCount"":0,""favoritePeopleCount"":0,""badgesCount"":2,""interestCount"":0",2025-12-28T11:03:19Z
1,ur203224454,https://www.imdb.com/user/ur203224454/?ref_=tturv_usr_1_t,2025-05-31,1,1,"""reviewCount"":1,""ratingsCount"":1,""checkinCount"":0,""listCount"":0,""watchlistCount"":0,""favoritePeopleCount"":0,""badgesCount"":2,""interestCount"":0",2025-05-31T21:33:21Z
1,ur211986537,https://www.imdb.com/user/ur211986537/?ref_=tturv_usr_1_t,2025-12-28,1,8,"""reviewCount"":1,""ratingsCount"":8,""checkinCount"":0,""listCount"":0,""watchlistCount"":0,""favoritePeopleCount"":0,""badgesCount"":2,""interestCount"":0",2025-12-28T10:35:44Z
1,ur211987463,https://www.imdb.com/user/ur211987463/?ref_=tturv_usr_1_t,2025-12-28,1,2,"""reviewCount"":1,""ratingsCount"":2,""checkinCount"":0,""listCount"":0,""watchlistCount"":0,""favoritePeopleCount"":0,""badgesCount"":2,""interestCount"":0",2025-12-28T10:54:13Z
1,ur211519548,https://www.imdb.com/user/ur211519548/?ref_=tturv_usr_1_t,2025-12-05,1,1,"""reviewCount"":1,""ratingsCount"":1,""checkinCount"":0,""listCount"":0,""watchlistCount"":0,""favoritePeopleCount"":0,""badgesCount"":2,""interestCount"":0",2025-12-05T16:51:23Z
1,ur211987313,https://www.imdb.com/user/ur211987313/?ref_=tturv_usr_1_t,2025-12-28,1,1,"""reviewCount"":1,""ratingsCount"":1,""checkinCount"":0,""listCount"":0,""watchlistCount"":0,""favoritePeopleCount"":0,""badgesCount"":2,""interestCount"":0",2025-12-28T10:28:39Z
1,ur211986672,https://www.imdb.com/user/ur211986672/?ref_=tturv_usr_1_t,2025-12-28,1,1,"""reviewCount"":1,""ratingsCount"":1,""checkinCount"":0,""listCount"":0,""watchlistCount"":0,""favoritePeopleCount"":0,""badgesCount"":2,""interestCount"":0",2025-12-28T10:35:06Z
1,ur211987081,https://www.imdb.com/user/ur211987081/?ref_=tturv_usr_1_t,2025-12-28,3,11,"""reviewCount"":3,""ratingsCount"":11,""checkinCount"":0,""listCount"":0,""watchlistCount"":0,""favoritePeopleCount"":0,""badgesCount"":2,""interestCount"":0",2025-12-28T10:28:24Z
1,ur211987658,https://www.imdb.com/user/ur211987658/?ref_=tturv_usr_1_t,2025-12-28,1,1,"""reviewCount"":1,""ratingsCount"":1,""checkinCount"":0,""listCount"":0,""watchlistCount"":0,""favoritePeopleCount"":0,""badgesCount"":2,""interestCount"":0",2025-12-28T10:27:23Z
1,ur211986223,https://www.imdb.com/user/ur211986223/?ref_=tturv_usr_1_t,2025-12-28,1,3,"""reviewCount"":1,""ratingsCount"":3,""checkinCount"":0,""listCount"":0,""watchlistCount"":0,""favoritePeopleCount"":0,""badgesCount"":2,""interestCount"":0",2025-12-28T10:18:05Z
1,ur211986425,https://www.imdb.com/user/ur211986425/?ref_=tturv_usr_1_t,2025-12-28,1,3,"""reviewCount"":1,""ratingsCount"":3,""checkinCount"":0,""listCount"":0,""watchlistCount"":0,""favoritePeopleCount"":0,""badgesCount"":2,""interestCount"":0",2025-12-28T10:16:03Z
1,ur211986763,https://www.imdb.com/user/ur211986763/?ref_=tturv_usr_1_t,2025-12-28,1,1,"""reviewCount"":1,""ratingsCount"":1,""checkinCount"":0,""listCount"":0,""watchlistCount"":0,""favoritePeopleCount"":0,""badgesCount"":2,""interestCount"":0",2025-12-28T10:18:22Z
1,ur211986690,https://www.imdb.com/user/ur211986690/?ref_=tturv_usr_1_t,2025-12-28,1,1,"""reviewCount"":1,""ratingsCount"":1,""checkinCount"":0,""listCount"":0,""watchlistCount"":0,""favoritePeopleCount"":0,""badgesCount"":2,""interestCount"":0",2025-12-28T10:01:58Z
1,ur211986701,https://www.imdb.com/user/ur211986701/?ref_=tturv_usr_1_t,2025-12-28,1,4,"""reviewCount"":1,""ratingsCount"":4,""checkinCount"":0,""listCount"":0,""watchlistCount"":0,""favoritePeopleCount"":0,""badgesCount"":2,""interestCount"":0",2025-12-28T10:04:18Z
1,ur211986852,https://www.imdb.com/user/ur211986852/?ref_=tturv_usr_1_t,2025-12-28,1,1,"""reviewCount"":1,""ratingsCount"":1,""checkinCount"":0,""listCount"":0,""watchlistCount"":0,""favoritePeopleCount"":0,""badgesCount"":2,""interestCount"":0",2025-12-28T10:01:08Z
1,ur211987009,https://www.imdb.com/user/ur211987009/?ref_=tturv_usr_1_t,2025-12-28,2,3,"""reviewCount"":2,""ratingsCount"":3,""checkinCount"":0,""listCount"":0,""watchlistCount"":0,""favoritePeopleCount"":0,""badgesCount"":2,""interestCount"":0",2025-12-28T09:56:04Z
1,ur211985385,https://www.imdb.com/user/ur211985385/?ref_=tturv_usr_1_t,2025-12-28,1,1,"""reviewCount"":1,""ratingsCount"":1,""checkinCount"":0,""listCount"":0,""watchlistCount"":0,""favoritePeopleCount"":0,""badgesCount"":2,""interestCount"":0",2025-12-28T09:54:10Z
1,ur198169699,https://www.imdb.com/user/ur198169699/?ref_=tturv_usr_1_t,2025-03-13,1,2,"""reviewCount"":1,""ratingsCount"":2,""checkinCount"":0,""listCount"":0,""watchlistCount"":0,""favoritePeopleCount"":0,""badgesCount"":2,""interestCount"":0",2025-03-13T05:42:53Z
1,ur211982277,https://www.imdb.com/user/ur211982277/?ref_=tturv_usr_1_t,2025-12-28,1,37,"""reviewCount"":1,""ratingsCount"":37,""checkinCount"":0,""listCount"":0,""watchlistCount"":0,""favoritePeopleCount"":0,""badgesCount"":2,""interestCount"":0",2025-12-28T09:07:04Z
1,ur211985912,https://www.imdb.com/user/ur211985912/?ref_=tturv_usr_1_t,2025-12-28,1,1,"""reviewCount"":1,""ratingsCount"":1,""checkinCount"":0,""listCount"":0,""watchlistCount"":0,""favoritePeopleCount"":0,""badgesCount"":2,""interestCount"":0",2025-12-28T09:40:14Z
1,ur211985873,https://www.imdb.com/user/ur211985873/?ref_=tturv_usr_1_t,2025-12-28,1,2,"""reviewCount"":1,""ratingsCount"":2,""checkinCount"":0,""listCount"":0,""watchlistCount"":0,""favoritePeopleCount"":0,""badgesCount"":2,""interestCount"":0",2025-12-28T09:36:30Z
1,ur211985934,https://www.imdb.com/user/ur211985934/?ref_=tturv_usr_1_t,2025-12-28,1,2,"""reviewCount"":1,""ratingsCount"":2,""checkinCount"":0,""listCount"":0,""watchlistCount"":0,""favoritePeopleCount"":0,""badgesCount"":2,""interestCount"":0",2025-12-28T09:28:12Z
1,ur211984124,https://www.imdb.com/user/ur211984124/?ref_=tturv_usr_1_t,2025-12-28,1,1,"""reviewCount"":1,""ratingsCount"":1,""checkinCount"":0,""listCount"":0,""watchlistCount"":0,""favoritePeopleCount"":0,""badgesCount"":2,""interestCount"":0",2025-12-28T09:17:34Z
1,ur211984675,https://www.imdb.com/user/ur211984675/?ref_=tturv_usr_1_t,2025-12-28,1,1,"""reviewCount"":1,""ratingsCount"":1,""checkinCount"":0,""listCount"":0,""watchlistCount"":0,""favoritePeopleCount"":0,""badgesCount"":2,""interestCount"":0",2025-12-28T09:02:17Z
1,ur75480531,https://www.imdb.com/user/ur75480531/?ref_=tturv_usr_1_t,2017-04-23,2,0,"""reviewCount"":2,""ratingsCount"":0,""checkinCount"":0,""listCount"":0,""watchlistCount"":0,""favoritePeopleCount"":0,""badgesCount"":2,""interestCount"":0",2017-04-23T23:12:48Z
1,ur211983586,https://www.imdb.com/user/ur211983586/?ref_=tturv_usr_1_t,2025-12-28,1,1,"""reviewCount"":1,""ratingsCount"":1,""checkinCount"":0,""listCount"":0,""watchlistCount"":0,""favoritePeopleCount"":0,""badgesCount"":2,""interestCount"":0",2025-12-28T08:41:17Z
1,ur211984413,https://www.imdb.com/user/ur211984413/?ref_=tturv_usr_1_t,2025-12-28,1,1,"""reviewCount"":1,""ratingsCount"":1,""checkinCount"":0,""listCount"":0,""watchlistCount"":0,""favoritePeopleCount"":0,""badgesCount"":2,""interestCount"":0",2025-12-28T08:34:19Z
1,ur211985238,https://www.imdb.com/user/ur211985238/?ref_=tturv_usr_1_t,2025-12-28,1,6,"""reviewCount"":1,""ratingsCount"":6,""checkinCount"":0,""listCount"":0,""watchlistCount"":0,""favoritePeopleCount"":0,""badgesCount"":2,""interestCount"":0",2025-12-28T08:25:39Z
1,ur211983196,https://www.imdb.com/user/ur211983196/?ref_=tturv_usr_1_t,2025-12-28,1,1,"""reviewCount"":1,""ratingsCount"":1,""checkinCount"":0,""listCount"":0,""watchlistCount"":0,""favoritePeopleCount"":0,""badgesCount"":2,""interestCount"":0",2025-12-28T08:19:42Z
1,ur190747586,https://www.imdb.com/user/ur190747586/?ref_=tturv_usr_1_t,2024-10-29,1,7,"""reviewCount"":1,""ratingsCount"":7,""checkinCount"":0,""listCount"":0,""watchlistCount"":0,""favoritePeopleCount"":0,""badgesCount"":2,""interestCount"":0",2024-10-29T20:28:56Z
1,ur211983903,https://www.imdb.com/user/ur211983903/?ref_=tturv_usr_1_t,2025-12-28,1,1,"""reviewCount"":1,""ratingsCount"":1,""checkinCount"":0,""listCount"":0,""watchlistCount"":0,""favoritePeopleCount"":0,""badgesCount"":2,""interestCount"":0",2025-12-28T07:48:04Z
1,ur186873506,https://www.imdb.com/user/ur186873506/?ref_=tturv_usr_1_t,2024-08-20,1,12,"""reviewCount"":1,""ratingsCount"":12,""checkinCount"":0,""listCount"":0,""watchlistCount"":0,""favoritePeopleCount"":0,""badgesCount"":2,""interestCount"":0",2024-08-20T04:18:13Z
1,ur211983099,https://www.imdb.com/user/ur211983099/?ref_=tturv_usr_1_t,2025-12-28,1,4,"""reviewCount"":1,""ratingsCount"":4,""checkinCount"":0,""listCount"":0,""watchlistCount"":0,""favoritePeopleCount"":0,""badgesCount"":2,""interestCount"":0",2025-12-28T06:31:57Z
1,ur158520272,https://www.imdb.com/user/ur158520272/?ref_=tturv_usr_1_t,2022-11-06,1,0,"""reviewCount"":1,""ratingsCount"":0,""checkinCount"":0,""listCount"":0,""watchlistCount"":0,""favoritePeopleCount"":0,""badgesCount"":2,""interestCount"":0",2022-11-06T01:55:25Z
1,ur198252518,https://www.imdb.com/user/ur198252518/?ref_=tturv_usr_1_t,2025-03-14,2,8,"""reviewCount"":2,""ratingsCount"":8,""checkinCount"":0,""listCount"":0,""watchlistCount"":0,""favoritePeopleCount"":0,""badgesCount"":2,""interestCount"":0",2025-03-14T19:20:23Z
1,ur121558269,https://www.imdb.com/user/ur121558269/?ref_=tturv_usr_1_t,2020-07-22,1,0,"""reviewCount"":1,""ratingsCount"":0,""checkinCount"":0,""listCount"":0,""watchlistCount"":0,""favoritePeopleCount"":0,""badgesCount"":2,""interestCount"":0",2020-07-22T11:57:04Z
1,ur211983232,https://www.imdb.com/user/ur211983232/?ref_=tturv_usr_1_t,2025-12-28,1,1,"""reviewCount"":1,""ratingsCount"":1,""checkinCount"":0,""listCount"":0,""watchlistCount"":0,""favoritePeopleCount"":0,""badgesCount"":2,""interestCount"":0",2025-12-28T07:00:33Z
1,ur211982333,https://www.imdb.com/user/ur211982333/?ref_=tturv_usr_1_t,2025-12-28,1,1,"""reviewCount"":1,""ratingsCount"":1,""checkinCount"":0,""listCount"":0,""watchlistCount"":0,""favoritePeopleCount"":0,""badgesCount"":2,""interestCount"":0",2025-12-28T06:55:54Z
1,ur211983219,https://www.imdb.com/user/ur211983219/?ref_=tturv_usr_1_t,2025-12-28,1,1,"""reviewCount"":1,""ratingsCount"":1,""checkinCount"":0,""listCount"":0,""watchlistCount"":0,""favoritePeopleCount"":0,""badgesCount"":2,""interestCount"":0",2025-12-28T06:56:42Z
1,ur198250107,https://www.imdb.com/user/ur198250107/?ref_=tturv_usr_1_t,2025-03-14,1,3,"""reviewCount"":1,""ratingsCount"":3,""checkinCount"":0,""listCount"":0,""watchlistCount"":0,""favoritePeopleCount"":0,""badgesCount"":2,""interestCount"":0",2025-03-14T18:20:30Z
1,ur211981776,https://www.imdb.com/user/ur211981776/?ref_=tturv_usr_1_t,2025-12-28,1,1,"""reviewCount"":1,""ratingsCount"":1,""checkinCount"":0,""listCount"":0,""watchlistCount"":0,""favoritePeopleCount"":0,""badgesCount"":2,""interestCount"":0",2025-12-28T06:54:01Z
1,ur161596583,https://www.imdb.com/user/ur161596583/?ref_=tturv_usr_1_t,2023-01-26,1,0,"""reviewCount"":1,""ratingsCount"":0,""checkinCount"":0,""listCount"":0,""watchlistCount"":0,""favoritePeopleCount"":0,""badgesCount"":2,""interestCount"":0",2023-01-26T19:29:09Z
1,ur41416340,https://www.imdb.com/user/ur41416340/?ref_=tturv_usr_1_t,2013-03-02,14,0,"""reviewCount"":14,""ratingsCount"":0,""checkinCount"":0,""listCount"":0,""watchlistCount"":0,""favoritePeopleCount"":0,""badgesCount"":3,""interestCount"":0",2013-03-02T11:05:57Z
1,ur211982809,https://www.imdb.com/user/ur211982809/?ref_=tturv_usr_1_t,2025-12-28,1,1,"""reviewCount"":1,""ratingsCount"":1,""checkinCount"":0,""listCount"":0,""watchlistCount"":0,""favoritePeopleCount"":0,""badgesCount"":2,""interestCount"":0",2025-12-28T06:25:41Z
1,ur211981662,https://www.imdb.com/user/ur211981662/?ref_=tturv_usr_1_t,2025-12-28,1,7,"""reviewCount"":1,""ratingsCount"":7,""checkinCount"":0,""listCount"":0,""watchlistCount"":0,""favoritePeopleCount"":0,""badgesCount"":2,""interestCount"":0",2025-12-28T06:12:11Z
1,ur211359396,https://www.imdb.com/user/ur211359396/?ref_=tturv_usr_1_t,2025-11-26,3,80,"""reviewCount"":3,""ratingsCount"":80,""checkinCount"":0,""listCount"":0,""watchlistCount"":0,""favoritePeopleCount"":0,""badgesCount"":2,""interestCount"":0",2025-11-26T07:19:56Z
1,ur149326597,https://www.imdb.com/user/ur149326597/?ref_=tturv_usr_1_t,2022-02-01,1,0,"""reviewCount"":1,""ratingsCount"":0,""checkinCount"":0,""listCount"":0,""watchlistCount"":0,""favoritePeopleCount"":0,""badgesCount"":4,""interestCount"":0",2022-02-01T00:39:31Z
1,ur211943747,https://www.imdb.com/user/ur211943747/?ref_=tturv_usr_1_t,2025-12-26,1,5,"""reviewCount"":1,""ratingsCount"":5,""checkinCount"":0,""listCount"":0,""watchlistCount"":0,""favoritePeopleCount"":0,""badgesCount"":2,""interestCount"":0",2025-12-26T22:41:01Z
1,ur211981209,https://www.imdb.com/user/ur211981209/?ref_=tturv_usr_1_t,2025-12-28,1,1,"""reviewCount"":1,""ratingsCount"":1,""checkinCount"":0,""listCount"":0,""watchlistCount"":0,""favoritePeopleCount"":0,""badgesCount"":2,""interestCount"":0",2025-12-28T05:06:54Z
1,ur211982440,https://www.imdb.com/user/ur211982440/?ref_=tturv_usr_1_t,2025-12-28,1,1,"""reviewCount"":1,""ratingsCount"":1,""checkinCount"":0,""listCount"":0,""watchlistCount"":0,""favoritePeopleCount"":0,""badgesCount"":2,""interestCount"":0",2025-12-28T06:01:02Z
1,ur211981861,https://www.imdb.com/user/ur211981861/?ref_=tturv_usr_1_t,2025-12-28,1,1,"""reviewCount"":1,""ratingsCount"":1,""checkinCount"":0,""listCount"":0,""watchlistCount"":0,""favoritePeopleCount"":0,""badgesCount"":2,""interestCount"":0",2025-12-28T05:41:01Z
1,ur211980085,https://www.imdb.com/user/ur211980085/?ref_=tturv_usr_1_t,2025-12-28,1,1,"""reviewCount"":1,""ratingsCount"":1,""checkinCount"":0,""listCount"":0,""watchlistCount"":1,""favoritePeopleCount"":0,""badgesCount"":2,""interestCount"":0",2025-12-28T05:40:10Z
1,ur211981612,https://www.imdb.com/user/ur211981612/?ref_=tturv_usr_1_t,2025-12-28,2,3,"""reviewCount"":2,""ratingsCount"":3,""checkinCount"":0,""listCount"":0,""watchlistCount"":0,""favoritePeopleCount"":0,""badgesCount"":2,""interestCount"":0",2025-12-28T05:49:49Z
1,ur211981056,https://www.imdb.com/user/ur211981056/?ref_=tturv_usr_1_t,2025-12-28,1,4,"""reviewCount"":1,""ratingsCount"":4,""checkinCount"":0,""listCount"":0,""watchlistCount"":0,""favoritePeopleCount"":0,""badgesCount"":2,""interestCount"":0",2025-12-28T05:52:02Z
1,ur211981711,https://www.imdb.com/user/ur211981711/?ref_=tturv_usr_1_t,2025-12-28,1,0,"""reviewCount"":1,""ratingsCount"":0,""checkinCount"":0,""listCount"":0,""watchlistCount"":0,""favoritePeopleCount"":0,""badgesCount"":2,""interestCount"":0",2025-12-28T05:26:22Z
1,ur203975205,https://www.imdb.com/user/ur203975205/?ref_=tturv_usr_1_t,2025-06-17,1,1,"""reviewCount"":1,""ratingsCount"":1,""checkinCount"":0,""listCount"":0,""watchlistCount"":5,""favoritePeopleCount"":0,""badgesCount"":2,""interestCount"":0",2025-06-17T04:49:58Z
1,ur211808946,https://www.imdb.com/user/ur211808946/?ref_=tturv_usr_1_t,2025-12-20,1,6,"""reviewCount"":1,""ratingsCount"":6,""checkinCount"":0,""listCount"":0,""watchlistCount"":0,""favoritePeopleCount"":0,""badgesCount"":2,""interestCount"":0",2025-12-20T17:19:04Z
1,ur211980501,https://www.imdb.com/user/ur211980501/?ref_=tturv_usr_1_t,2025-12-28,1,2,"""reviewCount"":1,""ratingsCount"":2,""checkinCount"":0,""listCount"":0,""watchlistCount"":0,""favoritePeopleCount"":0,""badgesCount"":2,""interestCount"":0",2025-12-28T05:18:57Z
1,ur211980846,https://www.imdb.com/user/ur211980846/?ref_=tturv_usr_1_t,2025-12-28,1,1,"""reviewCount"":1,""ratingsCount"":1,""checkinCount"":0,""listCount"":0,""watchlistCount"":0,""favoritePeopleCount"":0,""badgesCount"":2,""interestCount"":0",2025-12-28T05:15:10Z
1,ur211981035,https://www.imdb.com/user/ur211981035/?ref_=tturv_usr_1_t,2025-12-28,1,2,"""reviewCount"":1,""ratingsCount"":2,""checkinCount"":0,""listCount"":0,""watchlistCount"":0,""favoritePeopleCount"":0,""badgesCount"":2,""interestCount"":0",2025-12-28T05:25:48Z
1,ur61382430,https://www.imdb.com/user/ur61382430/?ref_=tturv_usr_1_t,2015-07-09,1,0,"""reviewCount"":1,""ratingsCount"":0,""checkinCount"":0,""listCount"":0,""watchlistCount"":0,""favoritePeopleCount"":0,""badgesCount"":2,""interestCount"":0",2015-07-09T05:10:32Z
1,ur211979693,https://www.imdb.com/user/ur211979693/?ref_=tturv_usr_1_t,2025-12-28,2,4,"""reviewCount"":2,""ratingsCount"":4,""checkinCount"":0,""listCount"":0,""watchlistCount"":1,""favoritePeopleCount"":0,""badgesCount"":2,""interestCount"":0",2025-12-28T05:18:56Z
1,ur211963014,https://www.imdb.com/user/ur211963014/?ref_=tturv_usr_1_t,2025-12-27,1,7,"""reviewCount"":1,""ratingsCount"":7,""checkinCount"":0,""listCount"":0,""watchlistCount"":0,""favoritePeopleCount"":0,""badgesCount"":2,""interestCount"":0",2025-12-27T15:25:04Z
1,ur211979277,https://www.imdb.com/user/ur211979277/?ref_=tturv_usr_1_t,2025-12-28,1,1,"""reviewCount"":1,""ratingsCount"":1,""checkinCount"":0,""listCount"":0,""watchlistCount"":0,""favoritePeopleCount"":0,""badgesCount"":2,""interestCount"":0",2025-12-28T04:51:29Z
1,ur211972325,https://www.imdb.com/user/ur211972325/?ref_=tturv_usr_1_t,2025-12-27,1,1,"""reviewCount"":1,""ratingsCount"":1,""checkinCount"":0,""listCount"":0,""watchlistCount"":0,""favoritePeopleCount"":0,""badgesCount"":2,""interestCount"":0",2025-12-27T22:21:26Z
1,ur163519861,https://www.imdb.com/user/ur163519861/?ref_=tturv_usr_1_t,2023-03-20,1,0,"""reviewCount"":1,""ratingsCount"":0,""checkinCount"":0,""listCount"":0,""watchlistCount"":0,""favoritePeopleCount"":0,""badgesCount"":2,""interestCount"":0",2023-03-20T00:58:21Z
1,ur68204776,https://www.imdb.com/user/ur68204776/?ref_=tturv_usr_1_t,2016-08-03,5,317,"""reviewCount"":5,""ratingsCount"":317,""checkinCount"":0,""listCount"":0,""watchlistCount"":0,""favoritePeopleCount"":0,""badgesCount"":2,""interestCount"":0",2016-08-03T02:58:00Z
1,ur211978573,https://www.imdb.com/user/ur211978573/?ref_=tturv_usr_1_t,2025-12-28,1,7,"""reviewCount"":1,""ratingsCount"":7,""checkinCount"":0,""listCount"":0,""watchlistCount"":0,""favoritePeopleCount"":0,""badgesCount"":2,""interestCount"":0",2025-12-28T04:04:52Z
1,ur211978245,https://www.imdb.com/user/ur211978245/?ref_=tturv_usr_1_t,2025-12-28,1,1,"""reviewCount"":1,""ratingsCount"":1,""checkinCount"":0,""listCount"":0,""watchlistCount"":0,""favoritePeopleCount"":0,""badgesCount"":2,""interestCount"":0",2025-12-28T03:58:33Z
1,ur211979445,https://www.imdb.com/user/ur211979445/?ref_=tturv_usr_1_t,2025-12-28,1,2,"""reviewCount"":1,""ratingsCount"":2,""checkinCount"":0,""listCount"":0,""watchlistCount"":0,""favoritePeopleCount"":0,""badgesCount"":2,""interestCount"":0",2025-12-28T03:48:51Z
1,ur190759069,https://www.imdb.com/user/ur190759069/?ref_=tturv_usr_1_t,2024-10-30,1,2,"""reviewCount"":1,""ratingsCount"":2,""checkinCount"":0,""listCount"":0,""watchlistCount"":0,""favoritePeopleCount"":0,""badgesCount"":2,""interestCount"":0",2024-10-30T03:13:54Z
1,ur211979492,https://www.imdb.com/user/ur211979492/?ref_=tturv_usr_1_t,2025-12-28,3,3,"""reviewCount"":3,""ratingsCount"":3,""checkinCount"":0,""listCount"":0,""watchlistCount"":0,""favoritePeopleCount"":0,""badgesCount"":2,""interestCount"":0",2025-12-28T03:31:29Z
1,ur211818592,https://www.imdb.com/user/ur211818592/?ref_=tturv_usr_1_t,2025-12-21,1,9,"""reviewCount"":1,""ratingsCount"":9,""checkinCount"":0,""listCount"":0,""watchlistCount"":0,""favoritePeopleCount"":0,""badgesCount"":2,""interestCount"":0",2025-12-21T00:44:06Z
1,ur211978736,https://www.imdb.com/user/ur211978736/?ref_=tturv_usr_1_t,2025-12-28,1,1,"""reviewCount"":1,""ratingsCount"":1,""checkinCount"":0,""listCount"":0,""watchlistCount"":0,""favoritePeopleCount"":0,""badgesCount"":2,""interestCount"":0",2025-12-28T03:21:22Z
1,ur123837974,https://www.imdb.com/user/ur123837974/?ref_=tturv_usr_1_t,2020-09-01,7,1193,"""reviewCount"":7,""ratingsCount"":1193,""checkinCount"":0,""listCount"":1,""watchlistCount"":0,""favoritePeopleCount"":0,""badgesCount"":2,""interestCount"":0",2020-09-01T23:20:37Z
1,ur211978809,https://www.imdb.com/user/ur211978809/?ref_=tturv_usr_1_t,2025-12-28,2,2,"""reviewCount"":2,""ratingsCount"":2,""checkinCount"":0,""listCount"":0,""watchlistCount"":0,""favoritePeopleCount"":0,""badgesCount"":2,""interestCount"":0",2025-12-28T02:43:27Z
1,ur211977695,https://www.imdb.com/user/ur211977695/?ref_=tturv_usr_1_t,2025-12-28,1,1,"""reviewCount"":1,""ratingsCount"":1,""checkinCount"":0,""listCount"":0,""watchlistCount"":0,""favoritePeopleCount"":0,""badgesCount"":2,""interestCount"":0",2025-12-28T02:49:15Z
1,ur211976924,https://www.imdb.com/user/ur211976924/?ref_=tturv_usr_1_t,2025-12-28,1,3,"""reviewCount"":1,""ratingsCount"":3,""checkinCount"":0,""listCount"":0,""watchlistCount"":0,""favoritePeopleCount"":0,""badgesCount"":2,""interestCount"":0",2025-12-28T02:53:17Z
1,ur211978999,https://www.imdb.com/user/ur211978999/?ref_=tturv_usr_1_t,2025-12-28,1,2,"""reviewCount"":1,""ratingsCount"":2,""checkinCount"":0,""listCount"":0,""watchlistCount"":0,""favoritePeopleCount"":0,""badgesCount"":2,""interestCount"":0",2025-12-28T02:49:16Z
1,ur211977553,https://www.imdb.com/user/ur211977553/?ref_=tturv_usr_1_t,2025-12-28,1,2,"""reviewCount"":1,""ratingsCount"":2,""checkinCount"":0,""listCount"":0,""watchlistCount"":0,""favoritePeopleCount"":0,""badgesCount"":2,""interestCount"":0",2025-12-28T02:41:18Z
1,ur211700178,https://www.imdb.com/user/ur211700178/?ref_=tturv_usr_1_t,2025-12-14,1,3,"""reviewCount"":1,""ratingsCount"":3,""checkinCount"":0,""listCount"":0,""watchlistCount"":2,""favoritePeopleCount"":0,""badgesCount"":3,""interestCount"":0",2025-12-14T21:56:48Z
1,ur155864833,https://www.imdb.com/user/ur155864833/?ref_=tturv_usr_1_t,2022-08-18,4,0,"""reviewCount"":4,""ratingsCount"":0,""checkinCount"":0,""listCount"":0,""watchlistCount"":0,""favoritePeopleCount"":0,""badgesCount"":2,""interestCount"":0",2022-08-18T04:22:35Z
1,ur211977065,https://www.imdb.com/user/ur211977065/?ref_=tturv_usr_1_t,2025-12-28,1,6,"""reviewCount"":1,""ratingsCount"":6,""checkinCount"":0,""listCount"":0,""watchlistCount"":0,""favoritePeopleCount"":0,""badgesCount"":2,""interestCount"":0",2025-12-28T02:28:13Z
1,ur211978008,https://www.imdb.com/user/ur211978008/?ref_=tturv_usr_1_t,2025-12-28,1,11,"""reviewCount"":1,""ratingsCount"":11,""checkinCount"":0,""listCount"":0,""watchlistCount"":0,""favoritePeopleCount"":0,""badgesCount"":2,""interestCount"":0",2025-12-28T02:09:14Z
1,ur150194517,https://www.imdb.com/user/ur150194517/?ref_=tturv_usr_1_t,2022-02-23,2,0,"""reviewCount"":2,""ratingsCount"":0,""checkinCount"":0,""listCount"":0,""watchlistCount"":0,""favoritePeopleCount"":0,""badgesCount"":2,""interestCount"":0",2022-02-23T21:07:58Z
1,ur211976981,https://www.imdb.com/user/ur211976981/?ref_=tturv_usr_1_t,2025-12-28,1,1,"""reviewCount"":1,""ratingsCount"":1,""checkinCount"":0,""listCount"":0,""watchlistCount"":0,""favoritePeopleCount"":0,""badgesCount"":2,""interestCount"":0",2025-12-28T01:38:14Z
1,ur211976226,https://www.imdb.com/user/ur211976226/?ref_=tturv_usr_1_t,2025-12-28,1,1,"""reviewCount"":1,""ratingsCount"":1,""checkinCount"":0,""listCount"":0,""watchlistCount"":0,""favoritePeopleCount"":0,""badgesCount"":2,""interestCount"":0",2025-12-28T02:25:21Z
1,ur211977127,https://www.imdb.com/user/ur211977127/?ref_=tturv_usr_1_t,2025-12-28,1,2,"""reviewCount"":1,""ratingsCount"":2,""checkinCount"":0,""listCount"":0,""watchlistCount"":0,""favoritePeopleCount"":0,""badgesCount"":2,""interestCount"":0",2025-12-28T02:18:34Z
1,ur211976755,https://www.imdb.com/user/ur211976755/?ref_=tturv_usr_1_t,2025-12-28,1,3,"""reviewCount"":1,""ratingsCount"":3,""checkinCount"":0,""listCount"":0,""watchlistCount"":0,""favoritePeopleCount"":0,""badgesCount"":2,""interestCount"":0",2025-12-28T02:00:51Z
1,ur211975446,https://www.imdb.com/user/ur211975446/?ref_=tturv_usr_1_t,2025-12-28,2,3,"""reviewCount"":2,""ratingsCount"":3,""checkinCount"":0,""listCount"":0,""watchlistCount"":0,""favoritePeopleCount"":0,""badgesCount"":2,""interestCount"":0",2025-12-28T01:46:59Z
1,ur210709957,https://www.imdb.com/user/ur210709957/?ref_=tturv_usr_1_t,2025-10-22,1,13,"""reviewCount"":1,""ratingsCount"":13,""checkinCount"":0,""listCount"":0,""watchlistCount"":22,""favoritePeopleCount"":0,""badgesCount"":2,""interestCount"":0",2025-10-22T23:11:29Z
1,ur67786025,https://www.imdb.com/user/ur67786025/?ref_=tturv_usr_1_t,2016-06-29,1,0,"""reviewCount"":1,""ratingsCount"":0,""checkinCount"":0,""listCount"":0,""watchlistCount"":0,""favoritePeopleCount"":0,""badgesCount"":2,""interestCount"":0",2016-06-29T00:29:55Z
1,ur211976535,https://www.imdb.com/user/ur211976535/?ref_=tturv_usr_1_t,2025-12-28,1,2,"""reviewCount"":1,""ratingsCount"":2,""checkinCount"":0,""listCount"":0,""watchlistCount"":0,""favoritePeopleCount"":0,""badgesCount"":2,""interestCount"":0",2025-12-28T01:47:59Z
1,ur54917228,https://www.imdb.com/user/ur54917228/?ref_=tturv_usr_1_t,2014-08-29,1,0,"""reviewCount"":1,""ratingsCount"":0,""checkinCount"":0,""listCount"":0,""watchlistCount"":0,""favoritePeopleCount"":0,""badgesCount"":2,""interestCount"":0",2014-08-29T16:15:49Z
1,ur200404088,https://www.imdb.com/user/ur200404088/?ref_=tturv_usr_1_t,2025-04-23,7,560,"""reviewCount"":7,""ratingsCount"":560,""checkinCount"":550,""listCount"":5,""watchlistCount"":0,""favoritePeopleCount"":0,""badgesCount"":2,""interestCount"":0",2025-04-23T15:25:35Z
1,ur169201532,https://www.imdb.com/user/ur169201532/?ref_=tturv_usr_1_t,2023-08-13,1,0,"""reviewCount"":1,""ratingsCount"":0,""checkinCount"":0,""listCount"":0,""watchlistCount"":0,""favoritePeopleCount"":0,""badgesCount"":2,""interestCount"":0",2023-08-13T12:12:36Z
1,ur80210196,https://www.imdb.com/user/ur80210196/?ref_=tturv_usr_1_t,2017-09-08,2,0,"""reviewCount"":2,""ratingsCount"":0,""checkinCount"":0,""listCount"":0,""watchlistCount"":1,""favoritePeopleCount"":0,""badgesCount"":2,""interestCount"":0",2017-09-08T09:05:20Z
1,ur211975505,https://www.imdb.com/user/ur211975505/?ref_=tturv_usr_1_t,2025-12-28,1,2,"""reviewCount"":1,""ratingsCount"":2,""checkinCount"":0,""listCount"":0,""watchlistCount"":0,""favoritePeopleCount"":0,""badgesCount"":2,""interestCount"":0",2025-12-28T01:37:11Z
1,ur211976752,https://www.imdb.com/user/ur211976752/?ref_=tturv_usr_1_t,2025-12-28,1,2,"""reviewCount"":1,""ratingsCount"":2,""checkinCount"":0,""listCount"":0,""watchlistCount"":0,""favoritePeopleCount"":0,""badgesCount"":2,""interestCount"":0",2025-12-28T01:42:21Z
1,ur162111251,https://www.imdb.com/user/ur162111251/?ref_=tturv_usr_1_t,2023-02-08,29,0,"""reviewCount"":29,""ratingsCount"":0,""checkinCount"":0,""listCount"":0,""watchlistCount"":2,""favoritePeopleCount"":0,""badgesCount"":2,""interestCount"":0",2023-02-08T09:03:18Z
1,ur210789355,https://www.imdb.com/user/ur210789355/?ref_=tturv_usr_1_t,2025-10-26,1,16,"""reviewCount"":1,""ratingsCount"":16,""checkinCount"":0,""listCount"":0,""watchlistCount"":1,""favoritePeopleCount"":0,""badgesCount"":2,""interestCount"":0",2025-10-26T01:29:21Z
1,ur211974575,https://www.imdb.com/user/ur211974575/?ref_=tturv_usr_1_t,2025-12-28,1,1,"""reviewCount"":1,""ratingsCount"":1,""checkinCount"":0,""listCount"":0,""watchlistCount"":0,""favoritePeopleCount"":0,""badgesCount"":2,""interestCount"":0",2025-12-28T01:35:29Z
1,ur211976290,https://www.imdb.com/user/ur211976290/?ref_=tturv_usr_1_t,2025-12-28,1,1,"""reviewCount"":1,""ratingsCount"":1,""checkinCount"":0,""listCount"":0,""watchlistCount"":0,""favoritePeopleCount"":0,""badgesCount"":2,""interestCount"":0",2025-12-28T01:24:32Z
1,ur211976531,https://www.imdb.com/user/ur211976531/?ref_=tturv_usr_1_t,2025-12-28,1,2,"""reviewCount"":1,""ratingsCount"":2,""checkinCount"":0,""listCount"":0,""watchlistCount"":0,""favoritePeopleCount"":0,""badgesCount"":2,""interestCount"":0",2025-12-28T01:14:43Z
1,ur211975456,https://www.imdb.com/user/ur211975456/?ref_=tturv_usr_1_t,2025-12-28,2,2,"""reviewCount"":2,""ratingsCount"":2,""checkinCount"":0,""listCount"":0,""watchlistCount"":0,""favoritePeopleCount"":0,""badgesCount"":2,""interestCount"":0",2025-12-28T01:12:43Z
1,ur74893277,https://www.imdb.com/user/ur74893277/?ref_=tturv_usr_1_t,2017-04-10,1,0,"""reviewCount"":1,""ratingsCount"":0,""checkinCount"":0,""listCount"":0,""watchlistCount"":1,""favoritePeopleCount"":0,""badgesCount"":3,""interestCount"":0",2017-04-10T14:02:33Z
1,ur171217179,https://www.imdb.com/user/ur171217179/?ref_=tturv_usr_1_t,2023-10-07,1,0,"""reviewCount"":1,""ratingsCount"":0,""checkinCount"":0,""listCount"":0,""watchlistCount"":0,""favoritePeopleCount"":0,""badgesCount"":2,""interestCount"":0",2023-10-07T09:08:15Z
1,ur211976142,https://www.imdb.com/user/ur211976142/?ref_=tturv_usr_1_t,2025-12-28,1,2,"""reviewCount"":1,""ratingsCount"":2,""checkinCount"":0,""listCount"":0,""watchlistCount"":0,""favoritePeopleCount"":0,""badgesCount"":2,""interestCount"":0",2025-12-28T00:54:32Z
1,ur211975205,https://www.imdb.com/user/ur211975205/?ref_=tturv_usr_1_t,2025-12-28,1,2,"""reviewCount"":1,""ratingsCount"":2,""checkinCount"":0,""listCount"":0,""watchlistCount"":0,""favoritePeopleCount"":0,""badgesCount"":2,""interestCount"":0",2025-12-28T01:02:56Z
1,ur206072402,https://www.imdb.com/user/ur206072402/?ref_=tturv_usr_1_t,2025-07-27,1,349,"""reviewCount"":1,""ratingsCount"":349,""checkinCount"":0,""listCount"":0,""watchlistCount"":0,""favoritePeopleCount"":0,""badgesCount"":2,""interestCount"":0",2025-07-27T15:13:03Z
1,ur211962358,https://www.imdb.com/user/ur211962358/?ref_=tturv_usr_1_t,2025-12-27,1,4,"""reviewCount"":1,""ratingsCount"":4,""checkinCount"":0,""listCount"":0,""watchlistCount"":0,""favoritePeopleCount"":0,""badgesCount"":2,""interestCount"":0",2025-12-27T14:12:59Z
1,ur211976153,https://www.imdb.com/user/ur211976153/?ref_=tturv_usr_1_t,2025-12-28,1,1,"""reviewCount"":1,""ratingsCount"":1,""checkinCount"":0,""listCount"":0,""watchlistCount"":0,""favoritePeopleCount"":0,""badgesCount"":2,""interestCount"":0",2025-12-28T00:55:46Z
1,ur211974387,https://www.imdb.com/user/ur211974387/?ref_=tturv_usr_1_t,2025-12-28,1,2,"""reviewCount"":1,""ratingsCount"":2,""checkinCount"":0,""listCount"":0,""watchlistCount"":0,""favoritePeopleCount"":0,""badgesCount"":2,""interestCount"":0",2025-12-28T00:43:40Z
1,ur205949965,https://www.imdb.com/user/ur205949965/?ref_=tturv_usr_1_t,2025-07-25,3,42,"""reviewCount"":3,""ratingsCount"":42,""checkinCount"":0,""listCount"":0,""watchlistCount"":0,""favoritePeopleCount"":0,""badgesCount"":2,""interestCount"":0",2025-07-25T18:18:46Z
1,ur211975888,https://www.imdb.com/user/ur211975888/?ref_=tturv_usr_1_t,2025-12-28,1,1,"""reviewCount"":1,""ratingsCount"":1,""checkinCount"":0,""listCount"":0,""watchlistCount"":0,""favoritePeopleCount"":0,""badgesCount"":2,""interestCount"":0",2025-12-28T00:27:30Z
1,ur211975518,https://www.imdb.com/user/ur211975518/?ref_=tturv_usr_1_t,2025-12-28,1,1,"""reviewCount"":1,""ratingsCount"":1,""checkinCount"":0,""listCount"":0,""watchlistCount"":0,""favoritePeopleCount"":0,""badgesCount"":2,""interestCount"":0",2025-12-28T00:14:14Z
1,ur177637324,https://www.imdb.com/user/ur177637324/?ref_=tturv_usr_1_t,2024-02-19,1,0,"""reviewCount"":1,""ratingsCount"":0,""checkinCount"":0,""listCount"":0,""watchlistCount"":0,""favoritePeopleCount"":0,""badgesCount"":2,""interestCount"":0",2024-02-19T00:33:29Z
1,ur211974093,https://www.imdb.com/user/ur211974093/?ref_=tturv_usr_1_t,2025-12-28,1,1,"""reviewCount"":1,""ratingsCount"":1,""checkinCount"":0,""listCount"":0,""watchlistCount"":0,""favoritePeopleCount"":0,""badgesCount"":2,""interestCount"":0",2025-12-28T00:06:43Z
1,ur211974583,https://www.imdb.com/user/ur211974583/?ref_=tturv_usr_1_t,2025-12-28,1,1,"""reviewCount"":1,""ratingsCount"":1,""checkinCount"":0,""listCount"":0,""watchlistCount"":0,""favoritePeopleCount"":0,""badgesCount"":2,""interestCount"":0",2025-12-28T00:01:03Z
1,ur160708158,https://www.imdb.com/user/ur160708158/?ref_=tturv_usr_1_t,2023-01-03,1,0,"""reviewCount"":1,""ratingsCount"":0,""checkinCount"":0,""listCount"":0,""watchlistCount"":0,""favoritePeopleCount"":0,""badgesCount"":2,""interestCount"":0",2023-01-03T17:45:07Z
1,ur211974968,https://www.imdb.com/user/ur211974968/?ref_=tturv_usr_1_t,2025-12-27,1,1,"""reviewCount"":1,""ratingsCount"":1,""checkinCount"":0,""listCount"":0,""watchlistCount"":0,""favoritePeopleCount"":0,""badgesCount"":2,""interestCount"":0",2025-12-27T23:47:56Z
1,ur204958212,https://www.imdb.com/user/ur204958212/?ref_=tturv_usr_1_t,2025-07-08,1,5,"""reviewCount"":1,""ratingsCount"":5,""checkinCount"":0,""listCount"":0,""watchlistCount"":1,""favoritePeopleCount"":0,""badgesCount"":2,""interestCount"":0",2025-07-08T13:17:10Z
1,ur211974728,https://www.imdb.com/user/ur211974728/?ref_=tturv_usr_1_t,2025-12-27,1,2,"""reviewCount"":1,""ratingsCount"":2,""checkinCount"":0,""listCount"":0,""watchlistCount"":0,""favoritePeopleCount"":0,""badgesCount"":2,""interestCount"":0",2025-12-27T23:37:07Z
1,ur211974598,https://www.imdb.com/user/ur211974598/?ref_=tturv_usr_1_t,2025-12-27,1,1,"""reviewCount"":1,""ratingsCount"":1,""checkinCount"":0,""listCount"":0,""watchlistCount"":0,""favoritePeopleCount"":0,""badgesCount"":2,""interestCount"":0",2025-12-27T23:32:01Z
1,ur211974498,https://www.imdb.com/user/ur211974498/?ref_=tturv_usr_1_t,2025-12-27,1,1,"""reviewCount"":1,""ratingsCount"":1,""checkinCount"":0,""listCount"":0,""watchlistCount"":0,""favoritePeopleCount"":0,""badgesCount"":2,""interestCount"":0",2025-12-27T23:28:48Z
1,ur211971157,https://www.imdb.com/user/ur211971157/?ref_=tturv_usr_1_t,2025-12-27,1,1,"""reviewCount"":1,""ratingsCount"":1,""checkinCount"":0,""listCount"":0,""watchlistCount"":0,""favoritePeopleCount"":0,""badgesCount"":2,""interestCount"":0",2025-12-27T23:23:15Z
1,ur211962684,https://www.imdb.com/user/ur211962684/?ref_=tturv_usr_1_t,2025-12-27,1,43,"""reviewCount"":1,""ratingsCount"":43,""checkinCount"":0,""listCount"":0,""watchlistCount"":1,""favoritePeopleCount"":0,""badgesCount"":2,""interestCount"":0",2025-12-27T15:23:25Z
1,ur211972157,https://www.imdb.com/user/ur211972157/?ref_=tturv_usr_1_t,2025-12-27,1,1,"""reviewCount"":1,""ratingsCount"":1,""checkinCount"":0,""listCount"":0,""watchlistCount"":0,""favoritePeopleCount"":0,""badgesCount"":2,""interestCount"":0",2025-12-27T23:17:13Z
1,ur211949017,https://www.imdb.com/user/ur211949017/?ref_=tturv_usr_1_t,2025-12-27,1,4,"""reviewCount"":1,""ratingsCount"":4,""checkinCount"":0,""listCount"":0,""watchlistCount"":0,""favoritePeopleCount"":0,""badgesCount"":2,""interestCount"":0",2025-12-27T04:13:57Z
1,ur211973093,https://www.imdb.com/user/ur211973093/?ref_=tturv_usr_1_t,2025-12-27,1,5,"""reviewCount"":1,""ratingsCount"":5,""checkinCount"":0,""listCount"":0,""watchlistCount"":0,""favoritePeopleCount"":0,""badgesCount"":2,""interestCount"":0",2025-12-27T22:58:25Z
1,ur38100275,https://www.imdb.com/user/ur38100275/?ref_=tturv_usr_1_t,2012-11-27,1,0,"""reviewCount"":1,""ratingsCount"":0,""checkinCount"":0,""listCount"":0,""watchlistCount"":0,""favoritePeopleCount"":0,""badgesCount"":2,""interestCount"":0",2012-11-27T20:52:24Z
1,ur44105493,https://www.imdb.com/user/ur44105493/?ref_=tturv_usr_1_t,2013-06-08,2,4,"""reviewCount"":2,""ratingsCount"":4,""checkinCount"":0,""listCount"":0,""watchlistCount"":0,""favoritePeopleCount"":0,""badgesCount"":2,""interestCount"":0",2013-06-08T20:19:31Z
1,ur211971821,https://www.imdb.com/user/ur211971821/?ref_=tturv_usr_1_t,2025-12-27,1,2,"""reviewCount"":1,""ratingsCount"":2,""checkinCount"":0,""listCount"":0,""watchlistCount"":0,""favoritePeopleCount"":0,""badgesCount"":2,""interestCount"":0",2025-12-27T22:12:37Z
1,ur211971972,https://www.imdb.com/user/ur211971972/?ref_=tturv_usr_1_t,2025-12-27,1,1,"""reviewCount"":1,""ratingsCount"":1,""checkinCount"":0,""listCount"":0,""watchlistCount"":0,""favoritePeopleCount"":0,""badgesCount"":2,""interestCount"":0",2025-12-27T22:28:56Z
1,ur211972412,https://www.imdb.com/user/ur211972412/?ref_=tturv_usr_1_t,2025-12-27,2,2,"""reviewCount"":2,""ratingsCount"":2,""checkinCount"":0,""listCount"":0,""watchlistCount"":0,""favoritePeopleCount"":0,""badgesCount"":2,""interestCount"":0",2025-12-27T22:24:16Z
1,ur166120855,https://www.imdb.com/user/ur166120855/?ref_=tturv_usr_1_t,2023-06-03,1,0,"""reviewCount"":1,""ratingsCount"":0,""checkinCount"":0,""listCount"":0,""watchlistCount"":0,""favoritePeopleCount"":0,""badgesCount"":2,""interestCount"":0",2023-06-03T22:04:28Z
1,ur160405224,https://www.imdb.com/user/ur160405224/?ref_=tturv_usr_1_t,2022-12-26,2,0,"""reviewCount"":2,""ratingsCount"":0,""checkinCount"":0,""listCount"":0,""watchlistCount"":1,""favoritePeopleCount"":0,""badgesCount"":2,""interestCount"":0",2022-12-26T04:32:12Z
1,ur211971215,https://www.imdb.com/user/ur211971215/?ref_=tturv_usr_1_t,2025-12-27,1,8,"""reviewCount"":1,""ratingsCount"":8,""checkinCount"":0,""listCount"":0,""watchlistCount"":0,""favoritePeopleCount"":0,""badgesCount"":2,""interestCount"":0",2025-12-27T21:53:32Z
1,ur211972478,https://www.imdb.com/user/ur211972478/?ref_=tturv_usr_1_t,2025-12-27,1,1,"""reviewCount"":1,""ratingsCount"":1,""checkinCount"":0,""listCount"":0,""watchlistCount"":0,""favoritePeopleCount"":0,""badgesCount"":2,""interestCount"":0",2025-12-27T21:51:10Z
1,ur61288445,https://www.imdb.com/user/ur61288445/?ref_=tturv_usr_1_t,2015-07-03,3,0,"""reviewCount"":3,""ratingsCount"":0,""checkinCount"":0,""listCount"":0,""watchlistCount"":0,""favoritePeopleCount"":0,""badgesCount"":3,""interestCount"":0",2015-07-03T22:41:38Z
1,ur167996842,https://www.imdb.com/user/ur167996842/?ref_=tturv_usr_1_t,2023-07-15,1,0,"""reviewCount"":1,""ratingsCount"":0,""checkinCount"":0,""listCount"":0,""watchlistCount"":0,""favoritePeopleCount"":0,""badgesCount"":2,""interestCount"":0",2023-07-15T14:10:14Z
1,ur211970005,https://www.imdb.com/user/ur211970005/?ref_=tturv_usr_1_t,2025-12-27,2,3,"""reviewCount"":2,""ratingsCount"":3,""checkinCount"":0,""listCount"":0,""watchlistCount"":0,""favoritePeopleCount"":0,""badgesCount"":2,""interestCount"":0",2025-12-27T21:03:49Z
1,ur211970057,https://www.imdb.com/user/ur211970057/?ref_=tturv_usr_1_t,2025-12-27,1,9,"""reviewCount"":1,""ratingsCount"":9,""checkinCount"":0,""listCount"":0,""watchlistCount"":0,""favoritePeopleCount"":0,""badgesCount"":2,""interestCount"":0",2025-12-27T21:12:44Z
1,ur156988694,https://www.imdb.com/user/ur156988694/?ref_=tturv_usr_1_t,2022-09-21,2,0,"""reviewCount"":2,""ratingsCount"":0,""checkinCount"":0,""listCount"":0,""watchlistCount"":0,""favoritePeopleCount"":0,""badgesCount"":2,""interestCount"":0",2022-09-21T22:41:30Z
1,ur134194822,https://www.imdb.com/user/ur134194822/?ref_=tturv_usr_1_t,2021-07-02,7,0,"""reviewCount"":7,""ratingsCount"":0,""checkinCount"":0,""listCount"":0,""watchlistCount"":0,""favoritePeopleCount"":0,""badgesCount"":2,""interestCount"":0",2021-07-02T04:51:48Z
1,ur69819284,https://www.imdb.com/user/ur69819284/?ref_=tturv_usr_1_t,2016-11-20,15,356,"""reviewCount"":15,""ratingsCount"":356,""checkinCount"":0,""listCount"":0,""watchlistCount"":0,""favoritePeopleCount"":0,""badgesCount"":2,""interestCount"":0",2016-11-20T12:18:50Z
1,ur211970850,https://www.imdb.com/user/ur211970850/?ref_=tturv_usr_1_t,2025-12-27,1,2,"""reviewCount"":1,""ratingsCount"":2,""checkinCount"":0,""listCount"":0,""watchlistCount"":0,""favoritePeopleCount"":0,""badgesCount"":2,""interestCount"":0",2025-12-27T20:45:04Z
1,ur155005090,https://www.imdb.com/user/ur155005090/?ref_=tturv_usr_1_t,2022-07-25,1,0,"""reviewCount"":1,""ratingsCount"":0,""checkinCount"":0,""listCount"":0,""watchlistCount"":0,""favoritePeopleCount"":0,""badgesCount"":2,""interestCount"":0",2022-07-25T12:27:31Z
1,ur211970121,https://www.imdb.com/user/ur211970121/?ref_=tturv_usr_1_t,2025-12-27,2,2,"""reviewCount"":2,""ratingsCount"":2,""checkinCount"":0,""listCount"":0,""watchlistCount"":0,""favoritePeopleCount"":0,""badgesCount"":2,""interestCount"":0",2025-12-27T20:22:45Z
1,ur211969784,https://www.imdb.com/user/ur211969784/?ref_=tturv_usr_1_t,2025-12-27,1,3,"""reviewCount"":1,""ratingsCount"":3,""checkinCount"":0,""listCount"":0,""watchlistCount"":0,""favoritePeopleCount"":0,""badgesCount"":2,""interestCount"":0",2025-12-27T20:22:52Z
1,ur211967277,https://www.imdb.com/user/ur211967277/?ref_=tturv_usr_1_t,2025-12-27,1,1,"""reviewCount"":1,""ratingsCount"":1,""checkinCount"":0,""listCount"":0,""watchlistCount"":0,""favoritePeopleCount"":0,""badgesCount"":2,""interestCount"":0",2025-12-27T19:50:30Z
1,ur211969988,https://www.imdb.com/user/ur211969988/?ref_=tturv_usr_1_t,2025-12-27,1,1,"""reviewCount"":1,""ratingsCount"":1,""checkinCount"":0,""listCount"":0,""watchlistCount"":0,""favoritePeopleCount"":0,""badgesCount"":2,""interestCount"":0",2025-12-27T19:57:40Z
1,ur211968853,https://www.imdb.com/user/ur211968853/?ref_=tturv_usr_1_t,2025-12-27,1,1,"""reviewCount"":1,""ratingsCount"":1,""checkinCount"":0,""listCount"":0,""watchlistCount"":0,""favoritePeopleCount"":0,""badgesCount"":2,""interestCount"":0",2025-12-27T19:49:39Z
1,ur82927754,https://www.imdb.com/user/ur82927754/?ref_=tturv_usr_1_t,2017-12-03,1,0,"""reviewCount"":1,""ratingsCount"":0,""checkinCount"":0,""listCount"":0,""watchlistCount"":0,""favoritePeopleCount"":0,""badgesCount"":2,""interestCount"":0",2017-12-03T13:29:53Z
1,ur152631626,https://www.imdb.com/user/ur152631626/?ref_=tturv_usr_1_t,2022-05-05,1,0,"""reviewCount"":1,""ratingsCount"":0,""checkinCount"":0,""listCount"":0,""watchlistCount"":0,""favoritePeopleCount"":0,""badgesCount"":2,""interestCount"":0",2022-05-05T19:39:02Z
1,ur211968344,https://www.imdb.com/user/ur211968344/?ref_=tturv_usr_1_t,2025-12-27,1,1,"""reviewCount"":1,""ratingsCount"":1,""checkinCount"":0,""listCount"":0,""watchlistCount"":0,""favoritePeopleCount"":0,""badgesCount"":2,""interestCount"":0",2025-12-27T19:20:09Z
1,ur58907779,https://www.imdb.com/user/ur58907779/?ref_=tturv_usr_1_t,2015-02-27,3,318,"""reviewCount"":3,""ratingsCount"":318,""checkinCount"":318,""listCount"":0,""watchlistCount"":9,""favoritePeopleCount"":0,""badgesCount"":2,""interestCount"":0",2015-02-27T00:08:46Z
1,ur185810957,https://www.imdb.com/user/ur185810957/?ref_=tturv_usr_1_t,2024-07-29,1,3,"""reviewCount"":1,""ratingsCount"":3,""checkinCount"":0,""listCount"":0,""watchlistCount"":2,""favoritePeopleCount"":0,""badgesCount"":2,""interestCount"":0",2024-07-29T23:15:02Z
1,ur211968530,https://www.imdb.com/user/ur211968530/?ref_=tturv_usr_1_t,2025-12-27,1,2,"""reviewCount"":1,""ratingsCount"":2,""checkinCount"":0,""listCount"":0,""watchlistCount"":0,""favoritePeopleCount"":0,""badgesCount"":2,""interestCount"":0",2025-12-27T19:04:03Z
1,ur211967910,https://www.imdb.com/user/ur211967910/?ref_=tturv_usr_1_t,2025-12-27,1,1,"""reviewCount"":1,""ratingsCount"":1,""checkinCount"":0,""listCount"":0,""watchlistCount"":0,""favoritePeopleCount"":0,""badgesCount"":2,""interestCount"":0",2025-12-27T18:55:15Z
1,ur211968000,https://www.imdb.com/user/ur211968000/?ref_=tturv_usr_1_t,2025-12-27,1,1,"""reviewCount"":1,""ratingsCount"":1,""checkinCount"":0,""listCount"":0,""watchlistCount"":0,""favoritePeopleCount"":0,""badgesCount"":2,""interestCount"":0",2025-12-27T18:52:12Z
1,ur211941807,https://www.imdb.com/user/ur211941807/?ref_=tturv_usr_1_t,2025-12-26,1,2,"""reviewCount"":1,""ratingsCount"":2,""checkinCount"":0,""listCount"":0,""watchlistCount"":0,""favoritePeopleCount"":0,""badgesCount"":2,""interestCount"":0",2025-12-26T21:20:21Z
1,ur211943953,https://www.imdb.com/user/ur211943953/?ref_=tturv_usr_1_t,2025-12-26,1,9,"""reviewCount"":1,""ratingsCount"":9,""checkinCount"":0,""listCount"":0,""watchlistCount"":0,""favoritePeopleCount"":0,""badgesCount"":2,""interestCount"":0",2025-12-26T22:31:59Z
1,ur211967949,https://www.imdb.com/user/ur211967949/?ref_=tturv_usr_1_t,2025-12-27,1,2,"""reviewCount"":1,""ratingsCount"":2,""checkinCount"":0,""listCount"":0,""watchlistCount"":0,""favoritePeopleCount"":0,""badgesCount"":2,""interestCount"":0",2025-12-27T18:34:52Z
1,ur211952558,https://www.imdb.com/user/ur211952558/?ref_=tturv_usr_1_t,2025-12-27,1,1,"""reviewCount"":1,""ratingsCount"":1,""checkinCount"":0,""listCount"":0,""watchlistCount"":0,""favoritePeopleCount"":0,""badgesCount"":2,""interestCount"":0",2025-12-27T04:58:40Z
1,ur211966546,https://www.imdb.com/user/ur211966546/?ref_=tturv_usr_1_t,2025-12-27,1,1,"""reviewCount"":1,""ratingsCount"":1,""checkinCount"":0,""listCount"":0,""watchlistCount"":0,""favoritePeopleCount"":0,""badgesCount"":2,""interestCount"":0",2025-12-27T18:29:25Z
1,ur93496079,https://www.imdb.com/user/ur93496079/?ref_=tturv_usr_1_t,2018-10-05,2,0,"""reviewCount"":2,""ratingsCount"":0,""checkinCount"":0,""listCount"":0,""watchlistCount"":0,""favoritePeopleCount"":0,""badgesCount"":2,""interestCount"":0",2018-10-05T12:02:37Z
1,ur134683429,https://www.imdb.com/user/ur134683429/?ref_=tturv_usr_1_t,2021-07-17,37,0,"""reviewCount"":37,""ratingsCount"":0,""checkinCount"":0,""listCount"":0,""watchlistCount"":0,""favoritePeopleCount"":0,""badgesCount"":2,""interestCount"":0",2021-07-17T14:24:20Z
1,ur211965767,https://www.imdb.com/user/ur211965767/?ref_=tturv_usr_1_t,2025-12-27,1,2,"""reviewCount"":1,""ratingsCount"":2,""checkinCount"":0,""listCount"":0,""watchlistCount"":0,""favoritePeopleCount"":0,""badgesCount"":2,""interestCount"":0",2025-12-27T18:18:03Z
1,ur77800682,https://www.imdb.com/user/ur77800682/?ref_=tturv_usr_1_t,2017-06-28,1,0,"""reviewCount"":1,""ratingsCount"":0,""checkinCount"":0,""listCount"":1,""watchlistCount"":0,""favoritePeopleCount"":0,""badgesCount"":2,""interestCount"":0",2017-06-28T13:43:07Z
1,ur211966432,https://www.imdb.com/user/ur211966432/?ref_=tturv_usr_1_t,2025-12-27,1,1,"""reviewCount"":1,""ratingsCount"":1,""checkinCount"":0,""listCount"":0,""watchlistCount"":0,""favoritePeopleCount"":0,""badgesCount"":2,""interestCount"":0",2025-12-27T18:10:29Z
1,ur211966714,https://www.imdb.com/user/ur211966714/?ref_=tturv_usr_1_t,2025-12-27,1,1,"""reviewCount"":1,""ratingsCount"":1,""checkinCount"":0,""listCount"":0,""watchlistCount"":0,""favoritePeopleCount"":0,""badgesCount"":2,""interestCount"":0",2025-12-27T18:08:06Z
1,ur44376853,https://www.imdb.com/user/ur44376853/?ref_=tturv_usr_1_t,2013-06-18,7,0,"""reviewCount"":7,""ratingsCount"":0,""checkinCount"":0,""listCount"":0,""watchlistCount"":0,""favoritePeopleCount"":0,""badgesCount"":2,""interestCount"":0",2013-06-18T19:44:41Z
1,ur211941272,https://www.imdb.com/user/ur211941272/?ref_=tturv_usr_1_t,2025-12-26,1,3,"""reviewCount"":1,""ratingsCount"":3,""checkinCount"":0,""listCount"":0,""watchlistCount"":0,""favoritePeopleCount"":0,""badgesCount"":2,""interestCount"":0",2025-12-26T19:55:54Z
1,ur211964687,https://www.imdb.com/user/ur211964687/?ref_=tturv_usr_1_t,2025-12-27,5,5,"""reviewCount"":5,""ratingsCount"":5,""checkinCount"":0,""listCount"":0,""watchlistCount"":0,""favoritePeopleCount"":0,""badgesCount"":2,""interestCount"":0",2025-12-27T17:51:41Z
1,ur68354993,https://www.imdb.com/user/ur68354993/?ref_=tturv_usr_1_t,2016-08-15,4,20,"""reviewCount"":4,""ratingsCount"":20,""checkinCount"":0,""listCount"":0,""watchlistCount"":0,""favoritePeopleCount"":0,""badgesCount"":3,""interestCount"":0",2016-08-15T16:56:49Z
1,ur183433010,https://www.imdb.com/user/ur183433010/?ref_=tturv_usr_1_t,2024-06-17,2,50,"""reviewCount"":2,""ratingsCount"":50,""checkinCount"":0,""listCount"":0,""watchlistCount"":36,""favoritePeopleCount"":0,""badgesCount"":2,""interestCount"":0",2024-06-17T17:13:22Z
1,ur207026959,https://www.imdb.com/user/ur207026959/?ref_=tturv_usr_1_t,2025-08-14,5,43,"""reviewCount"":5,""ratingsCount"":43,""checkinCount"":0,""listCount"":0,""watchlistCount"":3,""favoritePeopleCount"":0,""badgesCount"":2,""interestCount"":0",2025-08-14T20:40:32Z
1,ur211931467,https://www.imdb.com/user/ur211931467/?ref_=tturv_usr_1_t,2025-12-26,1,5,"""reviewCount"":1,""ratingsCount"":5,""checkinCount"":0,""listCount"":0,""watchlistCount"":0,""favoritePeopleCount"":0,""badgesCount"":2,""interestCount"":0",2025-12-26T14:25:44Z
1,ur189846619,https://www.imdb.com/user/ur189846619/?ref_=tturv_usr_1_t,2024-10-14,1,13,"""reviewCount"":1,""ratingsCount"":13,""checkinCount"":0,""listCount"":0,""watchlistCount"":0,""favoritePeopleCount"":0,""badgesCount"":2,""interestCount"":0",2024-10-14T04:09:39Z
1,ur211965447,https://www.imdb.com/user/ur211965447/?ref_=tturv_usr_1_t,2025-12-27,1,5,"""reviewCount"":1,""ratingsCount"":5,""checkinCount"":0,""listCount"":0,""watchlistCount"":0,""favoritePeopleCount"":0,""badgesCount"":2,""interestCount"":0",2025-12-27T17:27:00Z
1,ur73925268,https://www.imdb.com/user/ur73925268/?ref_=tturv_usr_1_t,2017-03-13,1,0,"""reviewCount"":1,""ratingsCount"":0,""checkinCount"":0,""listCount"":0,""watchlistCount"":0,""favoritePeopleCount"":0,""badgesCount"":2,""interestCount"":0",2017-03-13T04:20:52Z
1,ur211965790,https://www.imdb.com/user/ur211965790/?ref_=tturv_usr_1_t,2025-12-27,1,1,"""reviewCount"":1,""ratingsCount"":1,""checkinCount"":0,""listCount"":0,""watchlistCount"":0,""favoritePeopleCount"":0,""badgesCount"":2,""interestCount"":0",2025-12-27T17:09:02Z
1,ur161840125,https://www.imdb.com/user/ur161840125/?ref_=tturv_usr_1_t,2023-02-01,1,0,"""reviewCount"":1,""ratingsCount"":0,""checkinCount"":0,""listCount"":0,""watchlistCount"":3,""favoritePeopleCount"":0,""badgesCount"":2,""interestCount"":0",2023-02-01T07:50:42Z
1,ur175871220,https://www.imdb.com/user/ur175871220/?ref_=tturv_usr_1_t,2024-01-13,1,0,"""reviewCount"":1,""ratingsCount"":0,""checkinCount"":0,""listCount"":0,""watchlistCount"":0,""favoritePeopleCount"":0,""badgesCount"":2,""interestCount"":0",2024-01-13T20:18:04Z
1,ur126971055,https://www.imdb.com/user/ur126971055/?ref_=tturv_usr_1_t,2020-12-06,1,0,"""reviewCount"":1,""ratingsCount"":0,""checkinCount"":0,""listCount"":0,""watchlistCount"":0,""favoritePeopleCount"":0,""badgesCount"":2,""interestCount"":0",2020-12-06T15:16:03Z
1,ur139644381,https://www.imdb.com/user/ur139644381/?ref_=tturv_usr_1_t,2021-10-12,1,0,"""reviewCount"":1,""ratingsCount"":0,""checkinCount"":0,""listCount"":0,""watchlistCount"":0,""favoritePeopleCount"":0,""badgesCount"":2,""interestCount"":0",2021-10-12T09:49:14Z
1,ur92343058,https://www.imdb.com/user/ur92343058/?ref_=tturv_usr_1_t,2018-09-10,5,17,"""reviewCount"":5,""ratingsCount"":17,""checkinCount"":0,""listCount"":0,""watchlistCount"":0,""favoritePeopleCount"":0,""badgesCount"":2,""interestCount"":0",2018-09-10T08:53:35Z
1,ur151811693,https://www.imdb.com/user/ur151811693/?ref_=tturv_usr_1_t,2022-04-07,1,0,"""reviewCount"":1,""ratingsCount"":0,""checkinCount"":0,""listCount"":0,""watchlistCount"":0,""favoritePeopleCount"":0,""badgesCount"":2,""interestCount"":0",2022-04-07T12:47:50Z
1,ur6598130,https://www.imdb.com/user/ur6598130/?ref_=tturv_usr_1_t,2005-08-04,39,0,"""reviewCount"":39,""ratingsCount"":0,""checkinCount"":0,""listCount"":1,""watchlistCount"":0,""favoritePeopleCount"":0,""badgesCount"":2,""interestCount"":0",2005-08-04T11:07:12Z
1,ur148629461,https://www.imdb.com/user/ur148629461/?ref_=tturv_usr_1_t,2022-01-18,1,0,"""reviewCount"":1,""ratingsCount"":0,""checkinCount"":0,""listCount"":0,""watchlistCount"":0,""favoritePeopleCount"":0,""badgesCount"":6,""interestCount"":0",2022-01-18T16:37:48Z
1,ur211964503,https://www.imdb.com/user/ur211964503/?ref_=tturv_usr_1_t,2025-12-27,1,1,"""reviewCount"":1,""ratingsCount"":1,""checkinCount"":0,""listCount"":0,""watchlistCount"":0,""favoritePeopleCount"":0,""badgesCount"":2,""interestCount"":0",2025-12-27T16:06:34Z
1,ur30895268,https://www.imdb.com/user/ur30895268/?ref_=tturv_usr_1_t,2012-01-26,1,0,"""reviewCount"":1,""ratingsCount"":0,""checkinCount"":0,""listCount"":1,""watchlistCount"":0,""favoritePeopleCount"":0,""badgesCount"":2,""interestCount"":0",2012-01-26T09:06:18Z
1,ur41344193,https://www.imdb.com/user/ur41344193/?ref_=tturv_usr_1_t,2013-02-27,4,0,"""reviewCount"":4,""ratingsCount"":0,""checkinCount"":0,""listCount"":0,""watchlistCount"":0,""favoritePeopleCount"":0,""badgesCount"":2,""interestCount"":0",2013-02-27T18:33:09Z
1,ur211962916,https://www.imdb.com/user/ur211962916/?ref_=tturv_usr_1_t,2025-12-27,1,3,"""reviewCount"":1,""ratingsCount"":3,""checkinCount"":0,""listCount"":0,""watchlistCount"":0,""favoritePeopleCount"":0,""badgesCount"":2,""interestCount"":0",2025-12-27T15:38:06Z
1,ur211944310,https://www.imdb.com/user/ur211944310/?ref_=tturv_usr_1_t,2025-12-26,1,7,"""reviewCount"":1,""ratingsCount"":7,""checkinCount"":0,""listCount"":0,""watchlistCount"":0,""favoritePeopleCount"":0,""badgesCount"":2,""interestCount"":0",2025-12-26T22:29:41Z
1,ur158603938,https://www.imdb.com/user/ur158603938/?ref_=tturv_usr_1_t,2022-11-08,1,0,"""reviewCount"":1,""ratingsCount"":0,""checkinCount"":0,""listCount"":0,""watchlistCount"":0,""favoritePeopleCount"":0,""badgesCount"":2,""interestCount"":0",2022-11-08T07:42:02Z
1,ur211961025,https://www.imdb.com/user/ur211961025/?ref_=tturv_usr_1_t,2025-12-27,1,1,"""reviewCount"":1,""ratingsCount"":1,""checkinCount"":0,""listCount"":0,""watchlistCount"":0,""favoritePeopleCount"":0,""badgesCount"":2,""interestCount"":0",2025-12-27T15:13:08Z
1,ur181679651,https://www.imdb.com/user/ur181679651/?ref_=tturv_usr_1_t,2024-05-15,1,2,"""reviewCount"":1,""ratingsCount"":2,""checkinCount"":0,""listCount"":0,""watchlistCount"":1,""favoritePeopleCount"":0,""badgesCount"":2,""interestCount"":0",2024-05-15T03:35:30Z
1,ur211962260,https://www.imdb.com/user/ur211962260/?ref_=tturv_usr_1_t,2025-12-27,1,3,"""reviewCount"":1,""ratingsCount"":3,""checkinCount"":0,""listCount"":0,""watchlistCount"":0,""favoritePeopleCount"":0,""badgesCount"":2,""interestCount"":0",2025-12-27T14:22:02Z
1,ur211960787,https://www.imdb.com/user/ur211960787/?ref_=tturv_usr_1_t,2025-12-27,1,4,"""reviewCount"":1,""ratingsCount"":4,""checkinCount"":0,""listCount"":0,""watchlistCount"":0,""favoritePeopleCount"":0,""badgesCount"":2,""interestCount"":0",2025-12-27T14:10:49Z
1,ur40331203,https://www.imdb.com/user/ur40331203/?ref_=tturv_usr_1_t,2013-01-26,4,0,"""reviewCount"":4,""ratingsCount"":0,""checkinCount"":0,""listCount"":0,""watchlistCount"":0,""favoritePeopleCount"":0,""badgesCount"":2,""interestCount"":0",2013-01-26T18:29:04Z
1,ur211961401,https://www.imdb.com/user/ur211961401/?ref_=tturv_usr_1_t,2025-12-27,1,2,"""reviewCount"":1,""ratingsCount"":2,""checkinCount"":0,""listCount"":0,""watchlistCount"":0,""favoritePeopleCount"":0,""badgesCount"":2,""interestCount"":0",2025-12-27T13:25:52Z
1,ur211959475,https://www.imdb.com/user/ur211959475/?ref_=tturv_usr_1_t,2025-12-27,1,4,"""reviewCount"":1,""ratingsCount"":4,""checkinCount"":0,""listCount"":0,""watchlistCount"":0,""favoritePeopleCount"":0,""badgesCount"":2,""interestCount"":0",2025-12-27T13:13:29Z
1,ur197018472,https://www.imdb.com/user/ur197018472/?ref_=tturv_usr_1_t,2025-02-17,2,91,"""reviewCount"":2,""ratingsCount"":91,""checkinCount"":0,""listCount"":0,""watchlistCount"":8,""favoritePeopleCount"":0,""badgesCount"":2,""interestCount"":0",2025-02-17T07:02:36Z
1,ur153582636,https://www.imdb.com/user/ur153582636/?ref_=tturv_usr_1_t,2022-06-09,3,0,"""reviewCount"":3,""ratingsCount"":0,""checkinCount"":0,""listCount"":0,""watchlistCount"":0,""favoritePeopleCount"":0,""badgesCount"":2,""interestCount"":0",2022-06-09T09:12:08Z
1,ur97935829,https://www.imdb.com/user/ur97935829/?ref_=tturv_usr_1_t,2019-01-18,3,64,"""reviewCount"":3,""ratingsCount"":64,""checkinCount"":0,""listCount"":0,""watchlistCount"":60,""favoritePeopleCount"":0,""badgesCount"":2,""interestCount"":0",2019-01-18T15:04:25Z
1,ur59689566,https://www.imdb.com/user/ur59689566/?ref_=tturv_usr_1_t,2015-04-06,1,0,"""reviewCount"":1,""ratingsCount"":0,""checkinCount"":0,""listCount"":0,""watchlistCount"":0,""favoritePeopleCount"":0,""badgesCount"":2,""interestCount"":0",2015-04-06T07:24:10Z
1,ur193907203,https://www.imdb.com/user/ur193907203/?ref_=tturv_usr_1_t,2024-12-26,1,2,"""reviewCount"":1,""ratingsCount"":2,""checkinCount"":0,""listCount"":0,""watchlistCount"":0,""favoritePeopleCount"":0,""badgesCount"":2,""interestCount"":0",2024-12-26T03:11:06Z
1,ur211711767,https://www.imdb.com/user/ur211711767/?ref_=tturv_usr_1_t,2025-12-15,1,3,"""reviewCount"":1,""ratingsCount"":3,""checkinCount"":0,""listCount"":0,""watchlistCount"":0,""favoritePeopleCount"":0,""badgesCount"":2,""interestCount"":0",2025-12-15T14:26:43Z
1,ur211959072,https://www.imdb.com/user/ur211959072/?ref_=tturv_usr_1_t,2025-12-27,1,1,"""reviewCount"":1,""ratingsCount"":1,""checkinCount"":0,""listCount"":0,""watchlistCount"":0,""favoritePeopleCount"":0,""badgesCount"":2,""interestCount"":0",2025-12-27T11:52:11Z
1,ur142493108,https://www.imdb.com/user/ur142493108/?ref_=tturv_usr_1_t,2021-11-05,1,0,"""reviewCount"":1,""ratingsCount"":0,""checkinCount"":0,""listCount"":0,""watchlistCount"":0,""favoritePeopleCount"":0,""badgesCount"":2,""interestCount"":0",2021-11-05T17:05:18Z
1,ur211958005,https://www.imdb.com/user/ur211958005/?ref_=tturv_usr_1_t,2025-12-27,1,4,"""reviewCount"":1,""ratingsCount"":4,""checkinCount"":0,""listCount"":0,""watchlistCount"":0,""favoritePeopleCount"":0,""badgesCount"":2,""interestCount"":0",2025-12-27T11:40:37Z
1,ur194139063,https://www.imdb.com/user/ur194139063/?ref_=tturv_usr_1_t,2024-12-29,1,65,"""reviewCount"":1,""ratingsCount"":65,""checkinCount"":0,""listCount"":0,""watchlistCount"":28,""favoritePeopleCount"":0,""badgesCount"":2,""interestCount"":0",2024-12-29T15:24:47Z
1,ur96647559,https://www.imdb.com/user/ur96647559/?ref_=tturv_usr_1_t,2018-12-21,1,0,"""reviewCount"":1,""ratingsCount"":0,""checkinCount"":0,""listCount"":0,""watchlistCount"":0,""favoritePeopleCount"":0,""badgesCount"":2,""interestCount"":0",2018-12-21T12:04:43Z
1,ur211957400,https://www.imdb.com/user/ur211957400/?ref_=tturv_usr_1_t,2025-12-27,1,1,"""reviewCount"":1,""ratingsCount"":1,""checkinCount"":0,""listCount"":0,""watchlistCount"":0,""favoritePeopleCount"":0,""badgesCount"":2,""interestCount"":0",2025-12-27T10:31:25Z
1,ur166875181,https://www.imdb.com/user/ur166875181/?ref_=tturv_usr_1_t,2023-06-23,2,0,"""reviewCount"":2,""ratingsCount"":0,""checkinCount"":0,""listCount"":0,""watchlistCount"":0,""favoritePeopleCount"":0,""badgesCount"":2,""interestCount"":0",2023-06-23T04:44:14Z
1,ur211957573,https://www.imdb.com/user/ur211957573/?ref_=tturv_usr_1_t,2025-12-27,1,9,"""reviewCount"":1,""ratingsCount"":9,""checkinCount"":0,""listCount"":0,""watchlistCount"":1,""favoritePeopleCount"":0,""badgesCount"":2,""interestCount"":0",2025-12-27T10:21:16Z
1,ur211957921,https://www.imdb.com/user/ur211957921/?ref_=tturv_usr_1_t,2025-12-27,1,3,"""reviewCount"":1,""ratingsCount"":3,""checkinCount"":0,""listCount"":0,""watchlistCount"":0,""favoritePeopleCount"":0,""badgesCount"":2,""interestCount"":0",2025-12-27T10:21:51Z
1,ur198806210,https://www.imdb.com/user/ur198806210/?ref_=tturv_usr_1_t,2025-03-26,1,21,"""reviewCount"":1,""ratingsCount"":21,""checkinCount"":0,""listCount"":0,""watchlistCount"":0,""favoritePeopleCount"":0,""badgesCount"":2,""interestCount"":0",2025-03-26T02:39:38Z
1,ur211956352,https://www.imdb.com/user/ur211956352/?ref_=tturv_usr_1_t,2025-12-27,1,5,"""reviewCount"":1,""ratingsCount"":5,""checkinCount"":0,""listCount"":0,""watchlistCount"":0,""favoritePeopleCount"":0,""badgesCount"":2,""interestCount"":0",2025-12-27T08:50:35Z
1,ur118522946,https://www.imdb.com/user/ur118522946/?ref_=tturv_usr_1_t,2020-05-17,1,0,"""reviewCount"":1,""ratingsCount"":0,""checkinCount"":0,""listCount"":0,""watchlistCount"":0,""favoritePeopleCount"":0,""badgesCount"":2,""interestCount"":0",2020-05-17T05:30:44Z
1,ur40454034,https://www.imdb.com/user/ur40454034/?ref_=tturv_usr_1_t,2013-01-30,1,0,"""reviewCount"":1,""ratingsCount"":0,""checkinCount"":0,""listCount"":0,""watchlistCount"":0,""favoritePeopleCount"":0,""badgesCount"":2,""interestCount"":0",2013-01-30T02:15:33Z
1,ur122287178,https://www.imdb.com/user/ur122287178/?ref_=tturv_usr_1_t,2020-07-27,1,0,"""reviewCount"":1,""ratingsCount"":0,""checkinCount"":0,""listCount"":0,""watchlistCount"":0,""favoritePeopleCount"":0,""badgesCount"":2,""interestCount"":0",2020-07-27T12:41:40Z
1,ur145830516,https://www.imdb.com/user/ur145830516/?ref_=tturv_usr_1_t,2021-11-29,1,0,"""reviewCount"":1,""ratingsCount"":0,""checkinCount"":0,""listCount"":0,""watchlistCount"":0,""favoritePeopleCount"":0,""badgesCount"":3,""interestCount"":0",2021-11-29T00:09:49Z
1,ur211955261,https://www.imdb.com/user/ur211955261/?ref_=tturv_usr_1_t,2025-12-27,1,1,"""reviewCount"":1,""ratingsCount"":1,""checkinCount"":0,""listCount"":0,""watchlistCount"":0,""favoritePeopleCount"":0,""badgesCount"":2,""interestCount"":0",2025-12-27T07:57:36Z
1,ur161839388,https://www.imdb.com/user/ur161839388/?ref_=tturv_usr_1_t,2023-02-01,1,0,"""reviewCount"":1,""ratingsCount"":0,""checkinCount"":0,""listCount"":0,""watchlistCount"":0,""favoritePeopleCount"":0,""badgesCount"":2,""interestCount"":0",2023-02-01T07:19:29Z
1,ur211953414,https://www.imdb.com/user/ur211953414/?ref_=tturv_usr_1_t,2025-12-27,1,1,"""reviewCount"":1,""ratingsCount"":1,""checkinCount"":0,""listCount"":0,""watchlistCount"":0,""favoritePeopleCount"":0,""badgesCount"":2,""interestCount"":0",2025-12-27T06:36:22Z
1,ur211954365,https://www.imdb.com/user/ur211954365/?ref_=tturv_usr_1_t,2025-12-27,1,2,"""reviewCount"":1,""ratingsCount"":2,""checkinCount"":0,""listCount"":0,""watchlistCount"":0,""favoritePeopleCount"":0,""badgesCount"":2,""interestCount"":0",2025-12-27T07:33:06Z
1,ur200949607,https://www.imdb.com/user/ur200949607/?ref_=tturv_usr_1_t,2025-05-05,1,18,"""reviewCount"":1,""ratingsCount"":18,""checkinCount"":0,""listCount"":0,""watchlistCount"":1,""favoritePeopleCount"":0,""badgesCount"":2,""interestCount"":0",2025-05-05T13:24:07Z
1,ur211954084,https://www.imdb.com/user/ur211954084/?ref_=tturv_usr_1_t,2025-12-27,1,2,"""reviewCount"":1,""ratingsCount"":2,""checkinCount"":0,""listCount"":0,""watchlistCount"":0,""favoritePeopleCount"":0,""badgesCount"":2,""interestCount"":0",2025-12-27T07:17:38Z
1,ur211954968,https://www.imdb.com/user/ur211954968/?ref_=tturv_usr_1_t,2025-12-27,1,2,"""reviewCount"":1,""ratingsCount"":2,""checkinCount"":0,""listCount"":0,""watchlistCount"":0,""favoritePeopleCount"":0,""badgesCount"":2,""interestCount"":0",2025-12-27T07:03:09Z
1,ur200887314,https://www.imdb.com/user/ur200887314/?ref_=tturv_usr_1_t,2025-05-04,1,3,"""reviewCount"":1,""ratingsCount"":3,""checkinCount"":0,""listCount"":0,""watchlistCount"":2,""favoritePeopleCount"":0,""badgesCount"":2,""interestCount"":0",2025-05-04T06:54:05Z
1,ur56979352,https://www.imdb.com/user/ur56979352/?ref_=tturv_usr_1_t,2014-12-08,3,1280,"""reviewCount"":3,""ratingsCount"":1280,""checkinCount"":0,""listCount"":0,""watchlistCount"":52,""favoritePeopleCount"":0,""badgesCount"":2,""interestCount"":0",2014-12-08T00:26:00Z
1,ur140542649,https://www.imdb.com/user/ur140542649/?ref_=tturv_usr_1_t,2021-10-18,1,0,"""reviewCount"":1,""ratingsCount"":0,""checkinCount"":0,""listCount"":0,""watchlistCount"":0,""favoritePeopleCount"":0,""badgesCount"":2,""interestCount"":0",2021-10-18T18:02:26Z
1,ur158772923,https://www.imdb.com/user/ur158772923/?ref_=tturv_usr_1_t,2022-11-13,1,0,"""reviewCount"":1,""ratingsCount"":0,""checkinCount"":0,""listCount"":0,""watchlistCount"":0,""favoritePeopleCount"":0,""badgesCount"":2,""interestCount"":0",2022-11-13T01:14:51Z
1,ur211954189,https://www.imdb.com/user/ur211954189/?ref_=tturv_usr_1_t,2025-12-27,1,1,"""reviewCount"":1,""ratingsCount"":1,""checkinCount"":0,""listCount"":0,""watchlistCount"":0,""favoritePeopleCount"":0,""badgesCount"":2,""interestCount"":0",2025-12-27T06:26:33Z
1,ur211950750,https://www.imdb.com/user/ur211950750/?ref_=tturv_usr_1_t,2025-12-27,1,1,"""reviewCount"":1,""ratingsCount"":1,""checkinCount"":0,""listCount"":0,""watchlistCount"":0,""favoritePeopleCount"":0,""badgesCount"":2,""interestCount"":0",2025-12-27T03:25:36Z
1,ur211951926,https://www.imdb.com/user/ur211951926/?ref_=tturv_usr_1_t,2025-12-27,1,2,"""reviewCount"":1,""ratingsCount"":2,""checkinCount"":0,""listCount"":0,""watchlistCount"":0,""favoritePeopleCount"":0,""badgesCount"":2,""interestCount"":0",2025-12-27T06:06:33Z
1,ur211953014,https://www.imdb.com/user/ur211953014/?ref_=tturv_usr_1_t,2025-12-27,1,41,"""reviewCount"":1,""ratingsCount"":41,""checkinCount"":0,""listCount"":0,""watchlistCount"":0,""favoritePeopleCount"":0,""badgesCount"":2,""interestCount"":0",2025-12-27T05:59:38Z
1,ur211946333,https://www.imdb.com/user/ur211946333/?ref_=tturv_usr_1_t,2025-12-27,1,4,"""reviewCount"":1,""ratingsCount"":4,""checkinCount"":0,""listCount"":0,""watchlistCount"":0,""favoritePeopleCount"":0,""badgesCount"":2,""interestCount"":0",2025-12-27T00:51:42Z
1,ur211950895,https://www.imdb.com/user/ur211950895/?ref_=tturv_usr_1_t,2025-12-27,1,1,"""reviewCount"":1,""ratingsCount"":1,""checkinCount"":0,""listCount"":0,""watchlistCount"":0,""favoritePeopleCount"":0,""badgesCount"":2,""interestCount"":0",2025-12-27T05:21:17Z
1,ur69042788,https://www.imdb.com/user/ur69042788/?ref_=tturv_usr_1_t,2016-09-27,1,5,"""reviewCount"":1,""ratingsCount"":5,""checkinCount"":0,""listCount"":0,""watchlistCount"":0,""favoritePeopleCount"":0,""badgesCount"":2,""interestCount"":0",2016-09-27T10:28:26Z
1,ur211951086,https://www.imdb.com/user/ur211951086/?ref_=tturv_usr_1_t,2025-12-27,1,1,"""reviewCount"":1,""ratingsCount"":1,""checkinCount"":0,""listCount"":0,""watchlistCount"":0,""favoritePeopleCount"":0,""badgesCount"":2,""interestCount"":0",2025-12-27T04:44:16Z
1,ur158113309,https://www.imdb.com/user/ur158113309/?ref_=tturv_usr_1_t,2022-10-25,3,0,"""reviewCount"":3,""ratingsCount"":0,""checkinCount"":0,""listCount"":0,""watchlistCount"":19,""favoritePeopleCount"":0,""badgesCount"":2,""interestCount"":0",2022-10-25T19:00:20Z
1,ur132407024,https://www.imdb.com/user/ur132407024/?ref_=tturv_usr_1_t,2021-05-11,1,0,"""reviewCount"":1,""ratingsCount"":0,""checkinCount"":0,""listCount"":0,""watchlistCount"":0,""favoritePeopleCount"":0,""badgesCount"":2,""interestCount"":0",2021-05-11T20:03:34Z
1,ur157284969,https://www.imdb.com/user/ur157284969/?ref_=tturv_usr_1_t,2022-10-01,1,0,"""reviewCount"":1,""ratingsCount"":0,""checkinCount"":0,""listCount"":0,""watchlistCount"":3,""favoritePeopleCount"":0,""badgesCount"":2,""interestCount"":0",2022-10-01T10:14:48Z
1,ur211951572,https://www.imdb.com/user/ur211951572/?ref_=tturv_usr_1_t,2025-12-27,1,2,"""reviewCount"":1,""ratingsCount"":2,""checkinCount"":0,""listCount"":0,""watchlistCount"":0,""favoritePeopleCount"":0,""badgesCount"":2,""interestCount"":0",2025-12-27T04:44:11Z
1,ur200380762,https://www.imdb.com/user/ur200380762/?ref_=tturv_usr_1_t,2025-04-23,1,2,"""reviewCount"":1,""ratingsCount"":2,""checkinCount"":0,""listCount"":0,""watchlistCount"":1,""favoritePeopleCount"":0,""badgesCount"":2,""interestCount"":0",2025-04-23T02:59:00Z
1,ur211952058,https://www.imdb.com/user/ur211952058/?ref_=tturv_usr_1_t,2025-12-27,1,1,"""reviewCount"":1,""ratingsCount"":1,""checkinCount"":0,""listCount"":0,""watchlistCount"":0,""favoritePeopleCount"":0,""badgesCount"":2,""interestCount"":0",2025-12-27T04:36:11Z
1,ur211950054,https://www.imdb.com/user/ur211950054/?ref_=tturv_usr_1_t,2025-12-27,1,1,"""reviewCount"":1,""ratingsCount"":1,""checkinCount"":0,""listCount"":0,""watchlistCount"":0,""favoritePeopleCount"":0,""badgesCount"":2,""interestCount"":0",2025-12-27T04:22:42Z
1,ur171921380,https://www.imdb.com/user/ur171921380/?ref_=tturv_usr_1_t,2023-10-25,1,0,"""reviewCount"":1,""ratingsCount"":0,""checkinCount"":0,""listCount"":0,""watchlistCount"":0,""favoritePeopleCount"":0,""badgesCount"":2,""interestCount"":0",2023-10-25T15:29:24Z
1,ur211213935,https://www.imdb.com/user/ur211213935/?ref_=tturv_usr_1_t,2025-11-18,1,18,"""reviewCount"":1,""ratingsCount"":18,""checkinCount"":0,""listCount"":0,""watchlistCount"":2,""favoritePeopleCount"":0,""badgesCount"":2,""interestCount"":0",2025-11-18T08:36:17Z
1,ur201324740,https://www.imdb.com/user/ur201324740/?ref_=tturv_usr_1_t,2025-05-13,1,13,"""reviewCount"":1,""ratingsCount"":13,""checkinCount"":0,""listCount"":0,""watchlistCount"":0,""favoritePeopleCount"":0,""badgesCount"":2,""interestCount"":0",2025-05-13T04:33:57Z
1,ur160362154,https://www.imdb.com/user/ur160362154/?ref_=tturv_usr_1_t,2022-12-25,6,0,"""reviewCount"":6,""ratingsCount"":0,""checkinCount"":0,""listCount"":0,""watchlistCount"":1,""favoritePeopleCount"":0,""badgesCount"":2,""interestCount"":0",2022-12-25T01:40:17Z
1,ur211949642,https://www.imdb.com/user/ur211949642/?ref_=tturv_usr_1_t,2025-12-27,1,1,"""reviewCount"":1,""ratingsCount"":1,""checkinCount"":0,""listCount"":0,""watchlistCount"":0,""favoritePeopleCount"":0,""badgesCount"":2,""interestCount"":0",2025-12-27T03:20:30Z
1,ur211950148,https://www.imdb.com/user/ur211950148/?ref_=tturv_usr_1_t,2025-12-27,1,3,"""reviewCount"":1,""ratingsCount"":3,""checkinCount"":0,""listCount"":0,""watchlistCount"":1,""favoritePeopleCount"":0,""badgesCount"":2,""interestCount"":0",2025-12-27T02:56:23Z
1,ur125742430,https://www.imdb.com/user/ur125742430/?ref_=tturv_usr_1_t,2020-11-01,1,0,"""reviewCount"":1,""ratingsCount"":0,""checkinCount"":0,""listCount"":0,""watchlistCount"":0,""favoritePeopleCount"":0,""badgesCount"":2,""interestCount"":0",2020-11-01T02:58:27Z
1,ur72772557,https://www.imdb.com/user/ur72772557/?ref_=tturv_usr_1_t,2017-02-14,2,0,"""reviewCount"":2,""ratingsCount"":0,""checkinCount"":0,""listCount"":0,""watchlistCount"":1,""favoritePeopleCount"":0,""badgesCount"":2,""interestCount"":0",2017-02-14T13:42:13Z
1,ur81120173,https://www.imdb.com/user/ur81120173/?ref_=tturv_usr_1_t,2017-10-08,1,0,"""reviewCount"":1,""ratingsCount"":0,""checkinCount"":0,""listCount"":0,""watchlistCount"":0,""favoritePeopleCount"":0,""badgesCount"":2,""interestCount"":0",2017-10-08T00:19:09Z
1,ur211948909,https://www.imdb.com/user/ur211948909/?ref_=tturv_usr_1_t,2025-12-27,1,2,"""reviewCount"":1,""ratingsCount"":2,""checkinCount"":0,""listCount"":0,""watchlistCount"":0,""favoritePeopleCount"":0,""badgesCount"":2,""interestCount"":0",2025-12-27T01:53:12Z
1,ur211947812,https://www.imdb.com/user/ur211947812/?ref_=tturv_usr_1_t,2025-12-27,1,1,"""reviewCount"":1,""ratingsCount"":1,""checkinCount"":0,""listCount"":0,""watchlistCount"":0,""favoritePeopleCount"":0,""badgesCount"":2,""interestCount"":0",2025-12-27T01:24:55Z
1,ur171745132,https://www.imdb.com/user/ur171745132/?ref_=tturv_usr_1_t,2023-10-21,3,0,"""reviewCount"":3,""ratingsCount"":0,""checkinCount"":0,""listCount"":0,""watchlistCount"":0,""favoritePeopleCount"":0,""badgesCount"":2,""interestCount"":0",2023-10-21T10:17:52Z
1,ur211948698,https://www.imdb.com/user/ur211948698/?ref_=tturv_usr_1_t,2025-12-27,1,16,"""reviewCount"":1,""ratingsCount"":16,""checkinCount"":0,""listCount"":0,""watchlistCount"":0,""favoritePeopleCount"":0,""badgesCount"":2,""interestCount"":0",2025-12-27T01:26:27Z
1,ur211947515,https://www.imdb.com/user/ur211947515/?ref_=tturv_usr_1_t,2025-12-27,1,3,"""reviewCount"":1,""ratingsCount"":3,""checkinCount"":0,""listCount"":0,""watchlistCount"":0,""favoritePeopleCount"":0,""badgesCount"":2,""interestCount"":0",2025-12-27T01:06:22Z
1,ur211946286,https://www.imdb.com/user/ur211946286/?ref_=tturv_usr_1_t,2025-12-27,1,1,"""reviewCount"":1,""ratingsCount"":1,""checkinCount"":0,""listCount"":0,""watchlistCount"":0,""favoritePeopleCount"":0,""badgesCount"":2,""interestCount"":0",2025-12-27T01:01:58Z
1,ur211947285,https://www.imdb.com/user/ur211947285/?ref_=tturv_usr_1_t,2025-12-27,1,28,"""reviewCount"":1,""ratingsCount"":28,""checkinCount"":0,""listCount"":0,""watchlistCount"":0,""favoritePeopleCount"":0,""badgesCount"":2,""interestCount"":0",2025-12-27T01:20:46Z
1,ur132350764,https://www.imdb.com/user/ur132350764/?ref_=tturv_usr_1_t,2021-05-10,533,8578,"""reviewCount"":533,""ratingsCount"":8578,""checkinCount"":0,""listCount"":21,""watchlistCount"":47,""favoritePeopleCount"":0,""badgesCount"":9,""interestCount"":0",2021-05-10T08:29:51Z
1,ur211946842,https://www.imdb.com/user/ur211946842/?ref_=tturv_usr_1_t,2025-12-27,1,23,"""reviewCount"":1,""ratingsCount"":23,""checkinCount"":0,""listCount"":0,""watchlistCount"":0,""favoritePeopleCount"":0,""badgesCount"":2,""interestCount"":0",2025-12-27T01:01:29Z
1,ur164966795,https://www.imdb.com/user/ur164966795/?ref_=tturv_usr_1_t,2023-04-29,1,0,"""reviewCount"":1,""ratingsCount"":0,""checkinCount"":0,""listCount"":0,""watchlistCount"":2,""favoritePeopleCount"":0,""badgesCount"":2,""interestCount"":0",2023-04-29T03:19:05Z
1,ur201975214,https://www.imdb.com/user/ur201975214/?ref_=tturv_usr_1_t,2025-05-26,1,29,"""reviewCount"":1,""ratingsCount"":29,""checkinCount"":0,""listCount"":0,""watchlistCount"":4,""favoritePeopleCount"":0,""badgesCount"":2,""interestCount"":0",2025-05-26T13:06:38Z
1,ur130195192,https://www.imdb.com/user/ur130195192/?ref_=tturv_usr_1_t,2021-03-08,7,0,"""reviewCount"":7,""ratingsCount"":0,""checkinCount"":0,""listCount"":0,""watchlistCount"":0,""favoritePeopleCount"":0,""badgesCount"":2,""interestCount"":0",2021-03-08T11:33:36Z
1,ur46805669,https://www.imdb.com/user/ur46805669/?ref_=tturv_usr_1_t,2013-09-22,1,0,"""reviewCount"":1,""ratingsCount"":0,""checkinCount"":0,""listCount"":3,""watchlistCount"":0,""favoritePeopleCount"":0,""badgesCount"":2,""interestCount"":0",2013-09-22T12:38:04Z
1,ur211945594,https://www.imdb.com/user/ur211945594/?ref_=tturv_usr_1_t,2025-12-26,1,2,"""reviewCount"":1,""ratingsCount"":2,""checkinCount"":0,""listCount"":0,""watchlistCount"":0,""favoritePeopleCount"":0,""badgesCount"":2,""interestCount"":0",2025-12-26T23:58:41Z
1,ur130920750,https://www.imdb.com/user/ur130920750/?ref_=tturv_usr_1_t,2021-03-29,5,0,"""reviewCount"":5,""ratingsCount"":0,""checkinCount"":0,""listCount"":0,""watchlistCount"":0,""favoritePeopleCount"":0,""badgesCount"":2,""interestCount"":0",2021-03-29T23:48:03Z
1,ur211945243,https://www.imdb.com/user/ur211945243/?ref_=tturv_usr_1_t,2025-12-26,1,2,"""reviewCount"":1,""ratingsCount"":2,""checkinCount"":0,""listCount"":0,""watchlistCount"":0,""favoritePeopleCount"":0,""badgesCount"":2,""interestCount"":0",2025-12-26T23:24:53Z
1,ur211944742,https://www.imdb.com/user/ur211944742/?ref_=tturv_usr_1_t,2025-12-26,1,5,"""reviewCount"":1,""ratingsCount"":5,""checkinCount"":0,""listCount"":0,""watchlistCount"":0,""favoritePeopleCount"":0,""badgesCount"":2,""interestCount"":0",2025-12-26T23:11:39Z
1,ur211570858,https://www.imdb.com/user/ur211570858/?ref_=tturv_usr_1_t,2025-12-08,2,5,"""reviewCount"":2,""ratingsCount"":5,""checkinCount"":0,""listCount"":0,""watchlistCount"":8,""favoritePeopleCount"":0,""badgesCount"":2,""interestCount"":0",2025-12-08T13:20:58Z
1,ur205892257,https://www.imdb.com/user/ur205892257/?ref_=tturv_usr_1_t,2025-07-24,2,3,"""reviewCount"":2,""ratingsCount"":3,""checkinCount"":0,""listCount"":0,""watchlistCount"":0,""favoritePeopleCount"":0,""badgesCount"":2,""interestCount"":0",2025-07-24T20:03:11Z
1,ur204702869,https://www.imdb.com/user/ur204702869/?ref_=tturv_usr_1_t,2025-07-03,9,170,"""reviewCount"":9,""ratingsCount"":170,""checkinCount"":0,""listCount"":0,""watchlistCount"":1,""favoritePeopleCount"":0,""badgesCount"":2,""interestCount"":0",2025-07-03T07:24:57Z
1,ur211944085,https://www.imdb.com/user/ur211944085/?ref_=tturv_usr_1_t,2025-12-26,1,1,"""reviewCount"":1,""ratingsCount"":1,""checkinCount"":0,""listCount"":0,""watchlistCount"":0,""favoritePeopleCount"":0,""badgesCount"":2,""interestCount"":0",2025-12-26T22:32:46Z
1,ur211944668,https://www.imdb.com/user/ur211944668/?ref_=tturv_usr_1_t,2025-12-26,1,2,"""reviewCount"":1,""ratingsCount"":2,""checkinCount"":0,""listCount"":0,""watchlistCount"":0,""favoritePeopleCount"":0,""badgesCount"":2,""interestCount"":0",2025-12-26T22:20:41Z
1,ur211943726,https://www.imdb.com/user/ur211943726/?ref_=tturv_usr_1_t,2025-12-26,1,1,"""reviewCount"":1,""ratingsCount"":1,""checkinCount"":0,""listCount"":0,""watchlistCount"":0,""favoritePeopleCount"":0,""badgesCount"":2,""interestCount"":0",2025-12-26T22:33:34Z
1,ur211944281,https://www.imdb.com/user/ur211944281/?ref_=tturv_usr_1_t,2025-12-26,1,1,"""reviewCount"":1,""ratingsCount"":1,""checkinCount"":0,""listCount"":0,""watchlistCount"":1,""favoritePeopleCount"":0,""badgesCount"":2,""interestCount"":0",2025-12-26T22:31:13Z
1,ur211944132,https://www.imdb.com/user/ur211944132/?ref_=tturv_usr_1_t,2025-12-26,1,10,"""reviewCount"":1,""ratingsCount"":10,""checkinCount"":0,""listCount"":0,""watchlistCount"":0,""favoritePeopleCount"":0,""badgesCount"":2,""interestCount"":0",2025-12-26T22:20:32Z
1,ur190095155,https://www.imdb.com/user/ur190095155/?ref_=tturv_usr_1_t,2024-10-18,1,1,"""reviewCount"":1,""ratingsCount"":1,""checkinCount"":0,""listCount"":0,""watchlistCount"":0,""favoritePeopleCount"":0,""badgesCount"":2,""interestCount"":0",2024-10-18T03:36:57Z
1,ur206729578,https://www.imdb.com/user/ur206729578/?ref_=tturv_usr_1_t,2025-08-08,1,25,"""reviewCount"":1,""ratingsCount"":25,""checkinCount"":0,""listCount"":0,""watchlistCount"":1,""favoritePeopleCount"":0,""badgesCount"":2,""interestCount"":0",2025-08-08T23:32:38Z
1,ur211942657,https://www.imdb.com/user/ur211942657/?ref_=tturv_usr_1_t,2025-12-26,1,3,"""reviewCount"":1,""ratingsCount"":3,""checkinCount"":0,""listCount"":0,""watchlistCount"":0,""favoritePeopleCount"":0,""badgesCount"":2,""interestCount"":0",2025-12-26T21:53:51Z
1,ur31841202,https://www.imdb.com/user/ur31841202/?ref_=tturv_usr_1_t,2012-02-25,15,308,"""reviewCount"":15,""ratingsCount"":308,""checkinCount"":0,""listCount"":0,""watchlistCount"":0,""favoritePeopleCount"":0,""badgesCount"":8,""interestCount"":0",2012-02-25T04:38:31Z
1,ur211941835,https://www.imdb.com/user/ur211941835/?ref_=tturv_usr_1_t,2025-12-26,1,3,"""reviewCount"":1,""ratingsCount"":3,""checkinCount"":0,""listCount"":0,""watchlistCount"":2,""favoritePeopleCount"":0,""badgesCount"":2,""interestCount"":0",2025-12-26T21:52:09Z
1,ur50099192,https://www.imdb.com/user/ur50099192/?ref_=tturv_usr_1_t,2014-01-23,2,0,"""reviewCount"":2,""ratingsCount"":0,""checkinCount"":1,""listCount"":0,""watchlistCount"":0,""favoritePeopleCount"":0,""badgesCount"":3,""interestCount"":0",2014-01-23T08:13:50Z
1,ur211823440,https://www.imdb.com/user/ur211823440/?ref_=tturv_usr_1_t,2025-12-21,1,2,"""reviewCount"":1,""ratingsCount"":2,""checkinCount"":0,""listCount"":0,""watchlistCount"":0,""favoritePeopleCount"":0,""badgesCount"":2,""interestCount"":0",2025-12-21T04:00:33Z
1,ur72488179,https://www.imdb.com/user/ur72488179/?ref_=tturv_usr_1_t,2017-02-07,2,0,"""reviewCount"":2,""ratingsCount"":0,""checkinCount"":0,""listCount"":0,""watchlistCount"":0,""favoritePeopleCount"":0,""badgesCount"":2,""interestCount"":0",2017-02-07T18:17:08Z
1,ur211943300,https://www.imdb.com/user/ur211943300/?ref_=tturv_usr_1_t,2025-12-26,1,1,"""reviewCount"":1,""ratingsCount"":1,""checkinCount"":0,""listCount"":0,""watchlistCount"":0,""favoritePeopleCount"":0,""badgesCount"":2,""interestCount"":0",2025-12-26T21:31:14Z
1,ur78876920,https://www.imdb.com/user/ur78876920/?ref_=tturv_usr_1_t,2017-07-29,1,0,"""reviewCount"":1,""ratingsCount"":0,""checkinCount"":0,""listCount"":0,""watchlistCount"":0,""favoritePeopleCount"":0,""badgesCount"":2,""interestCount"":0",2017-07-29T12:02:45Z
1,ur165894661,https://www.imdb.com/user/ur165894661/?ref_=tturv_usr_1_t,2023-05-27,7,0,"""reviewCount"":7,""ratingsCount"":0,""checkinCount"":0,""listCount"":0,""watchlistCount"":0,""favoritePeopleCount"":0,""badgesCount"":2,""interestCount"":0",2023-05-27T20:24:36Z
1,ur211942003,https://www.imdb.com/user/ur211942003/?ref_=tturv_usr_1_t,2025-12-26,1,1,"""reviewCount"":1,""ratingsCount"":1,""checkinCount"":0,""listCount"":0,""watchlistCount"":0,""favoritePeopleCount"":0,""badgesCount"":2,""interestCount"":0",2025-12-26T21:11:32Z
1,ur186175427,https://www.imdb.com/user/ur186175427/?ref_=tturv_usr_1_t,2024-08-06,1,113,"""reviewCount"":1,""ratingsCount"":113,""checkinCount"":0,""listCount"":0,""watchlistCount"":0,""favoritePeopleCount"":0,""badgesCount"":2,""interestCount"":0",2024-08-06T01:49:32Z
1,ur161392426,https://www.imdb.com/user/ur161392426/?ref_=tturv_usr_1_t,2023-01-21,1,0,"""reviewCount"":1,""ratingsCount"":0,""checkinCount"":0,""listCount"":0,""watchlistCount"":0,""favoritePeopleCount"":0,""badgesCount"":2,""interestCount"":0",2023-01-21T21:41:37Z
1,ur117767980,https://www.imdb.com/user/ur117767980/?ref_=tturv_usr_1_t,2020-05-03,1,0,"""reviewCount"":1,""ratingsCount"":0,""checkinCount"":0,""listCount"":0,""watchlistCount"":0,""favoritePeopleCount"":0,""badgesCount"":2,""interestCount"":0",2020-05-03T05:16:28Z
1,ur211940479,https://www.imdb.com/user/ur211940479/?ref_=tturv_usr_1_t,2025-12-26,1,19,"""reviewCount"":1,""ratingsCount"":19,""checkinCount"":0,""listCount"":0,""watchlistCount"":0,""favoritePeopleCount"":0,""badgesCount"":2,""interestCount"":0",2025-12-26T19:22:50Z
1,ur137569057,https://www.imdb.com/user/ur137569057/?ref_=tturv_usr_1_t,2021-09-21,2,0,"""reviewCount"":2,""ratingsCount"":0,""checkinCount"":0,""listCount"":0,""watchlistCount"":0,""favoritePeopleCount"":0,""badgesCount"":2,""interestCount"":0",2021-09-21T02:12:16Z
1,ur184346844,https://www.imdb.com/user/ur184346844/?ref_=tturv_usr_1_t,2024-07-03,2,169,"""reviewCount"":2,""ratingsCount"":169,""checkinCount"":0,""listCount"":0,""watchlistCount"":2,""favoritePeopleCount"":0,""badgesCount"":2,""interestCount"":0",2024-07-03T13:38:40Z
1,ur211938942,https://www.imdb.com/user/ur211938942/?ref_=tturv_usr_1_t,2025-12-26,4,9,"""reviewCount"":4,""ratingsCount"":9,""checkinCount"":0,""listCount"":0,""watchlistCount"":0,""favoritePeopleCount"":0,""badgesCount"":2,""interestCount"":0",2025-12-26T18:47:07Z
1,ur211938563,https://www.imdb.com/user/ur211938563/?ref_=tturv_usr_1_t,2025-12-26,2,14,"""reviewCount"":2,""ratingsCount"":14,""checkinCount"":0,""listCount"":0,""watchlistCount"":0,""favoritePeopleCount"":0,""badgesCount"":2,""interestCount"":0",2025-12-26T18:12:36Z
1,ur203560942,https://www.imdb.com/user/ur203560942/?ref_=tturv_usr_1_t,2025-06-07,2,12,"""reviewCount"":2,""ratingsCount"":12,""checkinCount"":0,""listCount"":0,""watchlistCount"":0,""favoritePeopleCount"":0,""badgesCount"":2,""interestCount"":0",2025-06-07T22:32:37Z
1,ur211937565,https://www.imdb.com/user/ur211937565/?ref_=tturv_usr_1_t,2025-12-26,1,1,"""reviewCount"":1,""ratingsCount"":1,""checkinCount"":0,""listCount"":0,""watchlistCount"":0,""favoritePeopleCount"":0,""badgesCount"":2,""interestCount"":0",2025-12-26T17:55:57Z
1,ur207915825,https://www.imdb.com/user/ur207915825/?ref_=tturv_usr_1_t,2025-08-31,2,3,"""reviewCount"":2,""ratingsCount"":3,""checkinCount"":0,""listCount"":0,""watchlistCount"":1,""favoritePeopleCount"":0,""badgesCount"":2,""interestCount"":0",2025-08-31T22:15:09Z
1,ur147416754,https://www.imdb.com/user/ur147416754/?ref_=tturv_usr_1_t,2021-12-21,18,0,"""reviewCount"":18,""ratingsCount"":0,""checkinCount"":0,""listCount"":0,""watchlistCount"":0,""favoritePeopleCount"":0,""badgesCount"":2,""interestCount"":0",2021-12-21T02:50:03Z
1,ur211937000,https://www.imdb.com/user/ur211937000/?ref_=tturv_usr_1_t,2025-12-26,1,15,"""reviewCount"":1,""ratingsCount"":15,""checkinCount"":0,""listCount"":0,""watchlistCount"":0,""favoritePeopleCount"":0,""badgesCount"":2,""interestCount"":0",2025-12-26T17:07:57Z
1,ur162408273,https://www.imdb.com/user/ur162408273/?ref_=tturv_usr_1_t,2023-02-17,1,0,"""reviewCount"":1,""ratingsCount"":0,""checkinCount"":0,""listCount"":0,""watchlistCount"":0,""favoritePeopleCount"":0,""badgesCount"":2,""interestCount"":0",2023-02-17T05:46:58Z
1,ur63563605,https://www.imdb.com/user/ur63563605/?ref_=tturv_usr_1_t,2015-11-02,1,0,"""reviewCount"":1,""ratingsCount"":0,""checkinCount"":0,""listCount"":0,""watchlistCount"":0,""favoritePeopleCount"":0,""badgesCount"":2,""interestCount"":0",2015-11-02T19:14:01Z
1,ur211936710,https://www.imdb.com/user/ur211936710/?ref_=tturv_usr_1_t,2025-12-26,1,1,"""reviewCount"":1,""ratingsCount"":1,""checkinCount"":0,""listCount"":0,""watchlistCount"":0,""favoritePeopleCount"":0,""badgesCount"":2,""interestCount"":0",2025-12-26T16:43:16Z
1,ur211936709,https://www.imdb.com/user/ur211936709/?ref_=tturv_usr_1_t,2025-12-26,1,1,"""reviewCount"":1,""ratingsCount"":1,""checkinCount"":0,""listCount"":0,""watchlistCount"":0,""favoritePeopleCount"":0,""badgesCount"":2,""interestCount"":0",2025-12-26T16:32:45Z
1,ur211935601,https://www.imdb.com/user/ur211935601/?ref_=tturv_usr_1_t,2025-12-26,1,9,"""reviewCount"":1,""ratingsCount"":9,""checkinCount"":0,""listCount"":0,""watchlistCount"":0,""favoritePeopleCount"":0,""badgesCount"":2,""interestCount"":0",2025-12-26T16:19:06Z
1,ur211935532,https://www.imdb.com/user/ur211935532/?ref_=tturv_usr_1_t,2025-12-26,1,1,"""reviewCount"":1,""ratingsCount"":1,""checkinCount"":0,""listCount"":0,""watchlistCount"":0,""favoritePeopleCount"":0,""badgesCount"":2,""interestCount"":0",2025-12-26T16:10:47Z
1,ur134570044,https://www.imdb.com/user/ur134570044/?ref_=tturv_usr_1_t,2021-07-14,1,0,"""reviewCount"":1,""ratingsCount"":0,""checkinCount"":0,""listCount"":0,""watchlistCount"":7,""favoritePeopleCount"":0,""badgesCount"":2,""interestCount"":0",2021-07-14T01:22:46Z
1,ur211936068,https://www.imdb.com/user/ur211936068/?ref_=tturv_usr_1_t,2025-12-26,1,1,"""reviewCount"":1,""ratingsCount"":1,""checkinCount"":0,""listCount"":0,""watchlistCount"":0,""favoritePeopleCount"":0,""badgesCount"":2,""interestCount"":0",2025-12-26T16:04:34Z
1,ur211935410,https://www.imdb.com/user/ur211935410/?ref_=tturv_usr_1_t,2025-12-26,1,2,"""reviewCount"":1,""ratingsCount"":2,""checkinCount"":0,""listCount"":0,""watchlistCount"":0,""favoritePeopleCount"":0,""badgesCount"":2,""interestCount"":0",2025-12-26T15:41:16Z
1,ur211935090,https://www.imdb.com/user/ur211935090/?ref_=tturv_usr_1_t,2025-12-26,1,2,"""reviewCount"":1,""ratingsCount"":2,""checkinCount"":0,""listCount"":0,""watchlistCount"":0,""favoritePeopleCount"":0,""badgesCount"":2,""interestCount"":0",2025-12-26T15:37:09Z
1,ur211935348,https://www.imdb.com/user/ur211935348/?ref_=tturv_usr_1_t,2025-12-26,1,1,"""reviewCount"":1,""ratingsCount"":1,""checkinCount"":0,""listCount"":0,""watchlistCount"":0,""favoritePeopleCount"":0,""badgesCount"":2,""interestCount"":0",2025-12-26T15:33:05Z
1,ur211927834,https://www.imdb.com/user/ur211927834/?ref_=tturv_usr_1_t,2025-12-26,1,8,"""reviewCount"":1,""ratingsCount"":8,""checkinCount"":0,""listCount"":0,""watchlistCount"":0,""favoritePeopleCount"":0,""badgesCount"":2,""interestCount"":0",2025-12-26T08:25:08Z
1,ur211933716,https://www.imdb.com/user/ur211933716/?ref_=tturv_usr_1_t,2025-12-26,1,2,"""reviewCount"":1,""ratingsCount"":2,""checkinCount"":0,""listCount"":0,""watchlistCount"":0,""favoritePeopleCount"":0,""badgesCount"":2,""interestCount"":0",2025-12-26T15:04:44Z
1,ur147934011,https://www.imdb.com/user/ur147934011/?ref_=tturv_usr_1_t,2022-01-04,3,0,"""reviewCount"":3,""ratingsCount"":0,""checkinCount"":0,""listCount"":0,""watchlistCount"":0,""favoritePeopleCount"":0,""badgesCount"":3,""interestCount"":0",2022-01-04T02:20:56Z
1,ur200460401,https://www.imdb.com/user/ur200460401/?ref_=tturv_usr_1_t,2025-04-24,2,2,"""reviewCount"":2,""ratingsCount"":2,""checkinCount"":0,""listCount"":0,""watchlistCount"":0,""favoritePeopleCount"":0,""badgesCount"":2,""interestCount"":0",2025-04-24T20:15:39Z
1,ur211858475,https://www.imdb.com/user/ur211858475/?ref_=tturv_usr_1_t,2025-12-22,14,245,"""reviewCount"":14,""ratingsCount"":245,""checkinCount"":0,""listCount"":0,""watchlistCount"":0,""favoritePeopleCount"":0,""badgesCount"":2,""interestCount"":0",2025-12-22T15:27:10Z
1,ur211928667,https://www.imdb.com/user/ur211928667/?ref_=tturv_usr_1_t,2025-12-26,1,6,"""reviewCount"":1,""ratingsCount"":6,""checkinCount"":0,""listCount"":0,""watchlistCount"":0,""favoritePeopleCount"":0,""badgesCount"":2,""interestCount"":0",2025-12-26T10:43:51Z
1,ur44603931,https://www.imdb.com/user/ur44603931/?ref_=tturv_usr_1_t,2013-06-27,1,115,"""reviewCount"":1,""ratingsCount"":115,""checkinCount"":0,""listCount"":0,""watchlistCount"":73,""favoritePeopleCount"":11,""badgesCount"":2,""interestCount"":0",2013-06-27T10:48:35Z
1,ur183292465,https://www.imdb.com/user/ur183292465/?ref_=tturv_usr_1_t,2024-06-15,17,490,"""reviewCount"":17,""ratingsCount"":490,""checkinCount"":0,""listCount"":0,""watchlistCount"":4,""favoritePeopleCount"":0,""badgesCount"":2,""interestCount"":0",2024-06-15T12:24:44Z
1,ur168713704,https://www.imdb.com/user/ur168713704/?ref_=tturv_usr_1_t,2023-07-31,1,0,"""reviewCount"":1,""ratingsCount"":0,""checkinCount"":0,""listCount"":0,""watchlistCount"":2,""favoritePeopleCount"":0,""badgesCount"":2,""interestCount"":0",2023-07-31T05:43:53Z
1,ur211926916,https://www.imdb.com/user/ur211926916/?ref_=tturv_usr_1_t,2025-12-26,1,1,"""reviewCount"":1,""ratingsCount"":1,""checkinCount"":0,""listCount"":0,""watchlistCount"":0,""favoritePeopleCount"":0,""badgesCount"":2,""interestCount"":0",2025-12-26T08:15:06Z
1,ur211926236,https://www.imdb.com/user/ur211926236/?ref_=tturv_usr_1_t,2025-12-26,1,6,"""reviewCount"":1,""ratingsCount"":6,""checkinCount"":0,""listCount"":0,""watchlistCount"":0,""favoritePeopleCount"":0,""badgesCount"":2,""interestCount"":0",2025-12-26T08:00:57Z
1,ur211925564,https://www.imdb.com/user/ur211925564/?ref_=tturv_usr_1_t,2025-12-26,1,1,"""reviewCount"":1,""ratingsCount"":1,""checkinCount"":0,""listCount"":0,""watchlistCount"":0,""favoritePeopleCount"":0,""badgesCount"":2,""interestCount"":0",2025-12-26T06:07:11Z
1,ur211925420,https://www.imdb.com/user/ur211925420/?ref_=tturv_usr_1_t,2025-12-26,1,5,"""reviewCount"":1,""ratingsCount"":5,""checkinCount"":0,""listCount"":0,""watchlistCount"":0,""favoritePeopleCount"":0,""badgesCount"":2,""interestCount"":0",2025-12-26T05:33:24Z
1,ur152161011,https://www.imdb.com/user/ur152161011/?ref_=tturv_usr_1_t,2022-04-19,3,0,"""reviewCount"":3,""ratingsCount"":0,""checkinCount"":0,""listCount"":0,""watchlistCount"":0,""favoritePeopleCount"":0,""badgesCount"":2,""interestCount"":0",2022-04-19T02:09:55Z
1,ur131743618,https://www.imdb.com/user/ur131743618/?ref_=tturv_usr_1_t,2021-04-25,1,0,"""reviewCount"":1,""ratingsCount"":0,""checkinCount"":0,""listCount"":0,""watchlistCount"":0,""favoritePeopleCount"":0,""badgesCount"":2,""interestCount"":0",2021-04-25T08:42:41Z
1,ur210882722,https://www.imdb.com/user/ur210882722/?ref_=tturv_usr_1_t,2025-10-29,1,94,"""reviewCount"":1,""ratingsCount"":94,""checkinCount"":0,""listCount"":0,""watchlistCount"":0,""favoritePeopleCount"":0,""badgesCount"":2,""interestCount"":0",2025-10-29T15:40:20Z
2,ur201046385,https://www.imdb.com/user/ur201046385/?ref_=tturv_usr_1_t,2025-05-07,1,9,"""reviewCount"":1,""ratingsCount"":9,""checkinCount"":0,""listCount"":0,""watchlistCount"":0,""favoritePeopleCount"":0,""badgesCount"":2,""interestCount"":0",2025-05-07T13:06:44Z
2,ur13993997,https://www.imdb.com/user/ur13993997/?ref_=tturv_usr_1_t,2007-01-28,39,0,"""reviewCount"":39,""ratingsCount"":0,""checkinCount"":0,""listCount"":0,""watchlistCount"":0,""favoritePeopleCount"":0,""badgesCount"":2,""interestCount"":0",2007-01-28T00:52:21Z
2,ur212106353,https://www.imdb.com/user/ur212106353/?ref_=tturv_usr_1_t,2026-01-01,1,1,"""reviewCount"":1,""ratingsCount"":1,""checkinCount"":0,""listCount"":0,""watchlistCount"":0,""favoritePeopleCount"":0,""badgesCount"":2,""interestCount"":0",2026-01-01T05:39:17Z
2,ur155269648,https://www.imdb.com/user/ur155269648/?ref_=tturv_usr_1_t,2022-08-02,1,0,"""reviewCount"":1,""ratingsCount"":0,""checkinCount"":0,""listCount"":0,""watchlistCount"":1,""favoritePeopleCount"":0,""badgesCount"":2,""interestCount"":0",2022-08-02T15:18:29Z
2,ur120411677,https://www.imdb.com/user/ur120411677/?ref_=tturv_usr_1_t,2020-06-30,1,0,"""reviewCount"":1,""ratingsCount"":0,""checkinCount"":0,""listCount"":0,""watchlistCount"":0,""favoritePeopleCount"":0,""badgesCount"":2,""interestCount"":0",2020-06-30T12:20:44Z
2,ur212082029,https://www.imdb.com/user/ur212082029/?ref_=tturv_usr_1_t,2025-12-31,1,1,"""reviewCount"":1,""ratingsCount"":1,""checkinCount"":0,""listCount"":0,""watchlistCount"":0,""favoritePeopleCount"":0,""badgesCount"":2,""interestCount"":0",2025-12-31T03:33:11Z
2,ur212081218,https://www.imdb.com/user/ur212081218/?ref_=tturv_usr_1_t,2025-12-31,1,1,"""reviewCount"":1,""ratingsCount"":1,""checkinCount"":0,""listCount"":0,""watchlistCount"":0,""favoritePeopleCount"":0,""badgesCount"":2,""interestCount"":0",2025-12-31T02:30:36Z
2,ur75403271,https://www.imdb.com/user/ur75403271/?ref_=tturv_usr_1_t,2017-04-22,14,0,"""reviewCount"":14,""ratingsCount"":0,""checkinCount"":0,""listCount"":0,""watchlistCount"":0,""favoritePeopleCount"":0,""badgesCount"":2,""interestCount"":0",2017-04-22T16:59:38Z
2,ur156533123,https://www.imdb.com/user/ur156533123/?ref_=tturv_usr_1_t,2022-09-06,5,0,"""reviewCount"":5,""ratingsCount"":0,""checkinCount"":0,""listCount"":0,""watchlistCount"":1,""favoritePeopleCount"":0,""badgesCount"":2,""interestCount"":0",2022-09-06T21:18:30Z
2,ur211906323,https://www.imdb.com/user/ur211906323/?ref_=tturv_usr_1_t,2025-12-25,1,17,"""reviewCount"":1,""ratingsCount"":17,""checkinCount"":0,""listCount"":0,""watchlistCount"":0,""favoritePeopleCount"":0,""badgesCount"":2,""interestCount"":0",2025-12-25T03:52:14Z
2,ur68577618,https://www.imdb.com/user/ur68577618/?ref_=tturv_usr_1_t,2016-08-31,8,0,"""reviewCount"":8,""ratingsCount"":0,""checkinCount"":0,""listCount"":0,""watchlistCount"":0,""favoritePeopleCount"":0,""badgesCount"":3,""interestCount"":0",2016-08-31T22:38:40Z
2,ur212069843,https://www.imdb.com/user/ur212069843/?ref_=tturv_usr_1_t,2025-12-30,1,2,"""reviewCount"":1,""ratingsCount"":2,""checkinCount"":0,""listCount"":0,""watchlistCount"":0,""favoritePeopleCount"":0,""badgesCount"":2,""interestCount"":0",2025-12-30T18:45:45Z
2,ur167600581,https://www.imdb.com/user/ur167600581/?ref_=tturv_usr_1_t,2023-07-09,2,0,"""reviewCount"":2,""ratingsCount"":0,""checkinCount"":0,""listCount"":0,""watchlistCount"":0,""favoritePeopleCount"":0,""badgesCount"":2,""interestCount"":0",2023-07-09T06:00:34Z
2,ur1101051,https://www.imdb.com/user/ur1101051/?ref_=tturv_usr_1_t,2001-03-15,5,64,"""reviewCount"":5,""ratingsCount"":64,""checkinCount"":0,""listCount"":0,""watchlistCount"":0,""favoritePeopleCount"":0,""badgesCount"":5,""interestCount"":0",2001-03-15T11:31:25Z
2,ur212065024,https://www.imdb.com/user/ur212065024/?ref_=tturv_usr_1_t,2025-12-30,1,1,"""reviewCount"":1,""ratingsCount"":1,""checkinCount"":0,""listCount"":0,""watchlistCount"":0,""favoritePeopleCount"":0,""badgesCount"":2,""interestCount"":0",2025-12-30T15:13:09Z
2,ur68475681,https://www.imdb.com/user/ur68475681/?ref_=tturv_usr_1_t,2016-08-24,1,0,"""reviewCount"":1,""ratingsCount"":0,""checkinCount"":0,""listCount"":0,""watchlistCount"":0,""favoritePeopleCount"":0,""badgesCount"":3,""interestCount"":0",2016-08-24T20:27:29Z
2,ur208481701,https://www.imdb.com/user/ur208481701/?ref_=tturv_usr_1_t,2025-09-10,1,2,"""reviewCount"":1,""ratingsCount"":2,""checkinCount"":0,""listCount"":0,""watchlistCount"":0,""favoritePeopleCount"":0,""badgesCount"":2,""interestCount"":0",2025-09-10T17:04:09Z
2,ur47710969,https://www.imdb.com/user/ur47710969/?ref_=tturv_usr_1_t,2013-10-30,9,0,"""reviewCount"":9,""ratingsCount"":0,""checkinCount"":0,""listCount"":0,""watchlistCount"":0,""favoritePeopleCount"":0,""badgesCount"":2,""interestCount"":0",2013-10-30T22:11:50Z
2,ur212055346,https://www.imdb.com/user/ur212055346/?ref_=tturv_usr_1_t,2025-12-30,1,1,"""reviewCount"":1,""ratingsCount"":1,""checkinCount"":0,""listCount"":0,""watchlistCount"":0,""favoritePeopleCount"":0,""badgesCount"":2,""interestCount"":0",2025-12-30T06:33:36Z
2,ur212055914,https://www.imdb.com/user/ur212055914/?ref_=tturv_usr_1_t,2025-12-30,1,1,"""reviewCount"":1,""ratingsCount"":1,""checkinCount"":0,""listCount"":0,""watchlistCount"":0,""favoritePeopleCount"":0,""badgesCount"":2,""interestCount"":0",2025-12-30T05:09:18Z
2,ur51932784,https://www.imdb.com/user/ur51932784/?ref_=tturv_usr_1_t,2014-04-08,20,223,"""reviewCount"":20,""ratingsCount"":223,""checkinCount"":0,""listCount"":0,""watchlistCount"":0,""favoritePeopleCount"":0,""badgesCount"":2,""interestCount"":0",2014-04-08T06:32:19Z
2,ur178409633,https://www.imdb.com/user/ur178409633/?ref_=tturv_usr_1_t,2024-03-06,6,7,"""reviewCount"":6,""ratingsCount"":7,""checkinCount"":0,""listCount"":0,""watchlistCount"":2,""favoritePeopleCount"":0,""badgesCount"":2,""interestCount"":0",2024-03-06T21:12:16Z
2,ur173689531,https://www.imdb.com/user/ur173689531/?ref_=tturv_usr_1_t,2023-12-04,1,0,"""reviewCount"":1,""ratingsCount"":0,""checkinCount"":0,""listCount"":0,""watchlistCount"":0,""favoritePeopleCount"":0,""badgesCount"":2,""interestCount"":0",2023-12-04T22:23:37Z
2,ur122634259,https://www.imdb.com/user/ur122634259/?ref_=tturv_usr_1_t,2020-08-03,1,0,"""reviewCount"":1,""ratingsCount"":0,""checkinCount"":0,""listCount"":0,""watchlistCount"":0,""favoritePeopleCount"":0,""badgesCount"":2,""interestCount"":0",2020-08-03T20:51:14Z
2,ur165264056,https://www.imdb.com/user/ur165264056/?ref_=tturv_usr_1_t,2023-05-08,4,0,"""reviewCount"":4,""ratingsCount"":0,""checkinCount"":0,""listCount"":0,""watchlistCount"":0,""favoritePeopleCount"":0,""badgesCount"":2,""interestCount"":0",2023-05-08T06:13:36Z
2,ur72797176,https://www.imdb.com/user/ur72797176/?ref_=tturv_usr_1_t,2017-02-15,7,0,"""reviewCount"":7,""ratingsCount"":0,""checkinCount"":0,""listCount"":0,""watchlistCount"":0,""favoritePeopleCount"":0,""badgesCount"":2,""interestCount"":0",2017-02-15T01:35:02Z
2,ur212046599,https://www.imdb.com/user/ur212046599/?ref_=tturv_usr_1_t,2025-12-29,1,1,"""reviewCount"":1,""ratingsCount"":1,""checkinCount"":0,""listCount"":0,""watchlistCount"":0,""favoritePeopleCount"":0,""badgesCount"":2,""interestCount"":0",2025-12-29T21:24:52Z
2,ur212045703,https://www.imdb.com/user/ur212045703/?ref_=tturv_usr_1_t,2025-12-29,1,1,"""reviewCount"":1,""ratingsCount"":1,""checkinCount"":0,""listCount"":0,""watchlistCount"":0,""favoritePeopleCount"":0,""badgesCount"":2,""interestCount"":0",2025-12-29T21:13:53Z
2,ur109134191,https://www.imdb.com/user/ur109134191/?ref_=tturv_usr_1_t,2019-10-23,1,0,"""reviewCount"":1,""ratingsCount"":0,""checkinCount"":0,""listCount"":0,""watchlistCount"":0,""favoritePeopleCount"":0,""badgesCount"":4,""interestCount"":0",2019-10-23T21:28:47Z
2,ur212041946,https://www.imdb.com/user/ur212041946/?ref_=tturv_usr_1_t,2025-12-29,1,2,"""reviewCount"":1,""ratingsCount"":2,""checkinCount"":0,""listCount"":0,""watchlistCount"":0,""favoritePeopleCount"":0,""badgesCount"":2,""interestCount"":0",2025-12-29T20:01:35Z
2,ur17264912,https://www.imdb.com/user/ur17264912/?ref_=tturv_usr_1_t,2007-10-29,64,0,"""reviewCount"":64,""ratingsCount"":0,""checkinCount"":0,""listCount"":0,""watchlistCount"":0,""favoritePeopleCount"":0,""badgesCount"":2,""interestCount"":0",2007-10-29T16:13:16Z
2,ur211195362,https://www.imdb.com/user/ur211195362/?ref_=tturv_usr_1_t,2025-11-17,6,55,"""reviewCount"":6,""ratingsCount"":55,""checkinCount"":0,""listCount"":0,""watchlistCount"":4,""favoritePeopleCount"":0,""badgesCount"":2,""interestCount"":0",2025-11-17T05:43:45Z
2,ur205045155,https://www.imdb.com/user/ur205045155/?ref_=tturv_usr_1_t,2025-07-10,1,6,"""reviewCount"":1,""ratingsCount"":6,""checkinCount"":0,""listCount"":0,""watchlistCount"":0,""favoritePeopleCount"":0,""badgesCount"":2,""interestCount"":0",2025-07-10T09:36:40Z
2,ur212033071,https://www.imdb.com/user/ur212033071/?ref_=tturv_usr_1_t,2025-12-29,2,2,"""reviewCount"":2,""ratingsCount"":2,""checkinCount"":0,""listCount"":0,""watchlistCount"":0,""favoritePeopleCount"":0,""badgesCount"":2,""interestCount"":0",2025-12-29T15:21:29Z
2,ur94451251,https://www.imdb.com/user/ur94451251/?ref_=tturv_usr_1_t,2018-10-28,1,0,"""reviewCount"":1,""ratingsCount"":0,""checkinCount"":0,""listCount"":0,""watchlistCount"":0,""favoritePeopleCount"":0,""badgesCount"":2,""interestCount"":0",2018-10-28T09:10:03Z
2,ur212029609,https://www.imdb.com/user/ur212029609/?ref_=tturv_usr_1_t,2025-12-29,1,1,"""reviewCount"":1,""ratingsCount"":1,""checkinCount"":0,""listCount"":0,""watchlistCount"":0,""favoritePeopleCount"":0,""badgesCount"":2,""interestCount"":0",2025-12-29T13:20:26Z
2,ur38490927,https://www.imdb.com/user/ur38490927/?ref_=tturv_usr_1_t,2012-12-13,3,0,"""reviewCount"":3,""ratingsCount"":0,""checkinCount"":0,""listCount"":0,""watchlistCount"":0,""favoritePeopleCount"":0,""badgesCount"":2,""interestCount"":0",2012-12-13T14:25:09Z
2,ur29411711,https://www.imdb.com/user/ur29411711/?ref_=tturv_usr_1_t,2011-11-27,1,0,"""reviewCount"":1,""ratingsCount"":0,""checkinCount"":0,""listCount"":0,""watchlistCount"":0,""favoritePeopleCount"":0,""badgesCount"":2,""interestCount"":0",2011-11-27T13:16:44Z
2,ur211993833,https://www.imdb.com/user/ur211993833/?ref_=tturv_usr_1_t,2025-12-28,1,1,"""reviewCount"":1,""ratingsCount"":1,""checkinCount"":0,""listCount"":0,""watchlistCount"":0,""favoritePeopleCount"":0,""badgesCount"":2,""interestCount"":0",2025-12-28T15:26:52Z
2,ur11108138,https://www.imdb.com/user/ur11108138/?ref_=tturv_usr_1_t,2006-06-21,7,0,"""reviewCount"":7,""ratingsCount"":0,""checkinCount"":0,""listCount"":0,""watchlistCount"":0,""favoritePeopleCount"":0,""badgesCount"":2,""interestCount"":0",2006-06-21T00:19:31Z
2,ur204348978,https://www.imdb.com/user/ur204348978/?ref_=tturv_usr_1_t,2025-06-25,1,48,"""reviewCount"":1,""ratingsCount"":48,""checkinCount"":0,""listCount"":0,""watchlistCount"":5,""favoritePeopleCount"":0,""badgesCount"":2,""interestCount"":0",2025-06-25T19:35:21Z
2,ur212017311,https://www.imdb.com/user/ur212017311/?ref_=tturv_usr_1_t,2025-12-29,3,4,"""reviewCount"":3,""ratingsCount"":4,""checkinCount"":0,""listCount"":0,""watchlistCount"":0,""favoritePeopleCount"":0,""badgesCount"":2,""interestCount"":0",2025-12-29T03:41:58Z
2,ur129434507,https://www.imdb.com/user/ur129434507/?ref_=tturv_usr_1_t,2021-02-13,1,0,"""reviewCount"":1,""ratingsCount"":0,""checkinCount"":0,""listCount"":0,""watchlistCount"":0,""favoritePeopleCount"":0,""badgesCount"":2,""interestCount"":0",2021-02-13T17:40:16Z
2,ur212013154,https://www.imdb.com/user/ur212013154/?ref_=tturv_usr_1_t,2025-12-29,1,5,"""reviewCount"":1,""ratingsCount"":5,""checkinCount"":0,""listCount"":0,""watchlistCount"":0,""favoritePeopleCount"":0,""badgesCount"":2,""interestCount"":0",2025-12-29T01:21:47Z
2,ur212007014,https://www.imdb.com/user/ur212007014/?ref_=tturv_usr_1_t,2025-12-28,2,6,"""reviewCount"":2,""ratingsCount"":6,""checkinCount"":0,""listCount"":0,""watchlistCount"":0,""favoritePeopleCount"":0,""badgesCount"":2,""interestCount"":0",2025-12-28T21:25:20Z
2,ur212007014,https://www.imdb.com/user/ur212007014/?ref_=tturv_usr_1_t,2025-12-28,2,6,"""reviewCount"":2,""ratingsCount"":6,""checkinCount"":0,""listCount"":0,""watchlistCount"":0,""favoritePeopleCount"":0,""badgesCount"":2,""interestCount"":0",2025-12-28T21:25:20Z
2,ur160606880,https://www.imdb.com/user/ur160606880/?ref_=tturv_usr_1_t,2022-12-31,1,0,"""reviewCount"":1,""ratingsCount"":0,""checkinCount"":0,""listCount"":0,""watchlistCount"":0,""favoritePeopleCount"":0,""badgesCount"":2,""interestCount"":0",2022-12-31T16:33:47Z
2,ur212012315,https://www.imdb.com/user/ur212012315/?ref_=tturv_usr_1_t,2025-12-29,1,2,"""reviewCount"":1,""ratingsCount"":2,""checkinCount"":0,""listCount"":1,""watchlistCount"":41,""favoritePeopleCount"":0,""badgesCount"":2,""interestCount"":0",2025-12-29T00:40:17Z
2,ur212011933,https://www.imdb.com/user/ur212011933/?ref_=tturv_usr_1_t,2025-12-29,1,2,"""reviewCount"":1,""ratingsCount"":2,""checkinCount"":0,""listCount"":0,""watchlistCount"":0,""favoritePeopleCount"":0,""badgesCount"":2,""interestCount"":0",2025-12-29T00:13:53Z
2,ur212011287,https://www.imdb.com/user/ur212011287/?ref_=tturv_usr_1_t,2025-12-29,1,1,"""reviewCount"":1,""ratingsCount"":1,""checkinCount"":0,""listCount"":0,""watchlistCount"":0,""favoritePeopleCount"":0,""badgesCount"":2,""interestCount"":0",2025-12-29T00:15:32Z
2,ur212011579,https://www.imdb.com/user/ur212011579/?ref_=tturv_usr_1_t,2025-12-28,1,1,"""reviewCount"":1,""ratingsCount"":1,""checkinCount"":0,""listCount"":0,""watchlistCount"":0,""favoritePeopleCount"":0,""badgesCount"":2,""interestCount"":0",2025-12-28T23:39:54Z
2,ur212009036,https://www.imdb.com/user/ur212009036/?ref_=tturv_usr_1_t,2025-12-28,1,1,"""reviewCount"":1,""ratingsCount"":1,""checkinCount"":0,""listCount"":0,""watchlistCount"":0,""favoritePeopleCount"":0,""badgesCount"":2,""interestCount"":0",2025-12-28T22:40:49Z
2,ur109257847,https://www.imdb.com/user/ur109257847/?ref_=tturv_usr_1_t,2019-10-26,1,0,"""reviewCount"":1,""ratingsCount"":0,""checkinCount"":0,""listCount"":0,""watchlistCount"":0,""favoritePeopleCount"":0,""badgesCount"":2,""interestCount"":0",2019-10-26T20:07:50Z
2,ur212008850,https://www.imdb.com/user/ur212008850/?ref_=tturv_usr_1_t,2025-12-28,1,1,"""reviewCount"":1,""ratingsCount"":1,""checkinCount"":0,""listCount"":0,""watchlistCount"":0,""favoritePeopleCount"":0,""badgesCount"":2,""interestCount"":0",2025-12-28T22:06:09Z
2,ur146611987,https://www.imdb.com/user/ur146611987/?ref_=tturv_usr_1_t,2021-12-08,1,0,"""reviewCount"":1,""ratingsCount"":0,""checkinCount"":0,""listCount"":0,""watchlistCount"":0,""favoritePeopleCount"":0,""badgesCount"":2,""interestCount"":0",2021-12-08T02:48:12Z
2,ur212006350,https://www.imdb.com/user/ur212006350/?ref_=tturv_usr_1_t,2025-12-28,1,1,"""reviewCount"":1,""ratingsCount"":1,""checkinCount"":0,""listCount"":0,""watchlistCount"":0,""favoritePeopleCount"":0,""badgesCount"":2,""interestCount"":0",2025-12-28T20:55:57Z
2,ur153495160,https://www.imdb.com/user/ur153495160/?ref_=tturv_usr_1_t,2022-06-06,4,0,"""reviewCount"":4,""ratingsCount"":0,""checkinCount"":0,""listCount"":0,""watchlistCount"":0,""favoritePeopleCount"":0,""badgesCount"":2,""interestCount"":0",2022-06-06T05:35:30Z
2,ur198626664,https://www.imdb.com/user/ur198626664/?ref_=tturv_usr_1_t,2025-03-23,1,122,"""reviewCount"":1,""ratingsCount"":122,""checkinCount"":0,""listCount"":0,""watchlistCount"":0,""favoritePeopleCount"":0,""badgesCount"":2,""interestCount"":0",2025-03-23T00:02:41Z
2,ur201607119,https://www.imdb.com/user/ur201607119/?ref_=tturv_usr_1_t,2025-05-18,1,275,"""reviewCount"":1,""ratingsCount"":275,""checkinCount"":0,""listCount"":0,""watchlistCount"":400,""favoritePeopleCount"":0,""badgesCount"":2,""interestCount"":0",2025-05-18T23:32:34Z
2,ur187859941,https://www.imdb.com/user/ur187859941/?ref_=tturv_usr_1_t,2024-09-06,5,821,"""reviewCount"":5,""ratingsCount"":821,""checkinCount"":0,""listCount"":0,""watchlistCount"":7,""favoritePeopleCount"":0,""badgesCount"":2,""interestCount"":0",2024-09-06T03:00:35Z
2,ur212000846,https://www.imdb.com/user/ur212000846/?ref_=tturv_usr_1_t,2025-12-28,1,5,"""reviewCount"":1,""ratingsCount"":5,""checkinCount"":0,""listCount"":0,""watchlistCount"":0,""favoritePeopleCount"":0,""badgesCount"":2,""interestCount"":0",2025-12-28T19:11:04Z
2,ur212001538,https://www.imdb.com/user/ur212001538/?ref_=tturv_usr_1_t,2025-12-28,1,1,"""reviewCount"":1,""ratingsCount"":1,""checkinCount"":0,""listCount"":0,""watchlistCount"":1,""favoritePeopleCount"":0,""badgesCount"":2,""interestCount"":0",2025-12-28T18:31:13Z
2,ur211999545,https://www.imdb.com/user/ur211999545/?ref_=tturv_usr_1_t,2025-12-28,1,1,"""reviewCount"":1,""ratingsCount"":1,""checkinCount"":0,""listCount"":0,""watchlistCount"":0,""favoritePeopleCount"":0,""badgesCount"":2,""interestCount"":0",2025-12-28T18:09:59Z
2,ur198839767,https://www.imdb.com/user/ur198839767/?ref_=tturv_usr_1_t,2025-03-26,1,3,"""reviewCount"":1,""ratingsCount"":3,""checkinCount"":0,""listCount"":0,""watchlistCount"":0,""favoritePeopleCount"":0,""badgesCount"":2,""interestCount"":0",2025-03-26T14:59:45Z
2,ur68263399,https://www.imdb.com/user/ur68263399/?ref_=tturv_usr_1_t,2016-08-07,1,119,"""reviewCount"":1,""ratingsCount"":119,""checkinCount"":0,""listCount"":0,""watchlistCount"":0,""favoritePeopleCount"":0,""badgesCount"":2,""interestCount"":0",2016-08-07T19:57:57Z
2,ur211993941,https://www.imdb.com/user/ur211993941/?ref_=tturv_usr_1_t,2025-12-28,1,4,"""reviewCount"":1,""ratingsCount"":4,""checkinCount"":0,""listCount"":0,""watchlistCount"":0,""favoritePeopleCount"":0,""badgesCount"":2,""interestCount"":0",2025-12-28T15:01:15Z
2,ur153315703,https://www.imdb.com/user/ur153315703/?ref_=tturv_usr_1_t,2022-05-30,2,0,"""reviewCount"":2,""ratingsCount"":0,""checkinCount"":0,""listCount"":0,""watchlistCount"":0,""favoritePeopleCount"":0,""badgesCount"":2,""interestCount"":0",2022-05-30T13:46:57Z
2,ur211992017,https://www.imdb.com/user/ur211992017/?ref_=tturv_usr_1_t,2025-12-28,1,3,"""reviewCount"":1,""ratingsCount"":3,""checkinCount"":0,""listCount"":0,""watchlistCount"":0,""favoritePeopleCount"":0,""badgesCount"":2,""interestCount"":0",2025-12-28T14:51:05Z
2,ur211992391,https://www.imdb.com/user/ur211992391/?ref_=tturv_usr_1_t,2025-12-28,1,1,"""reviewCount"":1,""ratingsCount"":1,""checkinCount"":0,""listCount"":0,""watchlistCount"":0,""favoritePeopleCount"":0,""badgesCount"":2,""interestCount"":0",2025-12-28T14:26:26Z
2,ur211940290,https://www.imdb.com/user/ur211940290/?ref_=tturv_usr_1_t,2025-12-26,1,6,"""reviewCount"":1,""ratingsCount"":6,""checkinCount"":0,""listCount"":0,""watchlistCount"":0,""favoritePeopleCount"":0,""badgesCount"":2,""interestCount"":0",2025-12-26T19:15:12Z
2,ur211992143,https://www.imdb.com/user/ur211992143/?ref_=tturv_usr_1_t,2025-12-28,1,2,"""reviewCount"":1,""ratingsCount"":2,""checkinCount"":0,""listCount"":0,""watchlistCount"":0,""favoritePeopleCount"":0,""badgesCount"":2,""interestCount"":0",2025-12-28T13:51:37Z
2,ur189908590,https://www.imdb.com/user/ur189908590/?ref_=tturv_usr_1_t,2024-10-15,1,87,"""reviewCount"":1,""ratingsCount"":87,""checkinCount"":0,""listCount"":0,""watchlistCount"":1,""favoritePeopleCount"":0,""badgesCount"":2,""interestCount"":0",2024-10-15T04:12:27Z
2,ur168233243,https://www.imdb.com/user/ur168233243/?ref_=tturv_usr_1_t,2023-07-20,2,0,"""reviewCount"":2,""ratingsCount"":0,""checkinCount"":0,""listCount"":0,""watchlistCount"":0,""favoritePeopleCount"":0,""badgesCount"":2,""interestCount"":0",2023-07-20T21:32:44Z
2,ur7911392,https://www.imdb.com/user/ur7911392/?ref_=tturv_usr_1_t,2005-11-09,4,0,"""reviewCount"":4,""ratingsCount"":0,""checkinCount"":0,""listCount"":0,""watchlistCount"":0,""favoritePeopleCount"":0,""badgesCount"":2,""interestCount"":0",2005-11-09T03:29:08Z
2,ur211990559,https://www.imdb.com/user/ur211990559/?ref_=tturv_usr_1_t,2025-12-28,1,1,"""reviewCount"":1,""ratingsCount"":1,""checkinCount"":0,""listCount"":0,""watchlistCount"":0,""favoritePeopleCount"":0,""badgesCount"":2,""interestCount"":0",2025-12-28T12:37:56Z
2,ur176162542,https://www.imdb.com/user/ur176162542/?ref_=tturv_usr_1_t,2024-01-19,1,0,"""reviewCount"":1,""ratingsCount"":0,""checkinCount"":0,""listCount"":0,""watchlistCount"":0,""favoritePeopleCount"":0,""badgesCount"":2,""interestCount"":0",2024-01-19T11:28:32Z
2,ur211988195,https://www.imdb.com/user/ur211988195/?ref_=tturv_usr_1_t,2025-12-28,1,1,"""reviewCount"":1,""ratingsCount"":1,""checkinCount"":0,""listCount"":0,""watchlistCount"":0,""favoritePeopleCount"":0,""badgesCount"":2,""interestCount"":0",2025-12-28T11:40:31Z
2,ur210043463,https://www.imdb.com/user/ur210043463/?ref_=tturv_usr_1_t,2025-10-06,1,3,"""reviewCount"":1,""ratingsCount"":3,""checkinCount"":0,""listCount"":0,""watchlistCount"":0,""favoritePeopleCount"":0,""badgesCount"":2,""interestCount"":0",2025-10-06T01:14:42Z
2,ur119296743,https://www.imdb.com/user/ur119296743/?ref_=tturv_usr_1_t,2020-06-03,1,0,"""reviewCount"":1,""ratingsCount"":0,""checkinCount"":0,""listCount"":0,""watchlistCount"":0,""favoritePeopleCount"":0,""badgesCount"":2,""interestCount"":0",2020-06-03T06:50:51Z
2,ur79893210,https://www.imdb.com/user/ur79893210/?ref_=tturv_usr_1_t,2017-08-28,4,30,"""reviewCount"":4,""ratingsCount"":30,""checkinCount"":0,""listCount"":0,""watchlistCount"":0,""favoritePeopleCount"":0,""badgesCount"":2,""interestCount"":0",2017-08-28T20:26:48Z
2,ur211984598,https://www.imdb.com/user/ur211984598/?ref_=tturv_usr_1_t,2025-12-28,1,3,"""reviewCount"":1,""ratingsCount"":3,""checkinCount"":0,""listCount"":0,""watchlistCount"":0,""favoritePeopleCount"":0,""badgesCount"":2,""interestCount"":0",2025-12-28T07:54:21Z
2,ur211979814,https://www.imdb.com/user/ur211979814/?ref_=tturv_usr_1_t,2025-12-28,7,10,"""reviewCount"":7,""ratingsCount"":10,""checkinCount"":0,""listCount"":0,""watchlistCount"":0,""favoritePeopleCount"":0,""badgesCount"":2,""interestCount"":0",2025-12-28T04:43:07Z
2,ur85548868,https://www.imdb.com/user/ur85548868/?ref_=tturv_usr_1_t,2018-02-17,3,0,"""reviewCount"":3,""ratingsCount"":0,""checkinCount"":0,""listCount"":0,""watchlistCount"":0,""favoritePeopleCount"":0,""badgesCount"":2,""interestCount"":0",2018-02-17T00:54:17Z
2,ur142926543,https://www.imdb.com/user/ur142926543/?ref_=tturv_usr_1_t,2021-11-09,3,0,"""reviewCount"":3,""ratingsCount"":0,""checkinCount"":0,""listCount"":0,""watchlistCount"":0,""favoritePeopleCount"":0,""badgesCount"":2,""interestCount"":0",2021-11-09T03:58:39Z
2,ur211982409,https://www.imdb.com/user/ur211982409/?ref_=tturv_usr_1_t,2025-12-28,1,1,"""reviewCount"":1,""ratingsCount"":1,""checkinCount"":0,""listCount"":0,""watchlistCount"":0,""favoritePeopleCount"":0,""badgesCount"":2,""interestCount"":0",2025-12-28T05:55:52Z
2,ur211982269,https://www.imdb.com/user/ur211982269/?ref_=tturv_usr_1_t,2025-12-28,1,1,"""reviewCount"":1,""ratingsCount"":1,""checkinCount"":0,""listCount"":0,""watchlistCount"":0,""favoritePeopleCount"":0,""badgesCount"":2,""interestCount"":0",2025-12-28T05:58:14Z
2,ur162942653,https://www.imdb.com/user/ur162942653/?ref_=tturv_usr_1_t,2023-03-04,1,0,"""reviewCount"":1,""ratingsCount"":0,""checkinCount"":0,""listCount"":0,""watchlistCount"":75,""favoritePeopleCount"":0,""badgesCount"":2,""interestCount"":0",2023-03-04T03:55:52Z
2,ur211980106,https://www.imdb.com/user/ur211980106/?ref_=tturv_usr_1_t,2025-12-28,1,1,"""reviewCount"":1,""ratingsCount"":1,""checkinCount"":0,""listCount"":0,""watchlistCount"":0,""favoritePeopleCount"":0,""badgesCount"":2,""interestCount"":0",2025-12-28T04:51:35Z
2,ur165152782,https://www.imdb.com/user/ur165152782/?ref_=tturv_usr_1_t,2023-05-04,1,0,"""reviewCount"":1,""ratingsCount"":0,""checkinCount"":0,""listCount"":0,""watchlistCount"":0,""favoritePeopleCount"":0,""badgesCount"":2,""interestCount"":0",2023-05-04T22:21:45Z
2,ur211949915,https://www.imdb.com/user/ur211949915/?ref_=tturv_usr_1_t,2025-12-27,4,4,"""reviewCount"":4,""ratingsCount"":4,""checkinCount"":0,""listCount"":0,""watchlistCount"":0,""favoritePeopleCount"":0,""badgesCount"":2,""interestCount"":0",2025-12-27T04:36:18Z
2,ur75953166,https://www.imdb.com/user/ur75953166/?ref_=tturv_usr_1_t,2017-05-05,5,0,"""reviewCount"":5,""ratingsCount"":0,""checkinCount"":0,""listCount"":0,""watchlistCount"":0,""favoritePeopleCount"":0,""badgesCount"":2,""interestCount"":0",2017-05-05T18:19:59Z
2,ur211958183,https://www.imdb.com/user/ur211958183/?ref_=tturv_usr_1_t,2025-12-27,1,4,"""reviewCount"":1,""ratingsCount"":4,""checkinCount"":0,""listCount"":0,""watchlistCount"":0,""favoritePeopleCount"":0,""badgesCount"":2,""interestCount"":0",2025-12-27T10:33:03Z
2,ur211978733,https://www.imdb.com/user/ur211978733/?ref_=tturv_usr_1_t,2025-12-28,1,1,"""reviewCount"":1,""ratingsCount"":1,""checkinCount"":0,""listCount"":0,""watchlistCount"":0,""favoritePeopleCount"":0,""badgesCount"":2,""interestCount"":0",2025-12-28T03:01:20Z
2,ur211944034,https://www.imdb.com/user/ur211944034/?ref_=tturv_usr_1_t,2025-12-26,1,1,"""reviewCount"":1,""ratingsCount"":1,""checkinCount"":0,""listCount"":0,""watchlistCount"":0,""favoritePeopleCount"":0,""badgesCount"":2,""interestCount"":0",2025-12-26T22:32:38Z
2,ur211974842,https://www.imdb.com/user/ur211974842/?ref_=tturv_usr_1_t,2025-12-28,1,1,"""reviewCount"":1,""ratingsCount"":1,""checkinCount"":0,""listCount"":0,""watchlistCount"":0,""favoritePeopleCount"":0,""badgesCount"":2,""interestCount"":0",2025-12-28T01:30:51Z
2,ur211976658,https://www.imdb.com/user/ur211976658/?ref_=tturv_usr_1_t,2025-12-28,1,1,"""reviewCount"":1,""ratingsCount"":1,""checkinCount"":0,""listCount"":0,""watchlistCount"":1,""favoritePeopleCount"":0,""badgesCount"":2,""interestCount"":0",2025-12-28T01:03:04Z
2,ur211975640,https://www.imdb.com/user/ur211975640/?ref_=tturv_usr_1_t,2025-12-28,1,1,"""reviewCount"":1,""ratingsCount"":1,""checkinCount"":0,""listCount"":0,""watchlistCount"":0,""favoritePeopleCount"":0,""badgesCount"":2,""interestCount"":0",2025-12-28T00:32:30Z
2,ur192626216,https://www.imdb.com/user/ur192626216/?ref_=tturv_usr_1_t,2024-12-04,1,2,"""reviewCount"":1,""ratingsCount"":2,""checkinCount"":0,""listCount"":0,""watchlistCount"":0,""favoritePeopleCount"":0,""badgesCount"":2,""interestCount"":0",2024-12-04T14:44:36Z
2,ur30179613,https://www.imdb.com/user/ur30179613/?ref_=tturv_usr_1_t,2012-01-02,2,0,"""reviewCount"":2,""ratingsCount"":0,""checkinCount"":0,""listCount"":0,""watchlistCount"":0,""favoritePeopleCount"":0,""badgesCount"":2,""interestCount"":0",2012-01-02T01:01:52Z
2,ur206078680,https://www.imdb.com/user/ur206078680/?ref_=tturv_usr_1_t,2025-07-27,1,44,"""reviewCount"":1,""ratingsCount"":44,""checkinCount"":0,""listCount"":0,""watchlistCount"":40,""favoritePeopleCount"":0,""badgesCount"":2,""interestCount"":0",2025-07-27T17:05:34Z
2,ur156845230,https://www.imdb.com/user/ur156845230/?ref_=tturv_usr_1_t,2022-09-16,2,0,"""reviewCount"":2,""ratingsCount"":0,""checkinCount"":0,""listCount"":0,""watchlistCount"":0,""favoritePeopleCount"":0,""badgesCount"":2,""interestCount"":0",2022-09-16T23:21:41Z
2,ur211971161,https://www.imdb.com/user/ur211971161/?ref_=tturv_usr_1_t,2025-12-27,1,1,"""reviewCount"":1,""ratingsCount"":1,""checkinCount"":0,""listCount"":0,""watchlistCount"":0,""favoritePeopleCount"":0,""badgesCount"":2,""interestCount"":0",2025-12-27T21:11:44Z
2,ur139554797,https://www.imdb.com/user/ur139554797/?ref_=tturv_usr_1_t,2021-10-10,3,0,"""reviewCount"":3,""ratingsCount"":0,""checkinCount"":0,""listCount"":0,""watchlistCount"":0,""favoritePeopleCount"":0,""badgesCount"":2,""interestCount"":0",2021-10-10T20:03:16Z
2,ur91391219,https://www.imdb.com/user/ur91391219/?ref_=tturv_usr_1_t,2018-08-18,6,0,"""reviewCount"":6,""ratingsCount"":0,""checkinCount"":0,""listCount"":1,""watchlistCount"":0,""favoritePeopleCount"":0,""badgesCount"":3,""interestCount"":0",2018-08-18T22:07:21Z
2,ur172315486,https://www.imdb.com/user/ur172315486/?ref_=tturv_usr_1_t,2023-11-04,1,0,"""reviewCount"":1,""ratingsCount"":0,""checkinCount"":0,""listCount"":0,""watchlistCount"":0,""favoritePeopleCount"":0,""badgesCount"":2,""interestCount"":0",2023-11-04T03:23:48Z
2,ur211949909,https://www.imdb.com/user/ur211949909/?ref_=tturv_usr_1_t,2025-12-27,1,5,"""reviewCount"":1,""ratingsCount"":5,""checkinCount"":0,""listCount"":0,""watchlistCount"":0,""favoritePeopleCount"":0,""badgesCount"":2,""interestCount"":0",2025-12-27T02:49:53Z
2,ur64715647,https://www.imdb.com/user/ur64715647/?ref_=tturv_usr_1_t,2016-01-05,1,801,"""reviewCount"":1,""ratingsCount"":801,""checkinCount"":0,""listCount"":14,""watchlistCount"":0,""favoritePeopleCount"":0,""badgesCount"":2,""interestCount"":0",2016-01-05T20:33:37Z
2,ur208779302,https://www.imdb.com/user/ur208779302/?ref_=tturv_usr_1_t,2025-09-15,1,2,"""reviewCount"":1,""ratingsCount"":2,""checkinCount"":0,""listCount"":0,""watchlistCount"":1,""favoritePeopleCount"":0,""badgesCount"":2,""interestCount"":0",2025-09-15T09:43:40Z
2,ur211949559,https://www.imdb.com/user/ur211949559/?ref_=tturv_usr_1_t,2025-12-27,2,4,"""reviewCount"":2,""ratingsCount"":4,""checkinCount"":0,""listCount"":0,""watchlistCount"":0,""favoritePeopleCount"":0,""badgesCount"":2,""interestCount"":0",2025-12-27T02:35:16Z
2,ur135980937,https://www.imdb.com/user/ur135980937/?ref_=tturv_usr_1_t,2021-08-27,2,0,"""reviewCount"":2,""ratingsCount"":0,""checkinCount"":0,""listCount"":0,""watchlistCount"":0,""favoritePeopleCount"":0,""badgesCount"":2,""interestCount"":0",2021-08-27T04:03:04Z
2,ur26194329,https://www.imdb.com/user/ur26194329/?ref_=tturv_usr_1_t,2011-05-17,1,0,"""reviewCount"":1,""ratingsCount"":0,""checkinCount"":0,""listCount"":0,""watchlistCount"":3,""favoritePeopleCount"":0,""badgesCount"":2,""interestCount"":0",2011-05-17T02:33:17Z
2,ur124440819,https://www.imdb.com/user/ur124440819/?ref_=tturv_usr_1_t,2020-09-20,7,0,"""reviewCount"":7,""ratingsCount"":0,""checkinCount"":0,""listCount"":0,""watchlistCount"":0,""favoritePeopleCount"":0,""badgesCount"":2,""interestCount"":0",2020-09-20T10:22:20Z
2,ur167617182,https://www.imdb.com/user/ur167617182/?ref_=tturv_usr_1_t,2023-07-09,1,0,"""reviewCount"":1,""ratingsCount"":0,""checkinCount"":0,""listCount"":0,""watchlistCount"":1,""favoritePeopleCount"":0,""badgesCount"":2,""interestCount"":0",2023-07-09T13:56:08Z
2,ur211956972,https://www.imdb.com/user/ur211956972/?ref_=tturv_usr_1_t,2025-12-27,1,1,"""reviewCount"":1,""ratingsCount"":1,""checkinCount"":0,""listCount"":0,""watchlistCount"":0,""favoritePeopleCount"":0,""badgesCount"":2,""interestCount"":0",2025-12-27T09:36:12Z
2,ur211961526,https://www.imdb.com/user/ur211961526/?ref_=tturv_usr_1_t,2025-12-27,3,3,"""reviewCount"":3,""ratingsCount"":3,""checkinCount"":0,""listCount"":0,""watchlistCount"":0,""favoritePeopleCount"":0,""badgesCount"":2,""interestCount"":0",2025-12-27T14:15:45Z
2,ur147504828,https://www.imdb.com/user/ur147504828/?ref_=tturv_usr_1_t,2021-12-24,2,0,"""reviewCount"":2,""ratingsCount"":0,""checkinCount"":0,""listCount"":0,""watchlistCount"":0,""favoritePeopleCount"":0,""badgesCount"":2,""interestCount"":0",2021-12-24T02:48:09Z
2,ur136096449,https://www.imdb.com/user/ur136096449/?ref_=tturv_usr_1_t,2021-08-30,4,0,"""reviewCount"":4,""ratingsCount"":0,""checkinCount"":0,""listCount"":0,""watchlistCount"":10,""favoritePeopleCount"":0,""badgesCount"":2,""interestCount"":0",2021-08-30T11:06:54Z
2,ur211957738,https://www.imdb.com/user/ur211957738/?ref_=tturv_usr_1_t,2025-12-27,2,2,"""reviewCount"":2,""ratingsCount"":2,""checkinCount"":0,""listCount"":0,""watchlistCount"":0,""favoritePeopleCount"":0,""badgesCount"":2,""interestCount"":0",2025-12-27T09:42:13Z
2,ur211955437,https://www.imdb.com/user/ur211955437/?ref_=tturv_usr_1_t,2025-12-27,1,1,"""reviewCount"":1,""ratingsCount"":1,""checkinCount"":0,""listCount"":0,""watchlistCount"":0,""favoritePeopleCount"":0,""badgesCount"":2,""interestCount"":0",2025-12-27T08:38:52Z
2,ur87717491,https://www.imdb.com/user/ur87717491/?ref_=tturv_usr_1_t,2018-04-25,2,0,"""reviewCount"":2,""ratingsCount"":0,""checkinCount"":0,""listCount"":0,""watchlistCount"":0,""favoritePeopleCount"":0,""badgesCount"":2,""interestCount"":0",2018-04-25T18:16:34Z
2,ur144217759,https://www.imdb.com/user/ur144217759/?ref_=tturv_usr_1_t,2021-11-20,1,0,"""reviewCount"":1,""ratingsCount"":0,""checkinCount"":0,""listCount"":0,""watchlistCount"":0,""favoritePeopleCount"":0,""badgesCount"":3,""interestCount"":0",2021-11-20T18:49:21Z
2,ur211955350,https://www.imdb.com/user/ur211955350/?ref_=tturv_usr_1_t,2025-12-27,1,1,"""reviewCount"":1,""ratingsCount"":1,""checkinCount"":0,""listCount"":0,""watchlistCount"":0,""favoritePeopleCount"":0,""badgesCount"":2,""interestCount"":0",2025-12-27T07:48:05Z
2,ur211955709,https://www.imdb.com/user/ur211955709/?ref_=tturv_usr_1_t,2025-12-27,1,1,"""reviewCount"":1,""ratingsCount"":1,""checkinCount"":0,""listCount"":0,""watchlistCount"":0,""favoritePeopleCount"":0,""badgesCount"":2,""interestCount"":0",2025-12-27T07:45:15Z
2,ur211951596,https://www.imdb.com/user/ur211951596/?ref_=tturv_usr_1_t,2025-12-27,1,8,"""reviewCount"":1,""ratingsCount"":8,""checkinCount"":0,""listCount"":0,""watchlistCount"":0,""favoritePeopleCount"":0,""badgesCount"":2,""interestCount"":0",2025-12-27T05:22:58Z
2,ur198314977,https://www.imdb.com/user/ur198314977/?ref_=tturv_usr_1_t,2025-03-16,1,14,"""reviewCount"":1,""ratingsCount"":14,""checkinCount"":0,""listCount"":0,""watchlistCount"":1,""favoritePeopleCount"":0,""badgesCount"":2,""interestCount"":0",2025-03-16T01:31:19Z
2,ur30763256,https://www.imdb.com/user/ur30763256/?ref_=tturv_usr_1_t,2012-01-22,6,0,"""reviewCount"":6,""ratingsCount"":0,""checkinCount"":0,""listCount"":0,""watchlistCount"":0,""favoritePeopleCount"":0,""badgesCount"":2,""interestCount"":0",2012-01-22T07:00:15Z
2,ur211949487,https://www.imdb.com/user/ur211949487/?ref_=tturv_usr_1_t,2025-12-27,1,1,"""reviewCount"":1,""ratingsCount"":1,""checkinCount"":0,""listCount"":0,""watchlistCount"":0,""favoritePeopleCount"":0,""badgesCount"":2,""interestCount"":0",2025-12-27T04:05:06Z
2,ur77658886,https://www.imdb.com/user/ur77658886/?ref_=tturv_usr_1_t,2017-06-24,1,0,"""reviewCount"":1,""ratingsCount"":0,""checkinCount"":0,""listCount"":0,""watchlistCount"":0,""favoritePeopleCount"":0,""badgesCount"":2,""interestCount"":0",2017-06-24T12:30:58Z
2,ur211948503,https://www.imdb.com/user/ur211948503/?ref_=tturv_usr_1_t,2025-12-27,1,1,"""reviewCount"":1,""ratingsCount"":1,""checkinCount"":0,""listCount"":0,""watchlistCount"":0,""favoritePeopleCount"":0,""badgesCount"":2,""interestCount"":0",2025-12-27T02:19:41Z
2,ur211949328,https://www.imdb.com/user/ur211949328/?ref_=tturv_usr_1_t,2025-12-27,1,41,"""reviewCount"":1,""ratingsCount"":41,""checkinCount"":0,""listCount"":0,""watchlistCount"":0,""favoritePeopleCount"":0,""badgesCount"":2,""interestCount"":0",2025-12-27T02:01:42Z
2,ur211948153,https://www.imdb.com/user/ur211948153/?ref_=tturv_usr_1_t,2025-12-27,1,2,"""reviewCount"":1,""ratingsCount"":2,""checkinCount"":0,""listCount"":0,""watchlistCount"":1,""favoritePeopleCount"":0,""badgesCount"":2,""interestCount"":0",2025-12-27T01:30:35Z
2,ur211945964,https://www.imdb.com/user/ur211945964/?ref_=tturv_usr_1_t,2025-12-27,1,1,"""reviewCount"":1,""ratingsCount"":1,""checkinCount"":0,""listCount"":0,""watchlistCount"":0,""favoritePeopleCount"":0,""badgesCount"":2,""interestCount"":0",2025-12-27T00:00:01Z
2,ur211489500,https://www.imdb.com/user/ur211489500/?ref_=tturv_usr_1_t,2025-12-03,1,3,"""reviewCount"":1,""ratingsCount"":3,""checkinCount"":0,""listCount"":0,""watchlistCount"":9,""favoritePeopleCount"":0,""badgesCount"":2,""interestCount"":0",2025-12-03T20:26:59Z
2,ur4204974,https://www.imdb.com/user/ur4204974/?ref_=tturv_usr_1_t,2004-11-06,4,0,"""reviewCount"":4,""ratingsCount"":0,""checkinCount"":0,""listCount"":0,""watchlistCount"":0,""favoritePeopleCount"":0,""badgesCount"":3,""interestCount"":0",2004-11-06T23:19:59Z
2,ur211940487,https://www.imdb.com/user/ur211940487/?ref_=tturv_usr_1_t,2025-12-26,1,1,"""reviewCount"":1,""ratingsCount"":1,""checkinCount"":0,""listCount"":0,""watchlistCount"":0,""favoritePeopleCount"":0,""badgesCount"":2,""interestCount"":0",2025-12-26T21:03:50Z
2,ur42021384,https://www.imdb.com/user/ur42021384/?ref_=tturv_usr_1_t,2013-03-23,11,128,"""reviewCount"":11,""ratingsCount"":128,""checkinCount"":0,""listCount"":0,""watchlistCount"":0,""favoritePeopleCount"":0,""badgesCount"":4,""interestCount"":0",2013-03-23T08:19:13Z
2,ur172824263,https://www.imdb.com/user/ur172824263/?ref_=tturv_usr_1_t,2023-11-15,1,0,"""reviewCount"":1,""ratingsCount"":0,""checkinCount"":0,""listCount"":0,""watchlistCount"":0,""favoritePeopleCount"":0,""badgesCount"":3,""interestCount"":0",2023-11-15T20:51:09Z
2,ur60195330,https://www.imdb.com/user/ur60195330/?ref_=tturv_usr_1_t,2015-05-03,573,4839,"""reviewCount"":573,""ratingsCount"":4839,""checkinCount"":0,""listCount"":3,""watchlistCount"":0,""favoritePeopleCount"":0,""badgesCount"":53,""interestCount"":0",2015-05-03T10:46:54Z
2,ur185020153,https://www.imdb.com/user/ur185020153/?ref_=tturv_usr_1_t,2024-07-15,2,8,"""reviewCount"":2,""ratingsCount"":8,""checkinCount"":0,""listCount"":0,""watchlistCount"":1,""favoritePeopleCount"":0,""badgesCount"":2,""interestCount"":0",2024-07-15T16:18:00Z
2,ur86324511,https://www.imdb.com/user/ur86324511/?ref_=tturv_usr_1_t,2018-03-12,15,93,"""reviewCount"":15,""ratingsCount"":93,""checkinCount"":0,""listCount"":0,""watchlistCount"":0,""favoritePeopleCount"":0,""badgesCount"":4,""interestCount"":0",2018-03-12T01:34:16Z
2,ur188742655,https://www.imdb.com/user/ur188742655/?ref_=tturv_usr_1_t,2024-09-22,2,40,"""reviewCount"":2,""ratingsCount"":40,""checkinCount"":0,""listCount"":0,""watchlistCount"":3,""favoritePeopleCount"":0,""badgesCount"":2,""interestCount"":0",2024-09-22T17:26:21Z
2,ur180375847,https://www.imdb.com/user/ur180375847/?ref_=tturv_usr_1_t,2024-04-18,9,26,"""reviewCount"":9,""ratingsCount"":26,""checkinCount"":0,""listCount"":0,""watchlistCount"":0,""favoritePeopleCount"":0,""badgesCount"":2,""interestCount"":0",2024-04-18T08:31:34Z
2,ur59903101,https://www.imdb.com/user/ur59903101/?ref_=tturv_usr_1_t,2015-04-17,5,0,"""reviewCount"":5,""ratingsCount"":0,""checkinCount"":0,""listCount"":0,""watchlistCount"":0,""favoritePeopleCount"":0,""badgesCount"":2,""interestCount"":0",2015-04-17T07:30:59Z
2,ur72431104,https://www.imdb.com/user/ur72431104/?ref_=tturv_usr_1_t,2017-02-06,4,0,"""reviewCount"":4,""ratingsCount"":0,""checkinCount"":0,""listCount"":0,""watchlistCount"":0,""favoritePeopleCount"":0,""badgesCount"":2,""interestCount"":0",2017-02-06T00:15:03Z
2,ur64567077,https://www.imdb.com/user/ur64567077/?ref_=tturv_usr_1_t,2015-12-29,1,0,"""reviewCount"":1,""ratingsCount"":0,""checkinCount"":0,""listCount"":0,""watchlistCount"":0,""favoritePeopleCount"":0,""badgesCount"":3,""interestCount"":0",2015-12-29T06:11:33Z
2,ur211391286,https://www.imdb.com/user/ur211391286/?ref_=tturv_usr_1_t,2025-11-28,1,15,"""reviewCount"":1,""ratingsCount"":15,""checkinCount"":0,""listCount"":0,""watchlistCount"":1,""favoritePeopleCount"":0,""badgesCount"":2,""interestCount"":0",2025-11-28T05:54:10Z
2,ur211922203,https://www.imdb.com/user/ur211922203/?ref_=tturv_usr_1_t,2025-12-26,1,3,"""reviewCount"":1,""ratingsCount"":3,""checkinCount"":0,""listCount"":0,""watchlistCount"":0,""favoritePeopleCount"":0,""badgesCount"":2,""interestCount"":0",2025-12-26T01:11:03Z
3,ur212186276,https://www.imdb.com/user/ur212186276/?ref_=tturv_usr_1_t,2026-01-04,1,1,"""reviewCount"":1,""ratingsCount"":1,""checkinCount"":0,""listCount"":0,""watchlistCount"":0,""favoritePeopleCount"":0,""badgesCount"":1,""interestCount"":0",2026-01-04T03:34:10Z
3,ur103930446,https://www.imdb.com/user/ur103930446/?ref_=tturv_usr_1_t,2019-06-04,82,101,"""reviewCount"":82,""ratingsCount"":101,""checkinCount"":0,""listCount"":0,""watchlistCount"":0,""favoritePeopleCount"":0,""badgesCount"":2,""interestCount"":0",2019-06-04T03:53:37Z
3,ur212095745,https://www.imdb.com/user/ur212095745/?ref_=tturv_usr_1_t,2025-12-31,2,2,"""reviewCount"":2,""ratingsCount"":2,""checkinCount"":0,""listCount"":0,""watchlistCount"":0,""favoritePeopleCount"":0,""badgesCount"":2,""interestCount"":0",2025-12-31T22:30:51Z
3,ur153577377,https://www.imdb.com/user/ur153577377/?ref_=tturv_usr_1_t,2022-06-09,3,0,"""reviewCount"":3,""ratingsCount"":0,""checkinCount"":0,""listCount"":0,""watchlistCount"":0,""favoritePeopleCount"":0,""badgesCount"":2,""interestCount"":0",2022-06-09T03:53:15Z
3,ur212075218,https://www.imdb.com/user/ur212075218/?ref_=tturv_usr_1_t,2025-12-30,1,2,"""reviewCount"":1,""ratingsCount"":2,""checkinCount"":0,""listCount"":0,""watchlistCount"":0,""favoritePeopleCount"":0,""badgesCount"":2,""interestCount"":0",2025-12-30T21:23:50Z
3,ur126609153,https://www.imdb.com/user/ur126609153/?ref_=tturv_usr_1_t,2020-11-24,1,0,"""reviewCount"":1,""ratingsCount"":0,""checkinCount"":0,""listCount"":0,""watchlistCount"":0,""favoritePeopleCount"":0,""badgesCount"":2,""interestCount"":0",2020-11-24T20:58:27Z
3,ur43560569,https://www.imdb.com/user/ur43560569/?ref_=tturv_usr_1_t,2013-05-18,56,0,"""reviewCount"":56,""ratingsCount"":0,""checkinCount"":0,""listCount"":2,""watchlistCount"":0,""favoritePeopleCount"":0,""badgesCount"":2,""interestCount"":0",2013-05-18T22:02:38Z
3,ur73183189,https://www.imdb.com/user/ur73183189/?ref_=tturv_usr_1_t,2017-02-23,1,0,"""reviewCount"":1,""ratingsCount"":0,""checkinCount"":0,""listCount"":0,""watchlistCount"":1,""favoritePeopleCount"":0,""badgesCount"":2,""interestCount"":0",2017-02-23T01:22:31Z
3,ur211977260,https://www.imdb.com/user/ur211977260/?ref_=tturv_usr_1_t,2025-12-28,1,3,"""reviewCount"":1,""ratingsCount"":3,""checkinCount"":0,""listCount"":0,""watchlistCount"":0,""favoritePeopleCount"":0,""badgesCount"":2,""interestCount"":0",2025-12-28T01:41:25Z
3,ur209392356,https://www.imdb.com/user/ur209392356/?ref_=tturv_usr_1_t,2025-09-25,2,2,"""reviewCount"":2,""ratingsCount"":2,""checkinCount"":0,""listCount"":0,""watchlistCount"":0,""favoritePeopleCount"":0,""badgesCount"":2,""interestCount"":0",2025-09-25T09:35:55Z
3,ur148110344,https://www.imdb.com/user/ur148110344/?ref_=tturv_usr_1_t,2022-01-08,2,0,"""reviewCount"":2,""ratingsCount"":0,""checkinCount"":0,""listCount"":0,""watchlistCount"":0,""favoritePeopleCount"":0,""badgesCount"":2,""interestCount"":0",2022-01-08T07:40:53Z
3,ur212059375,https://www.imdb.com/user/ur212059375/?ref_=tturv_usr_1_t,2025-12-30,1,16,"""reviewCount"":1,""ratingsCount"":16,""checkinCount"":0,""listCount"":0,""watchlistCount"":0,""favoritePeopleCount"":0,""badgesCount"":2,""interestCount"":0",2025-12-30T09:14:55Z
3,ur11669866,https://www.imdb.com/user/ur11669866/?ref_=tturv_usr_1_t,2006-08-01,6,0,"""reviewCount"":6,""ratingsCount"":0,""checkinCount"":0,""listCount"":0,""watchlistCount"":0,""favoritePeopleCount"":0,""badgesCount"":2,""interestCount"":0",2006-08-01T16:43:51Z
3,ur154995443,https://www.imdb.com/user/ur154995443/?ref_=tturv_usr_1_t,2022-07-25,2,0,"""reviewCount"":2,""ratingsCount"":0,""checkinCount"":0,""listCount"":0,""watchlistCount"":0,""favoritePeopleCount"":0,""badgesCount"":2,""interestCount"":0",2022-07-25T04:20:43Z
3,ur89806056,https://www.imdb.com/user/ur89806056/?ref_=tturv_usr_1_t,2018-07-07,1,0,"""reviewCount"":1,""ratingsCount"":0,""checkinCount"":0,""listCount"":0,""watchlistCount"":0,""favoritePeopleCount"":0,""badgesCount"":2,""interestCount"":0",2018-07-07T23:51:43Z
3,ur212051163,https://www.imdb.com/user/ur212051163/?ref_=tturv_usr_1_t,2025-12-30,1,13,"""reviewCount"":1,""ratingsCount"":13,""checkinCount"":0,""listCount"":0,""watchlistCount"":0,""favoritePeopleCount"":0,""badgesCount"":2,""interestCount"":0",2025-12-30T01:10:51Z
3,ur212050815,https://www.imdb.com/user/ur212050815/?ref_=tturv_usr_1_t,2025-12-30,1,1,"""reviewCount"":1,""ratingsCount"":1,""checkinCount"":0,""listCount"":0,""watchlistCount"":0,""favoritePeopleCount"":0,""badgesCount"":2,""interestCount"":0",2025-12-30T00:44:18Z
3,ur130701670,https://www.imdb.com/user/ur130701670/?ref_=tturv_usr_1_t,2021-03-22,1,0,"""reviewCount"":1,""ratingsCount"":0,""checkinCount"":0,""listCount"":0,""watchlistCount"":1,""favoritePeopleCount"":0,""badgesCount"":2,""interestCount"":0",2021-03-22T23:31:15Z
3,ur210560438,https://www.imdb.com/user/ur210560438/?ref_=tturv_usr_1_t,2025-10-16,1,1,"""reviewCount"":1,""ratingsCount"":1,""checkinCount"":0,""listCount"":0,""watchlistCount"":0,""favoritePeopleCount"":0,""badgesCount"":2,""interestCount"":0",2025-10-16T17:09:04Z
3,ur24009508,https://www.imdb.com/user/ur24009508/?ref_=tturv_usr_1_t,2010-10-05,6,487,"""reviewCount"":6,""ratingsCount"":487,""checkinCount"":8,""listCount"":1,""watchlistCount"":0,""favoritePeopleCount"":0,""badgesCount"":3,""interestCount"":0",2010-10-05T09:36:03Z
3,ur212032276,https://www.imdb.com/user/ur212032276/?ref_=tturv_usr_1_t,2025-12-29,1,1,"""reviewCount"":1,""ratingsCount"":1,""checkinCount"":0,""listCount"":0,""watchlistCount"":0,""favoritePeopleCount"":0,""badgesCount"":2,""interestCount"":0",2025-12-29T15:20:42Z
3,ur212002705,https://www.imdb.com/user/ur212002705/?ref_=tturv_usr_1_t,2025-12-28,1,4,"""reviewCount"":1,""ratingsCount"":4,""checkinCount"":0,""listCount"":0,""watchlistCount"":0,""favoritePeopleCount"":0,""badgesCount"":2,""interestCount"":0",2025-12-28T19:56:49Z
3,ur111835630,https://www.imdb.com/user/ur111835630/?ref_=tturv_usr_1_t,2020-01-01,1,0,"""reviewCount"":1,""ratingsCount"":0,""checkinCount"":0,""listCount"":0,""watchlistCount"":287,""favoritePeopleCount"":0,""badgesCount"":2,""interestCount"":0",2020-01-01T10:26:39Z
3,ur167034211,https://www.imdb.com/user/ur167034211/?ref_=tturv_usr_1_t,2023-06-26,2,0,"""reviewCount"":2,""ratingsCount"":0,""checkinCount"":0,""listCount"":0,""watchlistCount"":0,""favoritePeopleCount"":0,""badgesCount"":2,""interestCount"":0",2023-06-26T16:40:36Z
3,ur71799959,https://www.imdb.com/user/ur71799959/?ref_=tturv_usr_1_t,2017-01-22,1,0,"""reviewCount"":1,""ratingsCount"":0,""checkinCount"":0,""listCount"":0,""watchlistCount"":0,""favoritePeopleCount"":0,""badgesCount"":2,""interestCount"":0",2017-01-22T18:48:13Z
3,ur212022999,https://www.imdb.com/user/ur212022999/?ref_=tturv_usr_1_t,2025-12-29,1,2,"""reviewCount"":1,""ratingsCount"":2,""checkinCount"":0,""listCount"":0,""watchlistCount"":0,""favoritePeopleCount"":0,""badgesCount"":2,""interestCount"":0",2025-12-29T08:23:39Z
3,ur212023614,https://www.imdb.com/user/ur212023614/?ref_=tturv_usr_1_t,2025-12-29,1,1,"""reviewCount"":1,""ratingsCount"":1,""checkinCount"":0,""listCount"":0,""watchlistCount"":0,""favoritePeopleCount"":0,""badgesCount"":2,""interestCount"":0",2025-12-29T09:03:39Z
3,ur187051645,https://www.imdb.com/user/ur187051645/?ref_=tturv_usr_1_t,2024-08-23,1,1,"""reviewCount"":1,""ratingsCount"":1,""checkinCount"":0,""listCount"":0,""watchlistCount"":1,""favoritePeopleCount"":0,""badgesCount"":2,""interestCount"":0",2024-08-23T19:35:47Z
3,ur79451929,https://www.imdb.com/user/ur79451929/?ref_=tturv_usr_1_t,2017-08-15,1,0,"""reviewCount"":1,""ratingsCount"":0,""checkinCount"":0,""listCount"":0,""watchlistCount"":0,""favoritePeopleCount"":0,""badgesCount"":2,""interestCount"":0",2017-08-15T02:20:43Z
3,ur101825902,https://www.imdb.com/user/ur101825902/?ref_=tturv_usr_1_t,2019-04-18,2,0,"""reviewCount"":2,""ratingsCount"":0,""checkinCount"":0,""listCount"":0,""watchlistCount"":0,""favoritePeopleCount"":0,""badgesCount"":2,""interestCount"":0",2019-04-18T06:14:46Z
3,ur72275690,https://www.imdb.com/user/ur72275690/?ref_=tturv_usr_1_t,2017-02-02,2,0,"""reviewCount"":2,""ratingsCount"":0,""checkinCount"":0,""listCount"":0,""watchlistCount"":0,""favoritePeopleCount"":0,""badgesCount"":2,""interestCount"":0",2017-02-02T02:50:18Z
3,ur99631964,https://www.imdb.com/user/ur99631964/?ref_=tturv_usr_1_t,2019-02-23,4,0,"""reviewCount"":4,""ratingsCount"":0,""checkinCount"":0,""listCount"":0,""watchlistCount"":0,""favoritePeopleCount"":0,""badgesCount"":2,""interestCount"":0",2019-02-23T13:43:00Z
3,ur212013437,https://www.imdb.com/user/ur212013437/?ref_=tturv_usr_1_t,2025-12-29,2,2,"""reviewCount"":2,""ratingsCount"":2,""checkinCount"":0,""listCount"":0,""watchlistCount"":0,""favoritePeopleCount"":0,""badgesCount"":2,""interestCount"":0",2025-12-29T01:52:59Z
3,ur212011431,https://www.imdb.com/user/ur212011431/?ref_=tturv_usr_1_t,2025-12-28,1,2,"""reviewCount"":1,""ratingsCount"":2,""checkinCount"":0,""listCount"":0,""watchlistCount"":0,""favoritePeopleCount"":0,""badgesCount"":2,""interestCount"":0",2025-12-28T23:40:44Z
3,ur50538974,https://www.imdb.com/user/ur50538974/?ref_=tturv_usr_1_t,2014-02-09,1,0,"""reviewCount"":1,""ratingsCount"":0,""checkinCount"":0,""listCount"":0,""watchlistCount"":0,""favoritePeopleCount"":0,""badgesCount"":2,""interestCount"":0",2014-02-09T15:38:50Z
3,ur66471411,https://www.imdb.com/user/ur66471411/?ref_=tturv_usr_1_t,2016-04-16,2,1524,"""reviewCount"":2,""ratingsCount"":1524,""checkinCount"":0,""listCount"":3,""watchlistCount"":0,""favoritePeopleCount"":0,""badgesCount"":2,""interestCount"":0",2016-04-16T17:22:03Z
3,ur83823011,https://www.imdb.com/user/ur83823011/?ref_=tturv_usr_1_t,2017-12-30,2,0,"""reviewCount"":2,""ratingsCount"":0,""checkinCount"":0,""listCount"":0,""watchlistCount"":0,""favoritePeopleCount"":0,""badgesCount"":2,""interestCount"":0",2017-12-30T09:26:14Z
3,ur163549793,https://www.imdb.com/user/ur163549793/?ref_=tturv_usr_1_t,2023-03-20,1,0,"""reviewCount"":1,""ratingsCount"":0,""checkinCount"":0,""listCount"":0,""watchlistCount"":0,""favoritePeopleCount"":0,""badgesCount"":2,""interestCount"":0",2023-03-20T21:18:06Z
3,ur212008222,https://www.imdb.com/user/ur212008222/?ref_=tturv_usr_1_t,2025-12-28,1,1,"""reviewCount"":1,""ratingsCount"":1,""checkinCount"":0,""listCount"":0,""watchlistCount"":0,""favoritePeopleCount"":0,""badgesCount"":2,""interestCount"":0",2025-12-28T21:57:47Z
3,ur212004393,https://www.imdb.com/user/ur212004393/?ref_=tturv_usr_1_t,2025-12-28,1,1,"""reviewCount"":1,""ratingsCount"":1,""checkinCount"":0,""listCount"":0,""watchlistCount"":0,""favoritePeopleCount"":0,""badgesCount"":2,""interestCount"":0",2025-12-28T20:08:46Z
3,ur120020084,https://www.imdb.com/user/ur120020084/?ref_=tturv_usr_1_t,2020-06-21,2,6,"""reviewCount"":2,""ratingsCount"":6,""checkinCount"":0,""listCount"":0,""watchlistCount"":0,""favoritePeopleCount"":0,""badgesCount"":8,""interestCount"":0",2020-06-21T03:22:20Z
3,ur92722567,https://www.imdb.com/user/ur92722567/?ref_=tturv_usr_1_t,2018-09-18,1,0,"""reviewCount"":1,""ratingsCount"":0,""checkinCount"":0,""listCount"":0,""watchlistCount"":0,""favoritePeopleCount"":0,""badgesCount"":2,""interestCount"":0",2018-09-18T03:44:43Z
3,ur211995587,https://www.imdb.com/user/ur211995587/?ref_=tturv_usr_1_t,2025-12-28,1,1,"""reviewCount"":1,""ratingsCount"":1,""checkinCount"":0,""listCount"":0,""watchlistCount"":0,""favoritePeopleCount"":0,""badgesCount"":2,""interestCount"":0",2025-12-28T16:26:56Z
3,ur211994457,https://www.imdb.com/user/ur211994457/?ref_=tturv_usr_1_t,2025-12-28,1,2,"""reviewCount"":1,""ratingsCount"":2,""checkinCount"":0,""listCount"":0,""watchlistCount"":0,""favoritePeopleCount"":0,""badgesCount"":2,""interestCount"":0",2025-12-28T16:03:09Z
3,ur211405425,https://www.imdb.com/user/ur211405425/?ref_=tturv_usr_1_t,2025-11-29,1,2,"""reviewCount"":1,""ratingsCount"":2,""checkinCount"":0,""listCount"":0,""watchlistCount"":0,""favoritePeopleCount"":0,""badgesCount"":2,""interestCount"":0",2025-11-29T02:20:25Z
3,ur61962995,https://www.imdb.com/user/ur61962995/?ref_=tturv_usr_1_t,2015-08-08,2,0,"""reviewCount"":2,""ratingsCount"":0,""checkinCount"":0,""listCount"":0,""watchlistCount"":0,""favoritePeopleCount"":0,""badgesCount"":4,""interestCount"":0",2015-08-08T12:05:37Z
3,ur211992202,https://www.imdb.com/user/ur211992202/?ref_=tturv_usr_1_t,2025-12-28,1,1,"""reviewCount"":1,""ratingsCount"":1,""checkinCount"":0,""listCount"":0,""watchlistCount"":0,""favoritePeopleCount"":0,""badgesCount"":2,""interestCount"":0",2025-12-28T14:07:11Z
3,ur211989760,https://www.imdb.com/user/ur211989760/?ref_=tturv_usr_1_t,2025-12-28,1,43,"""reviewCount"":1,""ratingsCount"":43,""checkinCount"":0,""listCount"":0,""watchlistCount"":0,""favoritePeopleCount"":0,""badgesCount"":2,""interestCount"":0",2025-12-28T12:17:06Z
3,ur174767414,https://www.imdb.com/user/ur174767414/?ref_=tturv_usr_1_t,2023-12-25,1,0,"""reviewCount"":1,""ratingsCount"":0,""checkinCount"":0,""listCount"":0,""watchlistCount"":0,""favoritePeopleCount"":0,""badgesCount"":2,""interestCount"":0",2023-12-25T17:40:21Z
3,ur211989721,https://www.imdb.com/user/ur211989721/?ref_=tturv_usr_1_t,2025-12-28,1,1,"""reviewCount"":1,""ratingsCount"":1,""checkinCount"":0,""listCount"":0,""watchlistCount"":0,""favoritePeopleCount"":0,""badgesCount"":2,""interestCount"":0",2025-12-28T12:06:54Z
3,ur21274405,https://www.imdb.com/user/ur21274405/?ref_=tturv_usr_1_t,2009-06-09,58,186,"""reviewCount"":58,""ratingsCount"":186,""checkinCount"":1,""listCount"":0,""watchlistCount"":0,""favoritePeopleCount"":0,""badgesCount"":3,""interestCount"":0",2009-06-09T17:05:44Z
3,ur211985766,https://www.imdb.com/user/ur211985766/?ref_=tturv_usr_1_t,2025-12-28,1,1,"""reviewCount"":1,""ratingsCount"":1,""checkinCount"":0,""listCount"":0,""watchlistCount"":0,""favoritePeopleCount"":0,""badgesCount"":2,""interestCount"":0",2025-12-28T10:23:53Z
3,ur211986427,https://www.imdb.com/user/ur211986427/?ref_=tturv_usr_1_t,2025-12-28,1,2,"""reviewCount"":1,""ratingsCount"":2,""checkinCount"":0,""listCount"":0,""watchlistCount"":0,""favoritePeopleCount"":0,""badgesCount"":2,""interestCount"":0",2025-12-28T10:21:54Z
3,ur171138291,https://www.imdb.com/user/ur171138291/?ref_=tturv_usr_1_t,2023-10-05,1,0,"""reviewCount"":1,""ratingsCount"":0,""checkinCount"":0,""listCount"":0,""watchlistCount"":0,""favoritePeopleCount"":0,""badgesCount"":2,""interestCount"":0",2023-10-05T02:03:04Z
3,ur211983074,https://www.imdb.com/user/ur211983074/?ref_=tturv_usr_1_t,2025-12-28,1,2,"""reviewCount"":1,""ratingsCount"":2,""checkinCount"":0,""listCount"":0,""watchlistCount"":0,""favoritePeopleCount"":0,""badgesCount"":2,""interestCount"":0",2025-12-28T08:24:51Z
3,ur211981536,https://www.imdb.com/user/ur211981536/?ref_=tturv_usr_1_t,2025-12-28,1,1,"""reviewCount"":1,""ratingsCount"":1,""checkinCount"":0,""listCount"":0,""watchlistCount"":0,""favoritePeopleCount"":0,""badgesCount"":2,""interestCount"":0",2025-12-28T06:03:56Z
3,ur127282688,https://www.imdb.com/user/ur127282688/?ref_=tturv_usr_1_t,2020-12-16,1,0,"""reviewCount"":1,""ratingsCount"":0,""checkinCount"":0,""listCount"":0,""watchlistCount"":0,""favoritePeopleCount"":0,""badgesCount"":2,""interestCount"":0",2020-12-16T21:48:48Z
3,ur172911008,https://www.imdb.com/user/ur172911008/?ref_=tturv_usr_1_t,2023-11-17,1,0,"""reviewCount"":1,""ratingsCount"":0,""checkinCount"":0,""listCount"":0,""watchlistCount"":0,""favoritePeopleCount"":0,""badgesCount"":2,""interestCount"":0",2023-11-17T23:45:30Z
3,ur63884359,https://www.imdb.com/user/ur63884359/?ref_=tturv_usr_1_t,2015-11-19,38,0,"""reviewCount"":38,""ratingsCount"":0,""checkinCount"":0,""listCount"":0,""watchlistCount"":0,""favoritePeopleCount"":0,""badgesCount"":3,""interestCount"":0",2015-11-19T16:31:49Z
3,ur152475078,https://www.imdb.com/user/ur152475078/?ref_=tturv_usr_1_t,2022-04-30,26,0,"""reviewCount"":26,""ratingsCount"":0,""checkinCount"":0,""listCount"":0,""watchlistCount"":0,""favoritePeopleCount"":0,""badgesCount"":2,""interestCount"":0",2022-04-30T06:46:52Z
3,ur211978754,https://www.imdb.com/user/ur211978754/?ref_=tturv_usr_1_t,2025-12-28,1,2,"""reviewCount"":1,""ratingsCount"":2,""checkinCount"":0,""listCount"":0,""watchlistCount"":0,""favoritePeopleCount"":0,""badgesCount"":2,""interestCount"":0",2025-12-28T03:34:26Z
3,ur154536712,https://www.imdb.com/user/ur154536712/?ref_=tturv_usr_1_t,2022-07-12,1,0,"""reviewCount"":1,""ratingsCount"":0,""checkinCount"":0,""listCount"":0,""watchlistCount"":0,""favoritePeopleCount"":0,""badgesCount"":2,""interestCount"":0",2022-07-12T03:06:40Z
3,ur157403515,https://www.imdb.com/user/ur157403515/?ref_=tturv_usr_1_t,2022-10-05,1,0,"""reviewCount"":1,""ratingsCount"":0,""checkinCount"":0,""listCount"":0,""watchlistCount"":0,""favoritePeopleCount"":0,""badgesCount"":2,""interestCount"":0",2022-10-05T00:14:45Z
3,ur20850855,https://www.imdb.com/user/ur20850855/?ref_=tturv_usr_1_t,2009-03-22,23,0,"""reviewCount"":23,""ratingsCount"":0,""checkinCount"":0,""listCount"":0,""watchlistCount"":0,""favoritePeopleCount"":0,""badgesCount"":4,""interestCount"":0",2009-03-22T03:57:58Z
3,ur211976698,https://www.imdb.com/user/ur211976698/?ref_=tturv_usr_1_t,2025-12-28,1,1,"""reviewCount"":1,""ratingsCount"":1,""checkinCount"":0,""listCount"":0,""watchlistCount"":0,""favoritePeopleCount"":0,""badgesCount"":2,""interestCount"":0",2025-12-28T01:04:06Z
3,ur118113884,https://www.imdb.com/user/ur118113884/?ref_=tturv_usr_1_t,2020-05-09,1,0,"""reviewCount"":1,""ratingsCount"":0,""checkinCount"":0,""listCount"":0,""watchlistCount"":0,""favoritePeopleCount"":0,""badgesCount"":2,""interestCount"":0",2020-05-09T05:58:06Z
3,ur211974006,https://www.imdb.com/user/ur211974006/?ref_=tturv_usr_1_t,2025-12-28,1,1,"""reviewCount"":1,""ratingsCount"":1,""checkinCount"":0,""listCount"":0,""watchlistCount"":0,""favoritePeopleCount"":0,""badgesCount"":2,""interestCount"":0",2025-12-28T00:07:12Z
3,ur167675355,https://www.imdb.com/user/ur167675355/?ref_=tturv_usr_1_t,2023-07-10,1,0,"""reviewCount"":1,""ratingsCount"":0,""checkinCount"":0,""listCount"":0,""watchlistCount"":0,""favoritePeopleCount"":0,""badgesCount"":2,""interestCount"":0",2023-07-10T00:25:57Z
3,ur27245308,https://www.imdb.com/user/ur27245308/?ref_=tturv_usr_1_t,2011-07-26,4,709,"""reviewCount"":4,""ratingsCount"":709,""checkinCount"":0,""listCount"":0,""watchlistCount"":0,""favoritePeopleCount"":0,""badgesCount"":2,""interestCount"":0",2011-07-26T16:09:28Z
3,ur198203174,https://www.imdb.com/user/ur198203174/?ref_=tturv_usr_1_t,2025-03-13,1,2,"""reviewCount"":1,""ratingsCount"":2,""checkinCount"":0,""listCount"":0,""watchlistCount"":0,""favoritePeopleCount"":0,""badgesCount"":2,""interestCount"":0",2025-03-13T20:35:27Z
3,ur39449266,https://www.imdb.com/user/ur39449266/?ref_=tturv_usr_1_t,2013-01-03,1,0,"""reviewCount"":1,""ratingsCount"":0,""checkinCount"":0,""listCount"":0,""watchlistCount"":0,""favoritePeopleCount"":0,""badgesCount"":2,""interestCount"":0",2013-01-03T03:43:23Z
3,ur211965769,https://www.imdb.com/user/ur211965769/?ref_=tturv_usr_1_t,2025-12-27,1,1,"""reviewCount"":1,""ratingsCount"":1,""checkinCount"":0,""listCount"":0,""watchlistCount"":0,""favoritePeopleCount"":0,""badgesCount"":2,""interestCount"":0",2025-12-27T16:57:40Z
3,ur128352134,https://www.imdb.com/user/ur128352134/?ref_=tturv_usr_1_t,2021-01-15,5,0,"""reviewCount"":5,""ratingsCount"":0,""checkinCount"":0,""listCount"":0,""watchlistCount"":0,""favoritePeopleCount"":0,""badgesCount"":2,""interestCount"":0",2021-01-15T17:14:26Z
3,ur131251521,https://www.imdb.com/user/ur131251521/?ref_=tturv_usr_1_t,2021-04-10,18,0,"""reviewCount"":18,""ratingsCount"":0,""checkinCount"":0,""listCount"":0,""watchlistCount"":0,""favoritePeopleCount"":0,""badgesCount"":2,""interestCount"":0",2021-04-10T09:34:40Z
3,ur198792181,https://www.imdb.com/user/ur198792181/?ref_=tturv_usr_1_t,2025-03-25,1,35,"""reviewCount"":1,""ratingsCount"":35,""checkinCount"":0,""listCount"":0,""watchlistCount"":0,""favoritePeopleCount"":0,""badgesCount"":2,""interestCount"":0",2025-03-25T21:08:28Z
3,ur204568687,https://www.imdb.com/user/ur204568687/?ref_=tturv_usr_1_t,2025-06-30,1,4,"""reviewCount"":1,""ratingsCount"":4,""checkinCount"":0,""listCount"":0,""watchlistCount"":0,""favoritePeopleCount"":0,""badgesCount"":2,""interestCount"":0",2025-06-30T12:23:10Z
3,ur162267899,https://www.imdb.com/user/ur162267899/?ref_=tturv_usr_1_t,2023-02-12,2,0,"""reviewCount"":2,""ratingsCount"":0,""checkinCount"":0,""listCount"":0,""watchlistCount"":1,""favoritePeopleCount"":0,""badgesCount"":2,""interestCount"":0",2023-02-12T22:22:27Z
3,ur211954228,https://www.imdb.com/user/ur211954228/?ref_=tturv_usr_1_t,2025-12-27,1,1,"""reviewCount"":1,""ratingsCount"":1,""checkinCount"":0,""listCount"":0,""watchlistCount"":0,""favoritePeopleCount"":0,""badgesCount"":2,""interestCount"":0",2025-12-27T06:27:10Z
3,ur211953740,https://www.imdb.com/user/ur211953740/?ref_=tturv_usr_1_t,2025-12-27,1,2,"""reviewCount"":1,""ratingsCount"":2,""checkinCount"":0,""listCount"":0,""watchlistCount"":0,""favoritePeopleCount"":0,""badgesCount"":2,""interestCount"":0",2025-12-27T06:03:35Z
3,ur193638069,https://www.imdb.com/user/ur193638069/?ref_=tturv_usr_1_t,2024-12-21,3,3,"""reviewCount"":3,""ratingsCount"":3,""checkinCount"":0,""listCount"":0,""watchlistCount"":0,""favoritePeopleCount"":0,""badgesCount"":2,""interestCount"":0",2024-12-21T12:56:01Z
3,ur8837090,https://www.imdb.com/user/ur8837090/?ref_=tturv_usr_1_t,2006-01-12,42,1339,"""reviewCount"":42,""ratingsCount"":1339,""checkinCount"":0,""listCount"":2,""watchlistCount"":0,""favoritePeopleCount"":0,""badgesCount"":9,""interestCount"":0",2006-01-12T03:54:42Z
3,ur152059792,https://www.imdb.com/user/ur152059792/?ref_=tturv_usr_1_t,2022-04-15,2,0,"""reviewCount"":2,""ratingsCount"":0,""checkinCount"":0,""listCount"":0,""watchlistCount"":0,""favoritePeopleCount"":0,""badgesCount"":2,""interestCount"":0",2022-04-15T23:17:18Z
3,ur211949984,https://www.imdb.com/user/ur211949984/?ref_=tturv_usr_1_t,2025-12-27,1,8,"""reviewCount"":1,""ratingsCount"":8,""checkinCount"":0,""listCount"":0,""watchlistCount"":0,""favoritePeopleCount"":0,""badgesCount"":2,""interestCount"":0",2025-12-27T03:46:46Z
3,ur211948914,https://www.imdb.com/user/ur211948914/?ref_=tturv_usr_1_t,2025-12-27,1,1,"""reviewCount"":1,""ratingsCount"":1,""checkinCount"":0,""listCount"":0,""watchlistCount"":0,""favoritePeopleCount"":0,""badgesCount"":2,""interestCount"":0",2025-12-27T02:44:23Z
3,ur211947426,https://www.imdb.com/user/ur211947426/?ref_=tturv_usr_1_t,2025-12-27,1,1,"""reviewCount"":1,""ratingsCount"":1,""checkinCount"":0,""listCount"":0,""watchlistCount"":0,""favoritePeopleCount"":0,""badgesCount"":2,""interestCount"":0",2025-12-27T02:17:12Z
3,ur211944447,https://www.imdb.com/user/ur211944447/?ref_=tturv_usr_1_t,2025-12-27,1,2,"""reviewCount"":1,""ratingsCount"":2,""checkinCount"":0,""listCount"":0,""watchlistCount"":0,""favoritePeopleCount"":0,""badgesCount"":2,""interestCount"":0",2025-12-27T00:18:07Z
3,ur57919252,https://www.imdb.com/user/ur57919252/?ref_=tturv_usr_1_t,2015-01-15,4,0,"""reviewCount"":4,""ratingsCount"":0,""checkinCount"":0,""listCount"":1,""watchlistCount"":0,""favoritePeopleCount"":0,""badgesCount"":3,""interestCount"":0",2015-01-15T05:34:19Z
3,ur120349271,https://www.imdb.com/user/ur120349271/?ref_=tturv_usr_1_t,2020-06-28,1,0,"""reviewCount"":1,""ratingsCount"":0,""checkinCount"":0,""listCount"":0,""watchlistCount"":0,""favoritePeopleCount"":0,""badgesCount"":2,""interestCount"":0",2020-06-28T22:51:39Z
3,ur211942954,https://www.imdb.com/user/ur211942954/?ref_=tturv_usr_1_t,2025-12-26,2,6,"""reviewCount"":2,""ratingsCount"":6,""checkinCount"":0,""listCount"":0,""watchlistCount"":0,""favoritePeopleCount"":0,""badgesCount"":2,""interestCount"":0",2025-12-26T21:44:47Z
3,ur126547512,https://www.imdb.com/user/ur126547512/?ref_=tturv_usr_1_t,2020-11-22,2,0,"""reviewCount"":2,""ratingsCount"":0,""checkinCount"":0,""listCount"":0,""watchlistCount"":0,""favoritePeopleCount"":0,""badgesCount"":2,""interestCount"":0",2020-11-22T21:04:54Z
3,ur211934109,https://www.imdb.com/user/ur211934109/?ref_=tturv_usr_1_t,2025-12-26,1,4,"""reviewCount"":1,""ratingsCount"":4,""checkinCount"":0,""listCount"":0,""watchlistCount"":0,""favoritePeopleCount"":0,""badgesCount"":2,""interestCount"":0",2025-12-26T14:44:32Z
3,ur211936744,https://www.imdb.com/user/ur211936744/?ref_=tturv_usr_1_t,2025-12-26,1,1,"""reviewCount"":1,""ratingsCount"":1,""checkinCount"":0,""listCount"":0,""watchlistCount"":0,""favoritePeopleCount"":0,""badgesCount"":2,""interestCount"":0",2025-12-26T17:14:07Z
3,ur198628695,https://www.imdb.com/user/ur198628695/?ref_=tturv_usr_1_t,2025-03-23,1,8,"""reviewCount"":1,""ratingsCount"":8,""checkinCount"":0,""listCount"":0,""watchlistCount"":16,""favoritePeopleCount"":0,""badgesCount"":2,""interestCount"":0",2025-03-23T01:07:25Z
3,ur211935744,https://www.imdb.com/user/ur211935744/?ref_=tturv_usr_1_t,2025-12-26,1,5,"""reviewCount"":1,""ratingsCount"":5,""checkinCount"":0,""listCount"":0,""watchlistCount"":0,""favoritePeopleCount"":0,""badgesCount"":2,""interestCount"":0",2025-12-26T16:47:45Z
3,ur193696554,https://www.imdb.com/user/ur193696554/?ref_=tturv_usr_1_t,2024-12-22,2,56,"""reviewCount"":2,""ratingsCount"":56,""checkinCount"":0,""listCount"":0,""watchlistCount"":2,""favoritePeopleCount"":0,""badgesCount"":2,""interestCount"":0",2024-12-22T10:35:48Z
3,ur144432881,https://www.imdb.com/user/ur144432881/?ref_=tturv_usr_1_t,2021-11-21,2,0,"""reviewCount"":2,""ratingsCount"":0,""checkinCount"":0,""listCount"":0,""watchlistCount"":0,""favoritePeopleCount"":0,""badgesCount"":2,""interestCount"":0",2021-11-21T22:44:31Z
3,ur133602113,https://www.imdb.com/user/ur133602113/?ref_=tturv_usr_1_t,2021-06-13,1,0,"""reviewCount"":1,""ratingsCount"":0,""checkinCount"":0,""listCount"":0,""watchlistCount"":0,""favoritePeopleCount"":0,""badgesCount"":2,""interestCount"":0",2021-06-13T05:20:27Z
3,ur211883693,https://www.imdb.com/user/ur211883693/?ref_=tturv_usr_1_t,2025-12-23,1,6,"""reviewCount"":1,""ratingsCount"":6,""checkinCount"":0,""listCount"":0,""watchlistCount"":0,""favoritePeopleCount"":0,""badgesCount"":2,""interestCount"":0",2025-12-23T19:33:07Z
3,ur24716853,https://www.imdb.com/user/ur24716853/?ref_=tturv_usr_1_t,2011-01-11,8,120,"""reviewCount"":8,""ratingsCount"":120,""checkinCount"":0,""listCount"":0,""watchlistCount"":0,""favoritePeopleCount"":0,""badgesCount"":2,""interestCount"":0",2011-01-11T05:08:16Z
4,ur211430183,https://www.imdb.com/user/ur211430183/?ref_=tturv_usr_1_t,2025-11-30,1,4,"""reviewCount"":1,""ratingsCount"":4,""checkinCount"":0,""listCount"":0,""watchlistCount"":0,""favoritePeopleCount"":0,""badgesCount"":1,""interestCount"":0",2025-11-30T13:42:39Z
4,ur14896732,https://www.imdb.com/user/ur14896732/?ref_=tturv_usr_1_t,2007-04-06,3,2724,"""reviewCount"":3,""ratingsCount"":2724,""checkinCount"":0,""listCount"":0,""watchlistCount"":0,""favoritePeopleCount"":0,""badgesCount"":8,""interestCount"":0",2007-04-06T23:55:39Z
4,ur212126007,https://www.imdb.com/user/ur212126007/?ref_=tturv_usr_1_t,2026-01-01,1,1,"""reviewCount"":1,""ratingsCount"":1,""checkinCount"":0,""listCount"":0,""watchlistCount"":0,""favoritePeopleCount"":0,""badgesCount"":2,""interestCount"":0",2026-01-01T18:47:59Z
4,ur175559590,https://www.imdb.com/user/ur175559590/?ref_=tturv_usr_1_t,2024-01-08,1,0,"""reviewCount"":1,""ratingsCount"":0,""checkinCount"":0,""listCount"":0,""watchlistCount"":0,""favoritePeopleCount"":0,""badgesCount"":2,""interestCount"":0",2024-01-08T07:31:43Z
4,ur66048561,https://www.imdb.com/user/ur66048561/?ref_=tturv_usr_1_t,2016-03-26,2,0,"""reviewCount"":2,""ratingsCount"":0,""checkinCount"":0,""listCount"":0,""watchlistCount"":0,""favoritePeopleCount"":0,""badgesCount"":2,""interestCount"":0",2016-03-26T06:59:47Z
4,ur159992538,https://www.imdb.com/user/ur159992538/?ref_=tturv_usr_1_t,2022-12-15,2,0,"""reviewCount"":2,""ratingsCount"":0,""checkinCount"":0,""listCount"":0,""watchlistCount"":0,""favoritePeopleCount"":0,""badgesCount"":2,""interestCount"":0",2022-12-15T20:55:55Z
4,ur152522687,https://www.imdb.com/user/ur152522687/?ref_=tturv_usr_1_t,2022-05-01,2,0,"""reviewCount"":2,""ratingsCount"":0,""checkinCount"":0,""listCount"":0,""watchlistCount"":0,""favoritePeopleCount"":0,""badgesCount"":2,""interestCount"":0",2022-05-01T20:18:03Z
4,ur175243701,https://www.imdb.com/user/ur175243701/?ref_=tturv_usr_1_t,2024-01-03,1,0,"""reviewCount"":1,""ratingsCount"":0,""checkinCount"":0,""listCount"":0,""watchlistCount"":0,""favoritePeopleCount"":0,""badgesCount"":2,""interestCount"":0",2024-01-03T00:21:38Z
4,ur108128708,https://www.imdb.com/user/ur108128708/?ref_=tturv_usr_1_t,2019-09-27,1,0,"""reviewCount"":1,""ratingsCount"":0,""checkinCount"":0,""listCount"":0,""watchlistCount"":0,""favoritePeopleCount"":0,""badgesCount"":2,""interestCount"":0",2019-09-27T04:16:36Z
4,ur102777576,https://www.imdb.com/user/ur102777576/?ref_=tturv_usr_1_t,2019-05-10,2,0,"""reviewCount"":2,""ratingsCount"":0,""checkinCount"":0,""listCount"":0,""watchlistCount"":0,""favoritePeopleCount"":0,""badgesCount"":2,""interestCount"":0",2019-05-10T15:12:53Z
4,ur130827086,https://www.imdb.com/user/ur130827086/?ref_=tturv_usr_1_t,2021-03-26,16,0,"""reviewCount"":16,""ratingsCount"":0,""checkinCount"":0,""listCount"":0,""watchlistCount"":0,""favoritePeopleCount"":0,""badgesCount"":2,""interestCount"":0",2021-03-26T21:10:02Z
4,ur28761480,https://www.imdb.com/user/ur28761480/?ref_=tturv_usr_1_t,2011-10-24,1,0,"""reviewCount"":1,""ratingsCount"":0,""checkinCount"":0,""listCount"":0,""watchlistCount"":0,""favoritePeopleCount"":0,""badgesCount"":2,""interestCount"":0",2011-10-24T08:29:19Z
4,ur212071010,https://www.imdb.com/user/ur212071010/?ref_=tturv_usr_1_t,2025-12-30,1,1,"""reviewCount"":1,""ratingsCount"":1,""checkinCount"":0,""listCount"":0,""watchlistCount"":0,""favoritePeopleCount"":0,""badgesCount"":2,""interestCount"":0",2025-12-30T18:49:23Z
4,ur112832804,https://www.imdb.com/user/ur112832804/?ref_=tturv_usr_1_t,2020-01-25,3,0,"""reviewCount"":3,""ratingsCount"":0,""checkinCount"":0,""listCount"":0,""watchlistCount"":0,""favoritePeopleCount"":0,""badgesCount"":2,""interestCount"":0",2020-01-25T08:11:01Z
4,ur212059174,https://www.imdb.com/user/ur212059174/?ref_=tturv_usr_1_t,2025-12-30,1,1,"""reviewCount"":1,""ratingsCount"":1,""checkinCount"":0,""listCount"":0,""watchlistCount"":0,""favoritePeopleCount"":0,""badgesCount"":2,""interestCount"":0",2025-12-30T09:55:26Z
4,ur212004802,https://www.imdb.com/user/ur212004802/?ref_=tturv_usr_1_t,2025-12-28,3,0,"""reviewCount"":3,""ratingsCount"":0,""checkinCount"":0,""listCount"":0,""watchlistCount"":0,""favoritePeopleCount"":0,""badgesCount"":2,""interestCount"":0",2025-12-28T21:14:44Z
4,ur86096816,https://www.imdb.com/user/ur86096816/?ref_=tturv_usr_1_t,2018-03-05,1,0,"""reviewCount"":1,""ratingsCount"":0,""checkinCount"":0,""listCount"":0,""watchlistCount"":0,""favoritePeopleCount"":0,""badgesCount"":2,""interestCount"":0",2018-03-05T03:18:14Z
4,ur120573611,https://www.imdb.com/user/ur120573611/?ref_=tturv_usr_1_t,2020-07-04,1,0,"""reviewCount"":1,""ratingsCount"":0,""checkinCount"":0,""listCount"":0,""watchlistCount"":0,""favoritePeopleCount"":0,""badgesCount"":2,""interestCount"":0",2020-07-04T12:27:52Z
4,ur191966945,https://www.imdb.com/user/ur191966945/?ref_=tturv_usr_1_t,2024-11-22,1,22,"""reviewCount"":1,""ratingsCount"":22,""checkinCount"":0,""listCount"":0,""watchlistCount"":1,""favoritePeopleCount"":0,""badgesCount"":2,""interestCount"":0",2024-11-22T02:33:38Z
4,ur120824358,https://www.imdb.com/user/ur120824358/?ref_=tturv_usr_1_t,2020-07-10,1,0,"""reviewCount"":1,""ratingsCount"":0,""checkinCount"":0,""listCount"":0,""watchlistCount"":0,""favoritePeopleCount"":0,""badgesCount"":2,""interestCount"":0",2020-07-10T15:42:54Z
4,ur127794661,https://www.imdb.com/user/ur127794661/?ref_=tturv_usr_1_t,2020-12-31,6,0,"""reviewCount"":6,""ratingsCount"":0,""checkinCount"":0,""listCount"":0,""watchlistCount"":0,""favoritePeopleCount"":0,""badgesCount"":2,""interestCount"":0",2020-12-31T20:45:06Z
4,ur51760209,https://www.imdb.com/user/ur51760209/?ref_=tturv_usr_1_t,2014-03-31,1,0,"""reviewCount"":1,""ratingsCount"":0,""checkinCount"":0,""listCount"":0,""watchlistCount"":0,""favoritePeopleCount"":0,""badgesCount"":2,""interestCount"":0",2014-03-31T14:06:34Z
4,ur132436157,https://www.imdb.com/user/ur132436157/?ref_=tturv_usr_1_t,2021-05-12,4,35,"""reviewCount"":4,""ratingsCount"":35,""checkinCount"":0,""listCount"":0,""watchlistCount"":0,""favoritePeopleCount"":0,""badgesCount"":3,""interestCount"":0",2021-05-12T17:38:06Z
4,ur212026173,https://www.imdb.com/user/ur212026173/?ref_=tturv_usr_1_t,2025-12-29,1,1,"""reviewCount"":1,""ratingsCount"":1,""checkinCount"":0,""listCount"":0,""watchlistCount"":0,""favoritePeopleCount"":0,""badgesCount"":2,""interestCount"":0",2025-12-29T11:23:13Z
4,ur148511100,https://www.imdb.com/user/ur148511100/?ref_=tturv_usr_1_t,2022-01-16,14,0,"""reviewCount"":14,""ratingsCount"":0,""checkinCount"":0,""listCount"":0,""watchlistCount"":1,""favoritePeopleCount"":0,""badgesCount"":2,""interestCount"":0",2022-01-16T15:20:41Z
4,ur175437004,https://www.imdb.com/user/ur175437004/?ref_=tturv_usr_1_t,2024-01-06,7,0,"""reviewCount"":7,""ratingsCount"":0,""checkinCount"":0,""listCount"":0,""watchlistCount"":0,""favoritePeopleCount"":0,""badgesCount"":3,""interestCount"":0",2024-01-06T10:23:14Z
4,ur173173009,https://www.imdb.com/user/ur173173009/?ref_=tturv_usr_1_t,2023-11-24,2,0,"""reviewCount"":2,""ratingsCount"":0,""checkinCount"":0,""listCount"":0,""watchlistCount"":0,""favoritePeopleCount"":0,""badgesCount"":2,""interestCount"":0",2023-11-24T07:38:51Z
4,ur126531333,https://www.imdb.com/user/ur126531333/?ref_=tturv_usr_1_t,2020-11-22,28,0,"""reviewCount"":28,""ratingsCount"":0,""checkinCount"":0,""listCount"":0,""watchlistCount"":0,""favoritePeopleCount"":0,""badgesCount"":2,""interestCount"":0",2020-11-22T11:56:45Z
4,ur66259887,https://www.imdb.com/user/ur66259887/?ref_=tturv_usr_1_t,2016-04-05,31,4369,"""reviewCount"":31,""ratingsCount"":4369,""checkinCount"":0,""listCount"":3,""watchlistCount"":0,""favoritePeopleCount"":0,""badgesCount"":3,""interestCount"":0",2016-04-05T20:18:26Z
4,ur209979114,https://www.imdb.com/user/ur209979114/?ref_=tturv_usr_1_t,2025-10-05,1,2,"""reviewCount"":1,""ratingsCount"":2,""checkinCount"":0,""listCount"":0,""watchlistCount"":1,""favoritePeopleCount"":0,""badgesCount"":2,""interestCount"":0",2025-10-05T02:57:47Z
4,ur130327390,https://www.imdb.com/user/ur130327390/?ref_=tturv_usr_1_t,2021-03-12,4,0,"""reviewCount"":4,""ratingsCount"":0,""checkinCount"":0,""listCount"":0,""watchlistCount"":0,""favoritePeopleCount"":0,""badgesCount"":2,""interestCount"":0",2021-03-12T19:06:33Z
4,ur212017367,https://www.imdb.com/user/ur212017367/?ref_=tturv_usr_1_t,2025-12-29,1,37,"""reviewCount"":1,""ratingsCount"":37,""checkinCount"":0,""listCount"":0,""watchlistCount"":0,""favoritePeopleCount"":0,""badgesCount"":2,""interestCount"":0",2025-12-29T05:28:43Z
4,ur140365722,https://www.imdb.com/user/ur140365722/?ref_=tturv_usr_1_t,2021-10-16,3,0,"""reviewCount"":3,""ratingsCount"":0,""checkinCount"":0,""listCount"":0,""watchlistCount"":0,""favoritePeopleCount"":0,""badgesCount"":2,""interestCount"":0",2021-10-16T19:46:56Z
4,ur14617362,https://www.imdb.com/user/ur14617362/?ref_=tturv_usr_1_t,2007-03-15,6,0,"""reviewCount"":6,""ratingsCount"":0,""checkinCount"":0,""listCount"":0,""watchlistCount"":0,""favoritePeopleCount"":0,""badgesCount"":2,""interestCount"":0",2007-03-15T06:06:28Z
4,ur127281409,https://www.imdb.com/user/ur127281409/?ref_=tturv_usr_1_t,2020-12-16,8,0,"""reviewCount"":8,""ratingsCount"":0,""checkinCount"":0,""listCount"":0,""watchlistCount"":0,""favoritePeopleCount"":0,""badgesCount"":2,""interestCount"":0",2020-12-16T20:50:55Z
4,ur30227617,https://www.imdb.com/user/ur30227617/?ref_=tturv_usr_1_t,2012-01-03,1,0,"""reviewCount"":1,""ratingsCount"":0,""checkinCount"":0,""listCount"":0,""watchlistCount"":0,""favoritePeopleCount"":0,""badgesCount"":3,""interestCount"":0",2012-01-03T14:23:08Z
4,ur197531376,https://www.imdb.com/user/ur197531376/?ref_=tturv_usr_1_t,2025-02-27,5,6,"""reviewCount"":5,""ratingsCount"":6,""checkinCount"":0,""listCount"":0,""watchlistCount"":1,""favoritePeopleCount"":0,""badgesCount"":2,""interestCount"":0",2025-02-27T02:16:21Z
4,ur130860021,https://www.imdb.com/user/ur130860021/?ref_=tturv_usr_1_t,2021-03-27,24,45,"""reviewCount"":24,""ratingsCount"":45,""checkinCount"":0,""listCount"":0,""watchlistCount"":0,""favoritePeopleCount"":0,""badgesCount"":2,""interestCount"":0",2021-03-27T23:15:16Z
4,ur201455481,https://www.imdb.com/user/ur201455481/?ref_=tturv_usr_1_t,2025-05-16,1,44,"""reviewCount"":1,""ratingsCount"":44,""checkinCount"":0,""listCount"":1,""watchlistCount"":8,""favoritePeopleCount"":0,""badgesCount"":2,""interestCount"":0",2025-05-16T03:40:07Z
4,ur211993747,https://www.imdb.com/user/ur211993747/?ref_=tturv_usr_1_t,2025-12-28,1,1,"""reviewCount"":1,""ratingsCount"":1,""checkinCount"":0,""listCount"":0,""watchlistCount"":0,""favoritePeopleCount"":0,""badgesCount"":2,""interestCount"":0",2025-12-28T15:31:09Z
4,ur211993117,https://www.imdb.com/user/ur211993117/?ref_=tturv_usr_1_t,2025-12-28,1,1,"""reviewCount"":1,""ratingsCount"":1,""checkinCount"":0,""listCount"":0,""watchlistCount"":0,""favoritePeopleCount"":0,""badgesCount"":2,""interestCount"":0",2025-12-28T15:08:36Z
4,ur107258183,https://www.imdb.com/user/ur107258183/?ref_=tturv_usr_1_t,2019-09-01,23,0,"""reviewCount"":23,""ratingsCount"":0,""checkinCount"":0,""listCount"":0,""watchlistCount"":0,""favoritePeopleCount"":0,""badgesCount"":2,""interestCount"":0",2019-09-01T02:54:12Z
4,ur211988967,https://www.imdb.com/user/ur211988967/?ref_=tturv_usr_1_t,2025-12-28,2,2,"""reviewCount"":2,""ratingsCount"":2,""checkinCount"":0,""listCount"":0,""watchlistCount"":0,""favoritePeopleCount"":0,""badgesCount"":2,""interestCount"":0",2025-12-28T13:43:56Z
4,ur211991432,https://www.imdb.com/user/ur211991432/?ref_=tturv_usr_1_t,2025-12-28,1,1,"""reviewCount"":1,""ratingsCount"":1,""checkinCount"":0,""listCount"":0,""watchlistCount"":0,""favoritePeopleCount"":0,""badgesCount"":2,""interestCount"":0",2025-12-28T13:32:32Z
4,ur130050308,https://www.imdb.com/user/ur130050308/?ref_=tturv_usr_1_t,2021-03-04,16,0,"""reviewCount"":16,""ratingsCount"":0,""checkinCount"":0,""listCount"":0,""watchlistCount"":1,""favoritePeopleCount"":0,""badgesCount"":2,""interestCount"":0",2021-03-04T00:05:34Z
4,ur211986604,https://www.imdb.com/user/ur211986604/?ref_=tturv_usr_1_t,2025-12-28,1,43,"""reviewCount"":1,""ratingsCount"":43,""checkinCount"":0,""listCount"":0,""watchlistCount"":2,""favoritePeopleCount"":0,""badgesCount"":2,""interestCount"":0",2025-12-28T10:51:09Z
4,ur211987035,https://www.imdb.com/user/ur211987035/?ref_=tturv_usr_1_t,2025-12-28,1,2,"""reviewCount"":1,""ratingsCount"":2,""checkinCount"":0,""listCount"":0,""watchlistCount"":0,""favoritePeopleCount"":0,""badgesCount"":2,""interestCount"":0",2025-12-28T11:18:00Z
4,ur156189252,https://www.imdb.com/user/ur156189252/?ref_=tturv_usr_1_t,2022-08-27,2,0,"""reviewCount"":2,""ratingsCount"":0,""checkinCount"":0,""listCount"":0,""watchlistCount"":0,""favoritePeopleCount"":0,""badgesCount"":2,""interestCount"":0",2022-08-27T04:44:39Z
4,ur206527328,https://www.imdb.com/user/ur206527328/?ref_=tturv_usr_1_t,2025-08-04,1,2,"""reviewCount"":1,""ratingsCount"":2,""checkinCount"":0,""listCount"":0,""watchlistCount"":0,""favoritePeopleCount"":0,""badgesCount"":2,""interestCount"":0",2025-08-04T21:49:56Z
4,ur210670019,https://www.imdb.com/user/ur210670019/?ref_=tturv_usr_1_t,2025-10-21,2,31,"""reviewCount"":2,""ratingsCount"":31,""checkinCount"":0,""listCount"":0,""watchlistCount"":0,""favoritePeopleCount"":0,""badgesCount"":2,""interestCount"":0",2025-10-21T12:31:00Z
4,ur198175238,https://www.imdb.com/user/ur198175238/?ref_=tturv_usr_1_t,2025-03-13,1,10,"""reviewCount"":1,""ratingsCount"":10,""checkinCount"":0,""listCount"":0,""watchlistCount"":0,""favoritePeopleCount"":0,""badgesCount"":2,""interestCount"":0",2025-03-13T08:54:59Z
4,ur211980534,https://www.imdb.com/user/ur211980534/?ref_=tturv_usr_1_t,2025-12-28,1,2,"""reviewCount"":1,""ratingsCount"":2,""checkinCount"":0,""listCount"":0,""watchlistCount"":0,""favoritePeopleCount"":0,""badgesCount"":2,""interestCount"":0",2025-12-28T05:24:39Z
4,ur200410090,https://www.imdb.com/user/ur200410090/?ref_=tturv_usr_1_t,2025-04-23,1,10,"""reviewCount"":1,""ratingsCount"":10,""checkinCount"":0,""listCount"":0,""watchlistCount"":2,""favoritePeopleCount"":0,""badgesCount"":2,""interestCount"":0",2025-04-23T17:48:50Z
4,ur211978125,https://www.imdb.com/user/ur211978125/?ref_=tturv_usr_1_t,2025-12-28,1,3,"""reviewCount"":1,""ratingsCount"":3,""checkinCount"":0,""listCount"":0,""watchlistCount"":0,""favoritePeopleCount"":0,""badgesCount"":2,""interestCount"":0",2025-12-28T02:42:19Z
4,ur29367171,https://www.imdb.com/user/ur29367171/?ref_=tturv_usr_1_t,2011-11-25,1,0,"""reviewCount"":1,""ratingsCount"":0,""checkinCount"":0,""listCount"":0,""watchlistCount"":0,""favoritePeopleCount"":0,""badgesCount"":2,""interestCount"":0",2011-11-25T06:13:30Z
4,ur211974817,https://www.imdb.com/user/ur211974817/?ref_=tturv_usr_1_t,2025-12-28,1,2,"""reviewCount"":1,""ratingsCount"":2,""checkinCount"":0,""listCount"":0,""watchlistCount"":0,""favoritePeopleCount"":0,""badgesCount"":2,""interestCount"":0",2025-12-28T01:08:36Z
4,ur211937941,https://www.imdb.com/user/ur211937941/?ref_=tturv_usr_1_t,2025-12-26,1,4,"""reviewCount"":1,""ratingsCount"":4,""checkinCount"":0,""listCount"":0,""watchlistCount"":0,""favoritePeopleCount"":0,""badgesCount"":2,""interestCount"":0",2025-12-26T18:02:10Z
4,ur67284553,https://www.imdb.com/user/ur67284553/?ref_=tturv_usr_1_t,2016-05-19,1,0,"""reviewCount"":1,""ratingsCount"":0,""checkinCount"":0,""listCount"":0,""watchlistCount"":0,""favoritePeopleCount"":0,""badgesCount"":2,""interestCount"":0",2016-05-19T09:53:51Z
4,ur198295419,https://www.imdb.com/user/ur198295419/?ref_=tturv_usr_1_t,2025-03-15,3,78,"""reviewCount"":3,""ratingsCount"":78,""checkinCount"":0,""listCount"":0,""watchlistCount"":90,""favoritePeopleCount"":0,""badgesCount"":4,""interestCount"":0",2025-03-15T16:42:05Z
4,ur211386540,https://www.imdb.com/user/ur211386540/?ref_=tturv_usr_1_t,2025-11-27,3,23,"""reviewCount"":3,""ratingsCount"":23,""checkinCount"":0,""listCount"":0,""watchlistCount"":0,""favoritePeopleCount"":0,""badgesCount"":2,""interestCount"":0",2025-11-27T21:22:49Z
4,ur211965205,https://www.imdb.com/user/ur211965205/?ref_=tturv_usr_1_t,2025-12-27,2,3,"""reviewCount"":2,""ratingsCount"":3,""checkinCount"":0,""listCount"":0,""watchlistCount"":0,""favoritePeopleCount"":0,""badgesCount"":2,""interestCount"":0",2025-12-27T17:42:57Z
4,ur198367271,https://www.imdb.com/user/ur198367271/?ref_=tturv_usr_1_t,2025-03-17,2,2,"""reviewCount"":2,""ratingsCount"":2,""checkinCount"":0,""listCount"":0,""watchlistCount"":0,""favoritePeopleCount"":0,""badgesCount"":2,""interestCount"":0",2025-03-17T03:00:52Z
4,ur117693316,https://www.imdb.com/user/ur117693316/?ref_=tturv_usr_1_t,2020-05-01,2,0,"""reviewCount"":2,""ratingsCount"":0,""checkinCount"":0,""listCount"":0,""watchlistCount"":0,""favoritePeopleCount"":0,""badgesCount"":2,""interestCount"":0",2020-05-01T22:59:54Z
4,ur157189199,https://www.imdb.com/user/ur157189199/?ref_=tturv_usr_1_t,2022-09-28,11,45,"""reviewCount"":11,""ratingsCount"":45,""checkinCount"":0,""listCount"":0,""watchlistCount"":0,""favoritePeopleCount"":0,""badgesCount"":3,""interestCount"":0",2022-09-28T08:01:59Z
4,ur119693383,https://www.imdb.com/user/ur119693383/?ref_=tturv_usr_1_t,2020-06-13,1,0,"""reviewCount"":1,""ratingsCount"":0,""checkinCount"":0,""listCount"":0,""watchlistCount"":0,""favoritePeopleCount"":0,""badgesCount"":2,""interestCount"":0",2020-06-13T03:07:55Z
4,ur72868220,https://www.imdb.com/user/ur72868220/?ref_=tturv_usr_1_t,2017-02-16,10,0,"""reviewCount"":10,""ratingsCount"":0,""checkinCount"":0,""listCount"":0,""watchlistCount"":0,""favoritePeopleCount"":0,""badgesCount"":2,""interestCount"":0",2017-02-16T14:56:29Z
4,ur168630448,https://www.imdb.com/user/ur168630448/?ref_=tturv_usr_1_t,2023-07-29,4,13,"""reviewCount"":4,""ratingsCount"":13,""checkinCount"":0,""listCount"":0,""watchlistCount"":0,""favoritePeopleCount"":0,""badgesCount"":2,""interestCount"":0",2023-07-29T10:54:15Z
4,ur51592846,https://www.imdb.com/user/ur51592846/?ref_=tturv_usr_1_t,2014-03-24,1,494,"""reviewCount"":1,""ratingsCount"":494,""checkinCount"":0,""listCount"":0,""watchlistCount"":0,""favoritePeopleCount"":0,""badgesCount"":2,""interestCount"":0",2014-03-24T14:08:21Z
4,ur28893483,https://www.imdb.com/user/ur28893483/?ref_=tturv_usr_1_t,2011-10-31,9,0,"""reviewCount"":9,""ratingsCount"":0,""checkinCount"":0,""listCount"":0,""watchlistCount"":0,""favoritePeopleCount"":0,""badgesCount"":2,""interestCount"":0",2011-10-31T01:25:05Z
4,ur211955368,https://www.imdb.com/user/ur211955368/?ref_=tturv_usr_1_t,2025-12-27,1,12,"""reviewCount"":1,""ratingsCount"":12,""checkinCount"":0,""listCount"":0,""watchlistCount"":0,""favoritePeopleCount"":0,""badgesCount"":2,""interestCount"":0",2025-12-27T07:25:37Z
4,ur211952365,https://www.imdb.com/user/ur211952365/?ref_=tturv_usr_1_t,2025-12-27,1,1,"""reviewCount"":1,""ratingsCount"":1,""checkinCount"":0,""listCount"":0,""watchlistCount"":0,""favoritePeopleCount"":0,""badgesCount"":2,""interestCount"":0",2025-12-27T05:51:48Z
4,ur144006688,https://www.imdb.com/user/ur144006688/?ref_=tturv_usr_1_t,2021-11-19,9,0,"""reviewCount"":9,""ratingsCount"":0,""checkinCount"":0,""listCount"":0,""watchlistCount"":0,""favoritePeopleCount"":0,""badgesCount"":2,""interestCount"":0",2021-11-19T15:12:34Z
4,ur156047696,https://www.imdb.com/user/ur156047696/?ref_=tturv_usr_1_t,2022-08-22,2,0,"""reviewCount"":2,""ratingsCount"":0,""checkinCount"":0,""listCount"":0,""watchlistCount"":0,""favoritePeopleCount"":0,""badgesCount"":2,""interestCount"":0",2022-08-22T22:38:38Z
4,ur76802042,https://www.imdb.com/user/ur76802042/?ref_=tturv_usr_1_t,2017-05-29,1,0,"""reviewCount"":1,""ratingsCount"":0,""checkinCount"":0,""listCount"":0,""watchlistCount"":0,""favoritePeopleCount"":0,""badgesCount"":2,""interestCount"":0",2017-05-29T23:08:28Z
4,ur211947572,https://www.imdb.com/user/ur211947572/?ref_=tturv_usr_1_t,2025-12-27,1,1,"""reviewCount"":1,""ratingsCount"":1,""checkinCount"":0,""listCount"":0,""watchlistCount"":0,""favoritePeopleCount"":0,""badgesCount"":2,""interestCount"":0",2025-12-27T01:28:25Z
4,ur61431008,https://www.imdb.com/user/ur61431008/?ref_=tturv_usr_1_t,2015-07-11,2,0,"""reviewCount"":2,""ratingsCount"":0,""checkinCount"":0,""listCount"":0,""watchlistCount"":0,""favoritePeopleCount"":0,""badgesCount"":2,""interestCount"":0",2015-07-11T18:08:26Z
4,ur96349840,https://www.imdb.com/user/ur96349840/?ref_=tturv_usr_1_t,2018-12-14,1,0,"""reviewCount"":1,""ratingsCount"":0,""checkinCount"":0,""listCount"":0,""watchlistCount"":0,""favoritePeopleCount"":0,""badgesCount"":2,""interestCount"":0",2018-12-14T04:14:50Z
4,ur27321469,https://www.imdb.com/user/ur27321469/?ref_=tturv_usr_1_t,2011-07-30,18,684,"""reviewCount"":18,""ratingsCount"":684,""checkinCount"":4,""listCount"":0,""watchlistCount"":0,""favoritePeopleCount"":0,""badgesCount"":2,""interestCount"":0",2011-07-30T19:16:39Z
4,ur211386540,https://www.imdb.com/user/ur211386540/?ref_=tturv_usr_1_t,2025-11-27,3,23,"""reviewCount"":3,""ratingsCount"":23,""checkinCount"":0,""listCount"":0,""watchlistCount"":0,""favoritePeopleCount"":0,""badgesCount"":2,""interestCount"":0",2025-11-27T21:22:49Z
4,ur117499013,https://www.imdb.com/user/ur117499013/?ref_=tturv_usr_1_t,2020-04-28,1,0,"""reviewCount"":1,""ratingsCount"":0,""checkinCount"":0,""listCount"":0,""watchlistCount"":0,""favoritePeopleCount"":0,""badgesCount"":2,""interestCount"":0",2020-04-28T13:36:46Z
4,ur65606836,https://www.imdb.com/user/ur65606836/?ref_=tturv_usr_1_t,2016-02-27,3,0,"""reviewCount"":3,""ratingsCount"":0,""checkinCount"":0,""listCount"":0,""watchlistCount"":0,""favoritePeopleCount"":0,""badgesCount"":2,""interestCount"":0",2016-02-27T00:24:28Z
4,ur208855220,https://www.imdb.com/user/ur208855220/?ref_=tturv_usr_1_t,2025-09-16,1,16,"""reviewCount"":1,""ratingsCount"":16,""checkinCount"":0,""listCount"":0,""watchlistCount"":12,""favoritePeopleCount"":0,""badgesCount"":2,""interestCount"":0",2025-09-16T14:41:07Z
4,ur50101615,https://www.imdb.com/user/ur50101615/?ref_=tturv_usr_1_t,2014-01-23,6,0,"""reviewCount"":6,""ratingsCount"":0,""checkinCount"":0,""listCount"":0,""watchlistCount"":0,""favoritePeopleCount"":0,""badgesCount"":4,""interestCount"":0",2014-01-23T11:42:54Z
4,ur171024302,https://www.imdb.com/user/ur171024302/?ref_=tturv_usr_1_t,2023-10-01,7,0,"""reviewCount"":7,""ratingsCount"":0,""checkinCount"":0,""listCount"":0,""watchlistCount"":0,""favoritePeopleCount"":0,""badgesCount"":2,""interestCount"":0",2023-10-01T17:33:15Z
4,ur110206182,https://www.imdb.com/user/ur110206182/?ref_=tturv_usr_1_t,2019-11-20,12,0,"""reviewCount"":12,""ratingsCount"":0,""checkinCount"":0,""listCount"":0,""watchlistCount"":0,""favoritePeopleCount"":0,""badgesCount"":2,""interestCount"":0",2019-11-20T15:50:30Z
4,ur67937755,https://www.imdb.com/user/ur67937755/?ref_=tturv_usr_1_t,2016-07-12,1,0,"""reviewCount"":1,""ratingsCount"":0,""checkinCount"":0,""listCount"":0,""watchlistCount"":0,""favoritePeopleCount"":0,""badgesCount"":2,""interestCount"":0",2016-07-12T09:32:26Z
4,ur25621847,https://www.imdb.com/user/ur25621847/?ref_=tturv_usr_1_t,2011-04-06,6,0,"""reviewCount"":6,""ratingsCount"":0,""checkinCount"":0,""listCount"":0,""watchlistCount"":0,""favoritePeopleCount"":0,""badgesCount"":2,""interestCount"":0",2011-04-06T16:56:47Z
5,ur5900269,https://www.imdb.com/user/ur5900269/?ref_=tturv_usr_1_t,2005-06-19,4,0,"""reviewCount"":4,""ratingsCount"":0,""checkinCount"":0,""listCount"":1,""watchlistCount"":0,""favoritePeopleCount"":0,""badgesCount"":2,""interestCount"":0",2005-06-19T12:28:09Z
5,ur62746524,https://www.imdb.com/user/ur62746524/?ref_=tturv_usr_1_t,2015-09-20,595,9761,"""reviewCount"":595,""ratingsCount"":9761,""checkinCount"":0,""listCount"":2,""watchlistCount"":0,""favoritePeopleCount"":0,""badgesCount"":53,""interestCount"":0",2015-09-20T10:57:27Z
5,ur168948768,https://www.imdb.com/user/ur168948768/?ref_=tturv_usr_1_t,2023-08-06,1,0,"""reviewCount"":1,""ratingsCount"":0,""checkinCount"":0,""listCount"":0,""watchlistCount"":0,""favoritePeopleCount"":0,""badgesCount"":2,""interestCount"":0",2023-08-06T18:01:26Z
5,ur212090712,https://www.imdb.com/user/ur212090712/?ref_=tturv_usr_1_t,2025-12-31,1,1,"""reviewCount"":1,""ratingsCount"":1,""checkinCount"":0,""listCount"":0,""watchlistCount"":0,""favoritePeopleCount"":0,""badgesCount"":2,""interestCount"":0",2025-12-31T15:47:23Z
5,ur146057786,https://www.imdb.com/user/ur146057786/?ref_=tturv_usr_1_t,2021-11-30,1,0,"""reviewCount"":1,""ratingsCount"":0,""checkinCount"":0,""listCount"":0,""watchlistCount"":0,""favoritePeopleCount"":0,""badgesCount"":3,""interestCount"":0",2021-11-30T02:44:26Z
5,ur124022820,https://www.imdb.com/user/ur124022820/?ref_=tturv_usr_1_t,2020-09-07,2,0,"""reviewCount"":2,""ratingsCount"":0,""checkinCount"":0,""listCount"":0,""watchlistCount"":0,""favoritePeopleCount"":0,""badgesCount"":2,""interestCount"":0",2020-09-07T05:33:01Z
5,ur212071431,https://www.imdb.com/user/ur212071431/?ref_=tturv_usr_1_t,2025-12-30,2,2,"""reviewCount"":2,""ratingsCount"":2,""checkinCount"":0,""listCount"":0,""watchlistCount"":0,""favoritePeopleCount"":0,""badgesCount"":2,""interestCount"":0",2025-12-30T18:55:18Z
5,ur176922362,https://www.imdb.com/user/ur176922362/?ref_=tturv_usr_1_t,2024-02-04,1,0,"""reviewCount"":1,""ratingsCount"":0,""checkinCount"":0,""listCount"":0,""watchlistCount"":0,""favoritePeopleCount"":0,""badgesCount"":2,""interestCount"":0",2024-02-04T04:40:18Z
5,ur4580968,https://www.imdb.com/user/ur4580968/?ref_=tturv_usr_1_t,2005-01-14,2,380,"""reviewCount"":2,""ratingsCount"":380,""checkinCount"":0,""listCount"":0,""watchlistCount"":0,""favoritePeopleCount"":0,""badgesCount"":3,""interestCount"":0",2005-01-14T18:08:45Z
5,ur212061065,https://www.imdb.com/user/ur212061065/?ref_=tturv_usr_1_t,2025-12-30,1,2,"""reviewCount"":1,""ratingsCount"":2,""checkinCount"":0,""listCount"":0,""watchlistCount"":0,""favoritePeopleCount"":0,""badgesCount"":2,""interestCount"":0",2025-12-30T11:13:29Z
5,ur211996091,https://www.imdb.com/user/ur211996091/?ref_=tturv_usr_1_t,2025-12-28,1,8,"""reviewCount"":1,""ratingsCount"":8,""checkinCount"":0,""listCount"":0,""watchlistCount"":0,""favoritePeopleCount"":0,""badgesCount"":2,""interestCount"":0",2025-12-28T16:02:05Z
5,ur118271949,https://www.imdb.com/user/ur118271949/?ref_=tturv_usr_1_t,2020-05-12,2,0,"""reviewCount"":2,""ratingsCount"":0,""checkinCount"":0,""listCount"":0,""watchlistCount"":0,""favoritePeopleCount"":0,""badgesCount"":2,""interestCount"":0",2020-05-12T03:40:52Z
5,ur210694522,https://www.imdb.com/user/ur210694522/?ref_=tturv_usr_1_t,2025-10-22,1,3,"""reviewCount"":1,""ratingsCount"":3,""checkinCount"":0,""listCount"":0,""watchlistCount"":0,""favoritePeopleCount"":0,""badgesCount"":2,""interestCount"":0",2025-10-22T12:07:42Z
5,ur197757167,https://www.imdb.com/user/ur197757167/?ref_=tturv_usr_1_t,2025-03-04,3,14,"""reviewCount"":3,""ratingsCount"":14,""checkinCount"":0,""listCount"":0,""watchlistCount"":0,""favoritePeopleCount"":0,""badgesCount"":2,""interestCount"":0",2025-03-04T02:41:02Z
5,ur38485320,https://www.imdb.com/user/ur38485320/?ref_=tturv_usr_1_t,2012-12-13,2,189,"""reviewCount"":2,""ratingsCount"":189,""checkinCount"":0,""listCount"":2,""watchlistCount"":0,""favoritePeopleCount"":0,""badgesCount"":2,""interestCount"":0",2012-12-13T06:39:29Z
5,ur27517914,https://www.imdb.com/user/ur27517914/?ref_=tturv_usr_1_t,2011-08-10,20,0,"""reviewCount"":20,""ratingsCount"":0,""checkinCount"":0,""listCount"":0,""watchlistCount"":0,""favoritePeopleCount"":0,""badgesCount"":2,""interestCount"":0",2011-08-10T05:05:26Z
5,ur194967046,https://www.imdb.com/user/ur194967046/?ref_=tturv_usr_1_t,2025-01-11,1,6,"""reviewCount"":1,""ratingsCount"":6,""checkinCount"":0,""listCount"":0,""watchlistCount"":0,""favoritePeopleCount"":0,""badgesCount"":2,""interestCount"":0",2025-01-11T09:18:00Z
5,ur78349342,https://www.imdb.com/user/ur78349342/?ref_=tturv_usr_1_t,2017-07-14,1,0,"""reviewCount"":1,""ratingsCount"":0,""checkinCount"":0,""listCount"":0,""watchlistCount"":0,""favoritePeopleCount"":0,""badgesCount"":2,""interestCount"":0",2017-07-14T16:01:01Z
5,ur211998846,https://www.imdb.com/user/ur211998846/?ref_=tturv_usr_1_t,2025-12-28,1,2,"""reviewCount"":1,""ratingsCount"":2,""checkinCount"":0,""listCount"":0,""watchlistCount"":0,""favoritePeopleCount"":0,""badgesCount"":2,""interestCount"":0",2025-12-28T18:30:38Z
5,ur211972332,https://www.imdb.com/user/ur211972332/?ref_=tturv_usr_1_t,2025-12-27,1,7,"""reviewCount"":1,""ratingsCount"":7,""checkinCount"":0,""listCount"":0,""watchlistCount"":0,""favoritePeopleCount"":0,""badgesCount"":2,""interestCount"":0",2025-12-27T23:01:14Z
5,ur212032849,https://www.imdb.com/user/ur212032849/?ref_=tturv_usr_1_t,2025-12-29,1,2,"""reviewCount"":1,""ratingsCount"":2,""checkinCount"":0,""listCount"":0,""watchlistCount"":0,""favoritePeopleCount"":0,""badgesCount"":2,""interestCount"":0",2025-12-29T15:20:00Z
5,ur129308670,https://www.imdb.com/user/ur129308670/?ref_=tturv_usr_1_t,2021-02-09,1,0,"""reviewCount"":1,""ratingsCount"":0,""checkinCount"":1,""listCount"":0,""watchlistCount"":0,""favoritePeopleCount"":0,""badgesCount"":2,""interestCount"":0",2021-02-09T16:10:16Z
5,ur125037109,https://www.imdb.com/user/ur125037109/?ref_=tturv_usr_1_t,2020-10-10,7,0,"""reviewCount"":7,""ratingsCount"":0,""checkinCount"":0,""listCount"":0,""watchlistCount"":0,""favoritePeopleCount"":0,""badgesCount"":2,""interestCount"":0",2020-10-10T13:19:01Z
5,ur125037109,https://www.imdb.com/user/ur125037109/?ref_=tturv_usr_1_t,2020-10-10,7,0,"""reviewCount"":7,""ratingsCount"":0,""checkinCount"":0,""listCount"":0,""watchlistCount"":0,""favoritePeopleCount"":0,""badgesCount"":2,""interestCount"":0",2020-10-10T13:19:01Z
5,ur67861622,https://www.imdb.com/user/ur67861622/?ref_=tturv_usr_1_t,2016-07-05,2,0,"""reviewCount"":2,""ratingsCount"":0,""checkinCount"":0,""listCount"":0,""watchlistCount"":0,""favoritePeopleCount"":0,""badgesCount"":2,""interestCount"":0",2016-07-05T21:09:55Z
5,ur212021925,https://www.imdb.com/user/ur212021925/?ref_=tturv_usr_1_t,2025-12-29,1,1,"""reviewCount"":1,""ratingsCount"":1,""checkinCount"":0,""listCount"":0,""watchlistCount"":0,""favoritePeopleCount"":0,""badgesCount"":2,""interestCount"":0",2025-12-29T07:17:10Z
5,ur157719626,https://www.imdb.com/user/ur157719626/?ref_=tturv_usr_1_t,2022-10-14,1,0,"""reviewCount"":1,""ratingsCount"":0,""checkinCount"":0,""listCount"":0,""watchlistCount"":0,""favoritePeopleCount"":0,""badgesCount"":2,""interestCount"":0",2022-10-14T20:37:19Z
5,ur211978007,https://www.imdb.com/user/ur211978007/?ref_=tturv_usr_1_t,2025-12-28,1,26,"""reviewCount"":1,""ratingsCount"":26,""checkinCount"":0,""listCount"":0,""watchlistCount"":0,""favoritePeopleCount"":0,""badgesCount"":2,""interestCount"":0",2025-12-28T03:55:18Z
5,ur195955652,https://www.imdb.com/user/ur195955652/?ref_=tturv_usr_1_t,2025-01-28,1,5,"""reviewCount"":1,""ratingsCount"":5,""checkinCount"":0,""listCount"":0,""watchlistCount"":1,""favoritePeopleCount"":0,""badgesCount"":2,""interestCount"":0",2025-01-28T21:09:04Z
5,ur69509372,https://www.imdb.com/user/ur69509372/?ref_=tturv_usr_1_t,2016-10-30,2,0,"""reviewCount"":2,""ratingsCount"":0,""checkinCount"":0,""listCount"":0,""watchlistCount"":0,""favoritePeopleCount"":0,""badgesCount"":2,""interestCount"":0",2016-10-30T12:13:06Z
5,ur152610803,https://www.imdb.com/user/ur152610803/?ref_=tturv_usr_1_t,2022-05-05,1,0,"""reviewCount"":1,""ratingsCount"":0,""checkinCount"":0,""listCount"":0,""watchlistCount"":0,""favoritePeopleCount"":0,""badgesCount"":2,""interestCount"":0",2022-05-05T01:15:26Z
5,ur211935863,https://www.imdb.com/user/ur211935863/?ref_=tturv_usr_1_t,2025-12-26,1,4,"""reviewCount"":1,""ratingsCount"":4,""checkinCount"":0,""listCount"":0,""watchlistCount"":0,""favoritePeopleCount"":0,""badgesCount"":2,""interestCount"":0",2025-12-26T16:47:55Z
5,ur212006190,https://www.imdb.com/user/ur212006190/?ref_=tturv_usr_1_t,2025-12-28,1,1,"""reviewCount"":1,""ratingsCount"":1,""checkinCount"":0,""listCount"":0,""watchlistCount"":0,""favoritePeopleCount"":0,""badgesCount"":2,""interestCount"":0",2025-12-28T20:49:04Z
5,ur172260691,https://www.imdb.com/user/ur172260691/?ref_=tturv_usr_1_t,2023-11-02,1,0,"""reviewCount"":1,""ratingsCount"":0,""checkinCount"":0,""listCount"":0,""watchlistCount"":0,""favoritePeopleCount"":0,""badgesCount"":2,""interestCount"":0",2023-11-02T20:26:20Z
5,ur163933004,https://www.imdb.com/user/ur163933004/?ref_=tturv_usr_1_t,2023-03-31,2,0,"""reviewCount"":2,""ratingsCount"":0,""checkinCount"":0,""listCount"":0,""watchlistCount"":0,""favoritePeopleCount"":0,""badgesCount"":2,""interestCount"":0",2023-03-31T17:21:05Z
5,ur212003389,https://www.imdb.com/user/ur212003389/?ref_=tturv_usr_1_t,2025-12-28,1,1,"""reviewCount"":1,""ratingsCount"":1,""checkinCount"":0,""listCount"":0,""watchlistCount"":1,""favoritePeopleCount"":0,""badgesCount"":2,""interestCount"":0",2025-12-28T19:29:56Z
5,ur32762318,https://www.imdb.com/user/ur32762318/?ref_=tturv_usr_1_t,2012-03-29,3,2966,"""reviewCount"":3,""ratingsCount"":2966,""checkinCount"":0,""listCount"":2,""watchlistCount"":0,""favoritePeopleCount"":0,""badgesCount"":3,""interestCount"":0",2012-03-29T06:55:02Z
5,ur205455343,https://www.imdb.com/user/ur205455343/?ref_=tturv_usr_1_t,2025-07-18,1,2,"""reviewCount"":1,""ratingsCount"":2,""checkinCount"":0,""listCount"":0,""watchlistCount"":0,""favoritePeopleCount"":0,""badgesCount"":2,""interestCount"":0",2025-07-18T09:54:27Z
5,ur93604913,https://www.imdb.com/user/ur93604913/?ref_=tturv_usr_1_t,2018-10-07,40,136,"""reviewCount"":40,""ratingsCount"":136,""checkinCount"":5,""listCount"":0,""watchlistCount"":0,""favoritePeopleCount"":0,""badgesCount"":3,""interestCount"":0",2018-10-07T19:28:05Z
5,ur211999053,https://www.imdb.com/user/ur211999053/?ref_=tturv_usr_1_t,2025-12-28,1,9,"""reviewCount"":1,""ratingsCount"":9,""checkinCount"":0,""listCount"":0,""watchlistCount"":0,""favoritePeopleCount"":0,""badgesCount"":2,""interestCount"":0",2025-12-28T18:03:50Z
5,ur211982310,https://www.imdb.com/user/ur211982310/?ref_=tturv_usr_1_t,2025-12-28,2,6,"""reviewCount"":2,""ratingsCount"":6,""checkinCount"":0,""listCount"":0,""watchlistCount"":0,""favoritePeopleCount"":0,""badgesCount"":2,""interestCount"":0",2025-12-28T05:46:11Z
5,ur211998039,https://www.imdb.com/user/ur211998039/?ref_=tturv_usr_1_t,2025-12-28,1,3,"""reviewCount"":1,""ratingsCount"":3,""checkinCount"":0,""listCount"":0,""watchlistCount"":0,""favoritePeopleCount"":0,""badgesCount"":2,""interestCount"":0",2025-12-28T17:23:36Z
5,ur108772878,https://www.imdb.com/user/ur108772878/?ref_=tturv_usr_1_t,2019-10-14,35,121,"""reviewCount"":35,""ratingsCount"":121,""checkinCount"":0,""listCount"":0,""watchlistCount"":0,""favoritePeopleCount"":0,""badgesCount"":2,""interestCount"":0",2019-10-14T01:44:19Z
5,ur211994618,https://www.imdb.com/user/ur211994618/?ref_=tturv_usr_1_t,2025-12-28,1,2,"""reviewCount"":1,""ratingsCount"":2,""checkinCount"":0,""listCount"":0,""watchlistCount"":0,""favoritePeopleCount"":0,""badgesCount"":2,""interestCount"":0",2025-12-28T14:59:41Z
5,ur211992622,https://www.imdb.com/user/ur211992622/?ref_=tturv_usr_1_t,2025-12-28,1,3,"""reviewCount"":1,""ratingsCount"":3,""checkinCount"":0,""listCount"":0,""watchlistCount"":0,""favoritePeopleCount"":0,""badgesCount"":2,""interestCount"":0",2025-12-28T14:08:14Z
5,ur3155206,https://www.imdb.com/user/ur3155206/?ref_=tturv_usr_1_t,2004-03-01,27,126,"""reviewCount"":27,""ratingsCount"":126,""checkinCount"":0,""listCount"":0,""watchlistCount"":0,""favoritePeopleCount"":0,""badgesCount"":2,""interestCount"":0",2004-03-01T09:35:55Z
5,ur51849950,https://www.imdb.com/user/ur51849950/?ref_=tturv_usr_1_t,2014-04-04,1,260,"""reviewCount"":1,""ratingsCount"":260,""checkinCount"":0,""listCount"":0,""watchlistCount"":0,""favoritePeopleCount"":0,""badgesCount"":2,""interestCount"":0",2014-04-04T21:06:54Z
5,ur211987051,https://www.imdb.com/user/ur211987051/?ref_=tturv_usr_1_t,2025-12-28,2,16,"""reviewCount"":2,""ratingsCount"":16,""checkinCount"":0,""listCount"":0,""watchlistCount"":0,""favoritePeopleCount"":0,""badgesCount"":2,""interestCount"":0",2025-12-28T10:27:06Z
5,ur211984816,https://www.imdb.com/user/ur211984816/?ref_=tturv_usr_1_t,2025-12-28,1,9,"""reviewCount"":1,""ratingsCount"":9,""checkinCount"":0,""listCount"":0,""watchlistCount"":0,""favoritePeopleCount"":0,""badgesCount"":2,""interestCount"":0",2025-12-28T09:03:22Z
5,ur211983228,https://www.imdb.com/user/ur211983228/?ref_=tturv_usr_1_t,2025-12-28,1,1,"""reviewCount"":1,""ratingsCount"":1,""checkinCount"":0,""listCount"":0,""watchlistCount"":0,""favoritePeopleCount"":0,""badgesCount"":2,""interestCount"":0",2025-12-28T06:32:39Z
5,ur191016929,https://www.imdb.com/user/ur191016929/?ref_=tturv_usr_1_t,2024-11-04,1,5,"""reviewCount"":1,""ratingsCount"":5,""checkinCount"":0,""listCount"":0,""watchlistCount"":0,""favoritePeopleCount"":0,""badgesCount"":2,""interestCount"":0",2024-11-04T01:55:21Z
5,ur170616413,https://www.imdb.com/user/ur170616413/?ref_=tturv_usr_1_t,2023-09-19,1,0,"""reviewCount"":1,""ratingsCount"":0,""checkinCount"":0,""listCount"":0,""watchlistCount"":0,""favoritePeopleCount"":0,""badgesCount"":2,""interestCount"":0",2023-09-19T18:20:16Z
5,ur161915345,https://www.imdb.com/user/ur161915345/?ref_=tturv_usr_1_t,2023-02-03,1,0,"""reviewCount"":1,""ratingsCount"":0,""checkinCount"":0,""listCount"":0,""watchlistCount"":0,""favoritePeopleCount"":0,""badgesCount"":2,""interestCount"":0",2023-02-03T00:41:36Z
5,ur211976898,https://www.imdb.com/user/ur211976898/?ref_=tturv_usr_1_t,2025-12-28,8,13,"""reviewCount"":8,""ratingsCount"":13,""checkinCount"":0,""listCount"":0,""watchlistCount"":0,""favoritePeopleCount"":0,""badgesCount"":2,""interestCount"":0",2025-12-28T01:13:07Z
5,ur211973085,https://www.imdb.com/user/ur211973085/?ref_=tturv_usr_1_t,2025-12-28,1,3,"""reviewCount"":1,""ratingsCount"":3,""checkinCount"":0,""listCount"":0,""watchlistCount"":0,""favoritePeopleCount"":0,""badgesCount"":2,""interestCount"":0",2025-12-28T00:19:22Z
5,ur3321190,https://www.imdb.com/user/ur3321190/?ref_=tturv_usr_1_t,2004-04-14,47,0,"""reviewCount"":47,""ratingsCount"":0,""checkinCount"":0,""listCount"":0,""watchlistCount"":0,""favoritePeopleCount"":0,""badgesCount"":3,""interestCount"":0",2004-04-14T03:39:24Z
5,ur81115246,https://www.imdb.com/user/ur81115246/?ref_=tturv_usr_1_t,2017-10-07,1,0,"""reviewCount"":1,""ratingsCount"":0,""checkinCount"":0,""listCount"":0,""watchlistCount"":0,""favoritePeopleCount"":0,""badgesCount"":2,""interestCount"":0",2017-10-07T21:20:25Z
5,ur183813928,https://www.imdb.com/user/ur183813928/?ref_=tturv_usr_1_t,2024-06-23,2,2,"""reviewCount"":2,""ratingsCount"":2,""checkinCount"":0,""listCount"":1,""watchlistCount"":0,""favoritePeopleCount"":0,""badgesCount"":3,""interestCount"":0",2024-06-23T22:35:51Z
5,ur184396173,https://www.imdb.com/user/ur184396173/?ref_=tturv_usr_1_t,2024-07-04,118,1608,"""reviewCount"":118,""ratingsCount"":1608,""checkinCount"":0,""listCount"":0,""watchlistCount"":76,""favoritePeopleCount"":0,""badgesCount"":2,""interestCount"":0",2024-07-04T10:58:30Z
5,ur197006078,https://www.imdb.com/user/ur197006078/?ref_=tturv_usr_1_t,2025-02-17,1,3,"""reviewCount"":1,""ratingsCount"":3,""checkinCount"":0,""listCount"":0,""watchlistCount"":0,""favoritePeopleCount"":0,""badgesCount"":2,""interestCount"":0",2025-02-17T00:59:04Z
5,ur89451867,https://www.imdb.com/user/ur89451867/?ref_=tturv_usr_1_t,2018-06-26,1,0,"""reviewCount"":1,""ratingsCount"":0,""checkinCount"":0,""listCount"":0,""watchlistCount"":0,""favoritePeopleCount"":0,""badgesCount"":2,""interestCount"":0",2018-06-26T02:18:02Z
5,ur79525786,https://www.imdb.com/user/ur79525786/?ref_=tturv_usr_1_t,2017-08-17,2,807,"""reviewCount"":2,""ratingsCount"":807,""checkinCount"":0,""listCount"":1,""watchlistCount"":0,""favoritePeopleCount"":0,""badgesCount"":3,""interestCount"":0",2017-08-17T15:09:14Z
5,ur157440180,https://www.imdb.com/user/ur157440180/?ref_=tturv_usr_1_t,2022-10-06,3,0,"""reviewCount"":3,""ratingsCount"":0,""checkinCount"":0,""listCount"":0,""watchlistCount"":0,""favoritePeopleCount"":0,""badgesCount"":2,""interestCount"":0",2022-10-06T05:22:12Z
5,ur66370391,https://www.imdb.com/user/ur66370391/?ref_=tturv_usr_1_t,2016-04-12,1,0,"""reviewCount"":1,""ratingsCount"":0,""checkinCount"":0,""listCount"":0,""watchlistCount"":0,""favoritePeopleCount"":0,""badgesCount"":2,""interestCount"":0",2016-04-12T12:42:18Z
5,ur155926392,https://www.imdb.com/user/ur155926392/?ref_=tturv_usr_1_t,2022-08-19,4,0,"""reviewCount"":4,""ratingsCount"":0,""checkinCount"":0,""listCount"":0,""watchlistCount"":0,""favoritePeopleCount"":0,""badgesCount"":2,""interestCount"":0",2022-08-19T18:09:18Z
5,ur204741396,https://www.imdb.com/user/ur204741396/?ref_=tturv_usr_1_t,2025-07-04,1,5,"""reviewCount"":1,""ratingsCount"":5,""checkinCount"":0,""listCount"":0,""watchlistCount"":0,""favoritePeopleCount"":0,""badgesCount"":2,""interestCount"":0",2025-07-04T02:19:04Z
5,ur211755103,https://www.imdb.com/user/ur211755103/?ref_=tturv_usr_1_t,2025-12-17,1,11,"""reviewCount"":1,""ratingsCount"":11,""checkinCount"":0,""listCount"":0,""watchlistCount"":1,""favoritePeopleCount"":0,""badgesCount"":2,""interestCount"":0",2025-12-17T17:57:38Z
5,ur78904284,https://www.imdb.com/user/ur78904284/?ref_=tturv_usr_1_t,2017-07-30,5,0,"""reviewCount"":5,""ratingsCount"":0,""checkinCount"":0,""listCount"":0,""watchlistCount"":0,""favoritePeopleCount"":0,""badgesCount"":2,""interestCount"":0",2017-07-30T03:26:52Z
5,ur211598856,https://www.imdb.com/user/ur211598856/?ref_=tturv_usr_1_t,2025-12-09,1,4,"""reviewCount"":1,""ratingsCount"":4,""checkinCount"":0,""listCount"":0,""watchlistCount"":0,""favoritePeopleCount"":0,""badgesCount"":2,""interestCount"":0",2025-12-09T22:45:28Z
5,ur155643091,https://www.imdb.com/user/ur155643091/?ref_=tturv_usr_1_t,2022-08-12,477,0,"""reviewCount"":477,""ratingsCount"":0,""checkinCount"":0,""listCount"":0,""watchlistCount"":0,""favoritePeopleCount"":0,""badgesCount"":2,""interestCount"":0",2022-08-12T14:28:16Z
5,ur35999815,https://www.imdb.com/user/ur35999815/?ref_=tturv_usr_1_t,2012-08-27,4,0,"""reviewCount"":4,""ratingsCount"":0,""checkinCount"":0,""listCount"":0,""watchlistCount"":0,""favoritePeopleCount"":0,""badgesCount"":4,""interestCount"":0",2012-08-27T20:16:14Z
5,ur211946561,https://www.imdb.com/user/ur211946561/?ref_=tturv_usr_1_t,2025-12-27,2,2,"""reviewCount"":2,""ratingsCount"":2,""checkinCount"":0,""listCount"":0,""watchlistCount"":0,""favoritePeopleCount"":0,""badgesCount"":2,""interestCount"":0",2025-12-27T00:46:49Z
5,ur61443258,https://www.imdb.com/user/ur61443258/?ref_=tturv_usr_1_t,2015-07-12,1,0,"""reviewCount"":1,""ratingsCount"":0,""checkinCount"":0,""listCount"":0,""watchlistCount"":0,""favoritePeopleCount"":0,""badgesCount"":2,""interestCount"":0",2015-07-12T06:53:15Z
5,ur162513749,https://www.imdb.com/user/ur162513749/?ref_=tturv_usr_1_t,2023-02-19,1,0,"""reviewCount"":1,""ratingsCount"":0,""checkinCount"":0,""listCount"":0,""watchlistCount"":0,""favoritePeopleCount"":0,""badgesCount"":2,""interestCount"":0",2023-02-19T20:25:24Z
5,ur195634085,https://www.imdb.com/user/ur195634085/?ref_=tturv_usr_1_t,2025-01-23,1,27,"""reviewCount"":1,""ratingsCount"":27,""checkinCount"":0,""listCount"":0,""watchlistCount"":1,""favoritePeopleCount"":0,""badgesCount"":2,""interestCount"":0",2025-01-23T00:54:13Z
5,ur173174603,https://www.imdb.com/user/ur173174603/?ref_=tturv_usr_1_t,2023-11-24,234,0,"""reviewCount"":234,""ratingsCount"":0,""checkinCount"":0,""listCount"":0,""watchlistCount"":0,""favoritePeopleCount"":0,""badgesCount"":2,""interestCount"":0",2023-11-24T08:41:26Z
5,ur78137932,https://www.imdb.com/user/ur78137932/?ref_=tturv_usr_1_t,2017-07-08,13,974,"""reviewCount"":13,""ratingsCount"":974,""checkinCount"":0,""listCount"":0,""watchlistCount"":0,""favoritePeopleCount"":0,""badgesCount"":2,""interestCount"":0",2017-07-08T09:39:59Z
5,ur207178925,https://www.imdb.com/user/ur207178925/?ref_=tturv_usr_1_t,2025-08-17,3,14,"""reviewCount"":3,""ratingsCount"":14,""checkinCount"":0,""listCount"":0,""watchlistCount"":0,""favoritePeopleCount"":0,""badgesCount"":2,""interestCount"":0",2025-08-17T15:45:58Z
5,ur158902186,https://www.imdb.com/user/ur158902186/?ref_=tturv_usr_1_t,2022-11-16,20,0,"""reviewCount"":20,""ratingsCount"":0,""checkinCount"":0,""listCount"":0,""watchlistCount"":0,""favoritePeopleCount"":0,""badgesCount"":3,""interestCount"":0",2022-11-16T17:09:57Z
5,ur211947301,https://www.imdb.com/user/ur211947301/?ref_=tturv_usr_1_t,2025-12-27,2,7,"""reviewCount"":2,""ratingsCount"":7,""checkinCount"":0,""listCount"":0,""watchlistCount"":0,""favoritePeopleCount"":0,""badgesCount"":2,""interestCount"":0",2025-12-27T00:42:13Z
5,ur211945243,https://www.imdb.com/user/ur211945243/?ref_=tturv_usr_1_t,2025-12-26,1,2,"""reviewCount"":1,""ratingsCount"":2,""checkinCount"":0,""listCount"":0,""watchlistCount"":0,""favoritePeopleCount"":0,""badgesCount"":2,""interestCount"":0",2025-12-26T23:24:53Z
5,ur167340514,https://www.imdb.com/user/ur167340514/?ref_=tturv_usr_1_t,2023-07-03,358,0,"""reviewCount"":358,""ratingsCount"":0,""checkinCount"":0,""listCount"":0,""watchlistCount"":0,""favoritePeopleCount"":0,""badgesCount"":2,""interestCount"":0",2023-07-03T16:13:57Z
5,ur211941663,https://www.imdb.com/user/ur211941663/?ref_=tturv_usr_1_t,2025-12-26,1,1,"""reviewCount"":1,""ratingsCount"":1,""checkinCount"":0,""listCount"":0,""watchlistCount"":0,""favoritePeopleCount"":0,""badgesCount"":2,""interestCount"":0",2025-12-26T20:54:58Z
5,ur48805435,https://www.imdb.com/user/ur48805435/?ref_=tturv_usr_1_t,2013-12-14,1,0,"""reviewCount"":1,""ratingsCount"":0,""checkinCount"":0,""listCount"":0,""watchlistCount"":0,""favoritePeopleCount"":0,""badgesCount"":3,""interestCount"":0",2013-12-14T02:01:51Z
5,ur60243255,https://www.imdb.com/user/ur60243255/?ref_=tturv_usr_1_t,2015-05-06,1,0,"""reviewCount"":1,""ratingsCount"":0,""checkinCount"":457,""listCount"":0,""watchlistCount"":0,""favoritePeopleCount"":0,""badgesCount"":2,""interestCount"":0",2015-05-06T02:03:15Z
5,ur211937411,https://www.imdb.com/user/ur211937411/?ref_=tturv_usr_1_t,2025-12-26,1,2,"""reviewCount"":1,""ratingsCount"":2,""checkinCount"":0,""listCount"":0,""watchlistCount"":0,""favoritePeopleCount"":0,""badgesCount"":2,""interestCount"":0",2025-12-26T17:28:27Z
5,ur211941269,https://www.imdb.com/user/ur211941269/?ref_=tturv_usr_1_t,2025-12-26,1,2,"""reviewCount"":1,""ratingsCount"":2,""checkinCount"":0,""listCount"":0,""watchlistCount"":0,""favoritePeopleCount"":0,""badgesCount"":2,""interestCount"":0",2025-12-26T19:46:43Z
5,ur130478979,https://www.imdb.com/user/ur130478979/?ref_=tturv_usr_1_t,2021-03-17,2,0,"""reviewCount"":2,""ratingsCount"":0,""checkinCount"":0,""listCount"":0,""watchlistCount"":0,""favoritePeopleCount"":0,""badgesCount"":2,""interestCount"":0",2021-03-17T11:40:36Z
5,ur176712519,https://www.imdb.com/user/ur176712519/?ref_=tturv_usr_1_t,2024-01-30,1,0,"""reviewCount"":1,""ratingsCount"":0,""checkinCount"":0,""listCount"":0,""watchlistCount"":0,""favoritePeopleCount"":0,""badgesCount"":2,""interestCount"":0",2024-01-30T16:09:02Z
5,ur130973867,https://www.imdb.com/user/ur130973867/?ref_=tturv_usr_1_t,2021-03-31,2,0,"""reviewCount"":2,""ratingsCount"":0,""checkinCount"":0,""listCount"":0,""watchlistCount"":0,""favoritePeopleCount"":0,""badgesCount"":2,""interestCount"":0",2021-03-31T22:53:10Z
5,ur211936325,https://www.imdb.com/user/ur211936325/?ref_=tturv_usr_1_t,2025-12-26,3,3,"""reviewCount"":3,""ratingsCount"":3,""checkinCount"":0,""listCount"":0,""watchlistCount"":0,""favoritePeopleCount"":0,""badgesCount"":2,""interestCount"":0",2025-12-26T16:38:57Z
5,ur177666326,https://www.imdb.com/user/ur177666326/?ref_=tturv_usr_1_t,2024-02-19,2,427,"""reviewCount"":2,""ratingsCount"":427,""checkinCount"":0,""listCount"":0,""watchlistCount"":24,""favoritePeopleCount"":0,""badgesCount"":3,""interestCount"":0",2024-02-19T15:56:12Z
5,ur137603656,https://www.imdb.com/user/ur137603656/?ref_=tturv_usr_1_t,2021-09-21,2,17,"""reviewCount"":2,""ratingsCount"":17,""checkinCount"":0,""listCount"":0,""watchlistCount"":0,""favoritePeopleCount"":0,""badgesCount"":5,""interestCount"":0",2021-09-21T15:22:25Z
5,ur211935290,https://www.imdb.com/user/ur211935290/?ref_=tturv_usr_1_t,2025-12-26,1,1,"""reviewCount"":1,""ratingsCount"":1,""checkinCount"":0,""listCount"":0,""watchlistCount"":0,""favoritePeopleCount"":0,""badgesCount"":2,""interestCount"":0",2025-12-26T15:45:01Z
5,ur45507551,https://www.imdb.com/user/ur45507551/?ref_=tturv_usr_1_t,2013-07-31,525,4985,"""reviewCount"":525,""ratingsCount"":4985,""checkinCount"":0,""listCount"":57,""watchlistCount"":5345,""favoritePeopleCount"":0,""badgesCount"":6,""interestCount"":0",2013-07-31T11:52:19Z
5,ur135235864,https://www.imdb.com/user/ur135235864/?ref_=tturv_usr_1_t,2021-08-03,2,0,"""reviewCount"":2,""ratingsCount"":0,""checkinCount"":0,""listCount"":0,""watchlistCount"":0,""favoritePeopleCount"":0,""badgesCount"":2,""interestCount"":0",2021-08-03T23:43:07Z
5,ur157562360,https://www.imdb.com/user/ur157562360/?ref_=tturv_usr_1_t,2022-10-09,2,0,"""reviewCount"":2,""ratingsCount"":0,""checkinCount"":0,""listCount"":0,""watchlistCount"":2,""favoritePeopleCount"":0,""badgesCount"":2,""interestCount"":0",2022-10-09T21:04:51Z
5,ur211931436,https://www.imdb.com/user/ur211931436/?ref_=tturv_usr_1_t,2025-12-26,2,0,"""reviewCount"":2,""ratingsCount"":0,""checkinCount"":0,""listCount"":0,""watchlistCount"":8,""favoritePeopleCount"":0,""badgesCount"":2,""interestCount"":0",2025-12-26T12:57:07Z
5,ur131996895,https://www.imdb.com/user/ur131996895/?ref_=tturv_usr_1_t,2021-05-02,2,768,"""reviewCount"":2,""ratingsCount"":768,""checkinCount"":0,""listCount"":0,""watchlistCount"":0,""favoritePeopleCount"":0,""badgesCount"":2,""interestCount"":0",2021-05-02T17:21:23Z
5,ur192067335,https://www.imdb.com/user/ur192067335/?ref_=tturv_usr_1_t,2024-11-23,1,14,"""reviewCount"":1,""ratingsCount"":14,""checkinCount"":0,""listCount"":0,""watchlistCount"":0,""favoritePeopleCount"":0,""badgesCount"":2,""interestCount"":0",2024-11-23T23:54:22Z
5,ur204450794,https://www.imdb.com/user/ur204450794/?ref_=tturv_usr_1_t,2025-06-28,1,246,"""reviewCount"":1,""ratingsCount"":246,""checkinCount"":0,""listCount"":0,""watchlistCount"":8,""favoritePeopleCount"":0,""badgesCount"":2,""interestCount"":0",2025-06-28T02:17:12Z
5,ur39336421,https://www.imdb.com/user/ur39336421/?ref_=tturv_usr_1_t,2012-12-31,1,0,"""reviewCount"":1,""ratingsCount"":0,""checkinCount"":0,""listCount"":0,""watchlistCount"":0,""favoritePeopleCount"":0,""badgesCount"":2,""interestCount"":0",2012-12-31T20:08:23Z
5,ur208196044,https://www.imdb.com/user/ur208196044/?ref_=tturv_usr_1_t,2025-09-05,1,55,"""reviewCount"":1,""ratingsCount"":55,""checkinCount"":0,""listCount"":0,""watchlistCount"":0,""favoritePeopleCount"":0,""badgesCount"":2,""interestCount"":0",2025-09-05T22:57:59Z
5,ur211925764,https://www.imdb.com/user/ur211925764/?ref_=tturv_usr_1_t,2025-12-26,1,1,"""reviewCount"":1,""ratingsCount"":1,""checkinCount"":0,""listCount"":0,""watchlistCount"":0,""favoritePeopleCount"":0,""badgesCount"":2,""interestCount"":0",2025-12-26T05:50:10Z
5,ur63483154,https://www.imdb.com/user/ur63483154/?ref_=tturv_usr_1_t,2015-10-29,13,0,"""reviewCount"":13,""ratingsCount"":0,""checkinCount"":0,""listCount"":0,""watchlistCount"":0,""favoritePeopleCount"":0,""badgesCount"":2,""interestCount"":0",2015-10-29T12:24:29Z
5,ur190226168,https://www.imdb.com/user/ur190226168/?ref_=tturv_usr_1_t,2024-10-20,1,20,"""reviewCount"":1,""ratingsCount"":20,""checkinCount"":0,""listCount"":0,""watchlistCount"":0,""favoritePeopleCount"":0,""badgesCount"":2,""interestCount"":0",2024-10-20T00:40:18Z
5,ur211924699,https://www.imdb.com/user/ur211924699/?ref_=tturv_usr_1_t,2025-12-26,1,5,"""reviewCount"":1,""ratingsCount"":5,""checkinCount"":0,""listCount"":0,""watchlistCount"":0,""favoritePeopleCount"":0,""badgesCount"":2,""interestCount"":0",2025-12-26T04:13:10Z
6,ur212135960,https://www.imdb.com/user/ur212135960/?ref_=tturv_usr_1_t,2026-01-02,1,22,"""reviewCount"":1,""ratingsCount"":22,""checkinCount"":0,""listCount"":0,""watchlistCount"":10,""favoritePeopleCount"":0,""badgesCount"":1,""interestCount"":0",2026-01-02T00:59:17Z
6,ur212129311,https://www.imdb.com/user/ur212129311/?ref_=tturv_usr_1_t,2026-01-01,1,3,"""reviewCount"":1,""ratingsCount"":3,""checkinCount"":0,""listCount"":0,""watchlistCount"":0,""favoritePeopleCount"":0,""badgesCount"":2,""interestCount"":0",2026-01-01T20:21:56Z
6,ur147560542,https://www.imdb.com/user/ur147560542/?ref_=tturv_usr_1_t,2021-12-25,1,0,"""reviewCount"":1,""ratingsCount"":0,""checkinCount"":0,""listCount"":0,""watchlistCount"":0,""favoritePeopleCount"":0,""badgesCount"":2,""interestCount"":0",2021-12-25T19:04:53Z
6,ur183508879,https://www.imdb.com/user/ur183508879/?ref_=tturv_usr_1_t,2024-06-19,1,2,"""reviewCount"":1,""ratingsCount"":2,""checkinCount"":0,""listCount"":0,""watchlistCount"":0,""favoritePeopleCount"":0,""badgesCount"":2,""interestCount"":0",2024-06-19T01:18:27Z
6,ur212081350,https://www.imdb.com/user/ur212081350/?ref_=tturv_usr_1_t,2025-12-31,2,9,"""reviewCount"":2,""ratingsCount"":9,""checkinCount"":0,""listCount"":0,""watchlistCount"":1,""favoritePeopleCount"":0,""badgesCount"":2,""interestCount"":0",2025-12-31T03:15:55Z
6,ur212080538,https://www.imdb.com/user/ur212080538/?ref_=tturv_usr_1_t,2025-12-31,1,2,"""reviewCount"":1,""ratingsCount"":2,""checkinCount"":0,""listCount"":0,""watchlistCount"":0,""favoritePeopleCount"":0,""badgesCount"":2,""interestCount"":0",2025-12-31T01:39:09Z
6,ur51094543,https://www.imdb.com/user/ur51094543/?ref_=tturv_usr_1_t,2014-03-03,1089,4096,"""reviewCount"":1089,""ratingsCount"":4096,""checkinCount"":0,""listCount"":7,""watchlistCount"":0,""favoritePeopleCount"":0,""badgesCount"":7,""interestCount"":0",2014-03-03T04:45:27Z
6,ur70479081,https://www.imdb.com/user/ur70479081/?ref_=tturv_usr_1_t,2016-12-18,2,0,"""reviewCount"":2,""ratingsCount"":0,""checkinCount"":1,""listCount"":0,""watchlistCount"":0,""favoritePeopleCount"":0,""badgesCount"":2,""interestCount"":0",2016-12-18T06:58:55Z
6,ur116645479,https://www.imdb.com/user/ur116645479/?ref_=tturv_usr_1_t,2020-04-14,6,818,"""reviewCount"":6,""ratingsCount"":818,""checkinCount"":0,""listCount"":1,""watchlistCount"":0,""favoritePeopleCount"":0,""badgesCount"":6,""interestCount"":0",2020-04-14T17:52:23Z
6,ur158703692,https://www.imdb.com/user/ur158703692/?ref_=tturv_usr_1_t,2022-11-11,1,0,"""reviewCount"":1,""ratingsCount"":0,""checkinCount"":0,""listCount"":0,""watchlistCount"":0,""favoritePeopleCount"":0,""badgesCount"":2,""interestCount"":0",2022-11-11T07:59:40Z
6,ur212043447,https://www.imdb.com/user/ur212043447/?ref_=tturv_usr_1_t,2025-12-29,1,30,"""reviewCount"":1,""ratingsCount"":30,""checkinCount"":0,""listCount"":0,""watchlistCount"":0,""favoritePeopleCount"":0,""badgesCount"":2,""interestCount"":0",2025-12-29T21:16:31Z
6,ur201470300,https://www.imdb.com/user/ur201470300/?ref_=tturv_usr_1_t,2025-05-16,2,9,"""reviewCount"":2,""ratingsCount"":9,""checkinCount"":0,""listCount"":0,""watchlistCount"":0,""favoritePeopleCount"":0,""badgesCount"":2,""interestCount"":0",2025-05-16T12:18:02Z
6,ur212044273,https://www.imdb.com/user/ur212044273/?ref_=tturv_usr_1_t,2025-12-29,1,1,"""reviewCount"":1,""ratingsCount"":1,""checkinCount"":0,""listCount"":0,""watchlistCount"":0,""favoritePeopleCount"":0,""badgesCount"":2,""interestCount"":0",2025-12-29T20:41:51Z
6,ur212043340,https://www.imdb.com/user/ur212043340/?ref_=tturv_usr_1_t,2025-12-29,2,2,"""reviewCount"":2,""ratingsCount"":2,""checkinCount"":0,""listCount"":0,""watchlistCount"":0,""favoritePeopleCount"":0,""badgesCount"":2,""interestCount"":0",2025-12-29T20:26:07Z
6,ur157464428,https://www.imdb.com/user/ur157464428/?ref_=tturv_usr_1_t,2022-10-07,2,385,"""reviewCount"":2,""ratingsCount"":385,""checkinCount"":0,""listCount"":0,""watchlistCount"":0,""favoritePeopleCount"":0,""badgesCount"":6,""interestCount"":0",2022-10-07T00:26:00Z
6,ur82584898,https://www.imdb.com/user/ur82584898/?ref_=tturv_usr_1_t,2017-11-22,4,0,"""reviewCount"":4,""ratingsCount"":0,""checkinCount"":0,""listCount"":0,""watchlistCount"":0,""favoritePeopleCount"":0,""badgesCount"":2,""interestCount"":0",2017-11-22T17:01:44Z
6,ur211994692,https://www.imdb.com/user/ur211994692/?ref_=tturv_usr_1_t,2025-12-28,1,2,"""reviewCount"":1,""ratingsCount"":2,""checkinCount"":0,""listCount"":0,""watchlistCount"":0,""favoritePeopleCount"":0,""badgesCount"":2,""interestCount"":0",2025-12-28T15:20:36Z
6,ur209528261,https://www.imdb.com/user/ur209528261/?ref_=tturv_usr_1_t,2025-09-27,3,5,"""reviewCount"":3,""ratingsCount"":5,""checkinCount"":0,""listCount"":0,""watchlistCount"":0,""favoritePeopleCount"":0,""badgesCount"":2,""interestCount"":0",2025-09-27T11:39:59Z
6,ur212031664,https://www.imdb.com/user/ur212031664/?ref_=tturv_usr_1_t,2025-12-29,3,3,"""reviewCount"":3,""ratingsCount"":3,""checkinCount"":0,""listCount"":0,""watchlistCount"":0,""favoritePeopleCount"":0,""badgesCount"":2,""interestCount"":0",2025-12-29T14:45:47Z
6,ur212024629,https://www.imdb.com/user/ur212024629/?ref_=tturv_usr_1_t,2025-12-29,1,1,"""reviewCount"":1,""ratingsCount"":1,""checkinCount"":0,""listCount"":0,""watchlistCount"":0,""favoritePeopleCount"":0,""badgesCount"":2,""interestCount"":0",2025-12-29T09:31:39Z
6,ur151207401,https://www.imdb.com/user/ur151207401/?ref_=tturv_usr_1_t,2022-03-17,1,0,"""reviewCount"":1,""ratingsCount"":0,""checkinCount"":0,""listCount"":0,""watchlistCount"":0,""favoritePeopleCount"":0,""badgesCount"":2,""interestCount"":0",2022-03-17T20:46:59Z
6,ur211945730,https://www.imdb.com/user/ur211945730/?ref_=tturv_usr_1_t,2025-12-26,1,9,"""reviewCount"":1,""ratingsCount"":9,""checkinCount"":0,""listCount"":0,""watchlistCount"":0,""favoritePeopleCount"":0,""badgesCount"":2,""interestCount"":0",2025-12-26T23:21:21Z
6,ur161239838,https://www.imdb.com/user/ur161239838/?ref_=tturv_usr_1_t,2023-01-17,1,0,"""reviewCount"":1,""ratingsCount"":0,""checkinCount"":0,""listCount"":0,""watchlistCount"":0,""favoritePeopleCount"":0,""badgesCount"":2,""interestCount"":0",2023-01-17T16:09:25Z
6,ur211427790,https://www.imdb.com/user/ur211427790/?ref_=tturv_usr_1_t,2025-11-30,1,3,"""reviewCount"":1,""ratingsCount"":3,""checkinCount"":0,""listCount"":0,""watchlistCount"":0,""favoritePeopleCount"":0,""badgesCount"":2,""interestCount"":0",2025-11-30T06:29:07Z
6,ur105789450,https://www.imdb.com/user/ur105789450/?ref_=tturv_usr_1_t,2019-07-23,1,0,"""reviewCount"":1,""ratingsCount"":0,""checkinCount"":0,""listCount"":0,""watchlistCount"":0,""favoritePeopleCount"":0,""badgesCount"":2,""interestCount"":0",2019-07-23T14:53:52Z
6,ur191325132,https://www.imdb.com/user/ur191325132/?ref_=tturv_usr_1_t,2024-11-10,1,18,"""reviewCount"":1,""ratingsCount"":18,""checkinCount"":0,""listCount"":0,""watchlistCount"":10,""favoritePeopleCount"":0,""badgesCount"":2,""interestCount"":0",2024-11-10T03:55:30Z
6,ur212004733,https://www.imdb.com/user/ur212004733/?ref_=tturv_usr_1_t,2025-12-28,1,8,"""reviewCount"":1,""ratingsCount"":8,""checkinCount"":0,""listCount"":0,""watchlistCount"":0,""favoritePeopleCount"":0,""badgesCount"":2,""interestCount"":0",2025-12-28T20:37:23Z
6,ur212003953,https://www.imdb.com/user/ur212003953/?ref_=tturv_usr_1_t,2025-12-28,2,8,"""reviewCount"":2,""ratingsCount"":8,""checkinCount"":0,""listCount"":0,""watchlistCount"":1,""favoritePeopleCount"":0,""badgesCount"":2,""interestCount"":0",2025-12-28T20:01:03Z
6,ur206371296,https://www.imdb.com/user/ur206371296/?ref_=tturv_usr_1_t,2025-08-02,26,86,"""reviewCount"":26,""ratingsCount"":86,""checkinCount"":0,""listCount"":4,""watchlistCount"":0,""favoritePeopleCount"":11,""badgesCount"":2,""interestCount"":0",2025-08-02T00:58:22Z
6,ur207709123,https://www.imdb.com/user/ur207709123/?ref_=tturv_usr_1_t,2025-08-28,4,17,"""reviewCount"":4,""ratingsCount"":17,""checkinCount"":0,""listCount"":0,""watchlistCount"":0,""favoritePeopleCount"":0,""badgesCount"":2,""interestCount"":0",2025-08-28T03:31:29Z
6,ur192392549,https://www.imdb.com/user/ur192392549/?ref_=tturv_usr_1_t,2024-11-30,143,1011,"""reviewCount"":143,""ratingsCount"":1011,""checkinCount"":0,""listCount"":89,""watchlistCount"":192,""favoritePeopleCount"":0,""badgesCount"":2,""interestCount"":0",2024-11-30T11:30:40Z
6,ur211999211,https://www.imdb.com/user/ur211999211/?ref_=tturv_usr_1_t,2025-12-28,1,2,"""reviewCount"":1,""ratingsCount"":2,""checkinCount"":0,""listCount"":0,""watchlistCount"":0,""favoritePeopleCount"":0,""badgesCount"":2,""interestCount"":0",2025-12-28T17:44:23Z
6,ur211998220,https://www.imdb.com/user/ur211998220/?ref_=tturv_usr_1_t,2025-12-28,1,18,"""reviewCount"":1,""ratingsCount"":18,""checkinCount"":0,""listCount"":0,""watchlistCount"":0,""favoritePeopleCount"":0,""badgesCount"":2,""interestCount"":0",2025-12-28T17:15:26Z
6,ur0278527,https://www.imdb.com/user/ur0278527/?ref_=tturv_usr_1_t,1999-03-18,17799,17859,"""reviewCount"":17799,""ratingsCount"":17859,""checkinCount"":0,""listCount"":0,""watchlistCount"":0,""favoritePeopleCount"":0,""badgesCount"":23,""interestCount"":0",1999-03-18T15:33:15Z
6,ur199023143,https://www.imdb.com/user/ur199023143/?ref_=tturv_usr_1_t,2025-03-29,1,2,"""reviewCount"":1,""ratingsCount"":2,""checkinCount"":0,""listCount"":0,""watchlistCount"":0,""favoritePeopleCount"":0,""badgesCount"":2,""interestCount"":0",2025-03-29T15:20:43Z
6,ur211995552,https://www.imdb.com/user/ur211995552/?ref_=tturv_usr_1_t,2025-12-28,2,2,"""reviewCount"":2,""ratingsCount"":2,""checkinCount"":0,""listCount"":0,""watchlistCount"":0,""favoritePeopleCount"":0,""badgesCount"":2,""interestCount"":0",2025-12-28T15:44:39Z
6,ur126495065,https://www.imdb.com/user/ur126495065/?ref_=tturv_usr_1_t,2020-11-21,4,0,"""reviewCount"":4,""ratingsCount"":0,""checkinCount"":0,""listCount"":0,""watchlistCount"":0,""favoritePeopleCount"":0,""badgesCount"":2,""interestCount"":0",2020-11-21T13:55:56Z
6,ur211412811,https://www.imdb.com/user/ur211412811/?ref_=tturv_usr_1_t,2025-11-29,1,20,"""reviewCount"":1,""ratingsCount"":20,""checkinCount"":0,""listCount"":0,""watchlistCount"":0,""favoritePeopleCount"":0,""badgesCount"":2,""interestCount"":0",2025-11-29T13:13:54Z
6,ur211994708,https://www.imdb.com/user/ur211994708/?ref_=tturv_usr_1_t,2025-12-28,1,3,"""reviewCount"":1,""ratingsCount"":3,""checkinCount"":0,""listCount"":0,""watchlistCount"":1,""favoritePeopleCount"":0,""badgesCount"":2,""interestCount"":0",2025-12-28T15:03:45Z
6,ur199559563,https://www.imdb.com/user/ur199559563/?ref_=tturv_usr_1_t,2025-04-07,1,10,"""reviewCount"":1,""ratingsCount"":10,""checkinCount"":0,""listCount"":0,""watchlistCount"":0,""favoritePeopleCount"":0,""badgesCount"":2,""interestCount"":0",2025-04-07T23:28:38Z
6,ur142954814,https://www.imdb.com/user/ur142954814/?ref_=tturv_usr_1_t,2021-11-09,1,0,"""reviewCount"":1,""ratingsCount"":0,""checkinCount"":0,""listCount"":0,""watchlistCount"":0,""favoritePeopleCount"":0,""badgesCount"":2,""interestCount"":0",2021-11-09T15:13:32Z
6,ur158985849,https://www.imdb.com/user/ur158985849/?ref_=tturv_usr_1_t,2022-11-19,1,0,"""reviewCount"":1,""ratingsCount"":0,""checkinCount"":0,""listCount"":0,""watchlistCount"":0,""favoritePeopleCount"":0,""badgesCount"":2,""interestCount"":0",2022-11-19T02:59:08Z
6,ur147361169,https://www.imdb.com/user/ur147361169/?ref_=tturv_usr_1_t,2021-12-19,2,0,"""reviewCount"":2,""ratingsCount"":0,""checkinCount"":0,""listCount"":0,""watchlistCount"":0,""favoritePeopleCount"":0,""badgesCount"":2,""interestCount"":0",2021-12-19T13:16:18Z
6,ur101242354,https://www.imdb.com/user/ur101242354/?ref_=tturv_usr_1_t,2019-04-03,1,0,"""reviewCount"":1,""ratingsCount"":0,""checkinCount"":0,""listCount"":0,""watchlistCount"":0,""favoritePeopleCount"":0,""badgesCount"":2,""interestCount"":0",2019-04-03T17:22:19Z
6,ur32842171,https://www.imdb.com/user/ur32842171/?ref_=tturv_usr_1_t,2012-04-01,20,0,"""reviewCount"":20,""ratingsCount"":0,""checkinCount"":0,""listCount"":0,""watchlistCount"":0,""favoritePeopleCount"":0,""badgesCount"":2,""interestCount"":0",2012-04-01T05:04:46Z
6,ur203413010,https://www.imdb.com/user/ur203413010/?ref_=tturv_usr_1_t,2025-06-05,1,1,"""reviewCount"":1,""ratingsCount"":1,""checkinCount"":0,""listCount"":0,""watchlistCount"":0,""favoritePeopleCount"":0,""badgesCount"":2,""interestCount"":0",2025-06-05T00:30:08Z
6,ur211979645,https://www.imdb.com/user/ur211979645/?ref_=tturv_usr_1_t,2025-12-28,1,3,"""reviewCount"":1,""ratingsCount"":3,""checkinCount"":0,""listCount"":0,""watchlistCount"":0,""favoritePeopleCount"":0,""badgesCount"":2,""interestCount"":0",2025-12-28T04:18:21Z
6,ur83644852,https://www.imdb.com/user/ur83644852/?ref_=tturv_usr_1_t,2017-12-25,3,0,"""reviewCount"":3,""ratingsCount"":0,""checkinCount"":0,""listCount"":0,""watchlistCount"":0,""favoritePeopleCount"":0,""badgesCount"":2,""interestCount"":0",2017-12-25T20:43:44Z
6,ur211942707,https://www.imdb.com/user/ur211942707/?ref_=tturv_usr_1_t,2025-12-26,1,0,"""reviewCount"":1,""ratingsCount"":0,""checkinCount"":0,""listCount"":0,""watchlistCount"":1,""favoritePeopleCount"":0,""badgesCount"":2,""interestCount"":0",2025-12-26T23:20:20Z
6,ur204683203,https://www.imdb.com/user/ur204683203/?ref_=tturv_usr_1_t,2025-07-02,1,111,"""reviewCount"":1,""ratingsCount"":111,""checkinCount"":0,""listCount"":0,""watchlistCount"":0,""favoritePeopleCount"":0,""badgesCount"":2,""interestCount"":0",2025-07-02T20:29:13Z
6,ur52419315,https://www.imdb.com/user/ur52419315/?ref_=tturv_usr_1_t,2014-04-30,1,0,"""reviewCount"":1,""ratingsCount"":0,""checkinCount"":0,""listCount"":0,""watchlistCount"":0,""favoritePeopleCount"":0,""badgesCount"":2,""interestCount"":0",2014-04-30T15:40:26Z
6,ur211970484,https://www.imdb.com/user/ur211970484/?ref_=tturv_usr_1_t,2025-12-27,1,11,"""reviewCount"":1,""ratingsCount"":11,""checkinCount"":0,""listCount"":0,""watchlistCount"":0,""favoritePeopleCount"":0,""badgesCount"":2,""interestCount"":0",2025-12-27T21:42:57Z
6,ur207660259,https://www.imdb.com/user/ur207660259/?ref_=tturv_usr_1_t,2025-08-27,1,6,"""reviewCount"":1,""ratingsCount"":6,""checkinCount"":0,""listCount"":0,""watchlistCount"":21,""favoritePeopleCount"":0,""badgesCount"":2,""interestCount"":0",2025-08-27T02:05:00Z
6,ur126803653,https://www.imdb.com/user/ur126803653/?ref_=tturv_usr_1_t,2020-11-30,1,80,"""reviewCount"":1,""ratingsCount"":80,""checkinCount"":0,""listCount"":0,""watchlistCount"":0,""favoritePeopleCount"":0,""badgesCount"":2,""interestCount"":0",2020-11-30T21:20:48Z
6,ur211933760,https://www.imdb.com/user/ur211933760/?ref_=tturv_usr_1_t,2025-12-26,1,4,"""reviewCount"":1,""ratingsCount"":4,""checkinCount"":0,""listCount"":0,""watchlistCount"":0,""favoritePeopleCount"":0,""badgesCount"":2,""interestCount"":0",2025-12-26T15:12:46Z
6,ur211971310,https://www.imdb.com/user/ur211971310/?ref_=tturv_usr_1_t,2025-12-27,1,2,"""reviewCount"":1,""ratingsCount"":2,""checkinCount"":0,""listCount"":0,""watchlistCount"":0,""favoritePeopleCount"":0,""badgesCount"":2,""interestCount"":0",2025-12-27T21:11:56Z
6,ur178233190,https://www.imdb.com/user/ur178233190/?ref_=tturv_usr_1_t,2024-03-02,32,254,"""reviewCount"":32,""ratingsCount"":254,""checkinCount"":0,""listCount"":1,""watchlistCount"":0,""favoritePeopleCount"":0,""badgesCount"":2,""interestCount"":0",2024-03-02T22:51:16Z
6,ur135445800,https://www.imdb.com/user/ur135445800/?ref_=tturv_usr_1_t,2021-08-11,110,0,"""reviewCount"":110,""ratingsCount"":0,""checkinCount"":0,""listCount"":0,""watchlistCount"":0,""favoritePeopleCount"":0,""badgesCount"":3,""interestCount"":0",2021-08-11T02:44:18Z
6,ur211967327,https://www.imdb.com/user/ur211967327/?ref_=tturv_usr_1_t,2025-12-27,1,2,"""reviewCount"":1,""ratingsCount"":2,""checkinCount"":0,""listCount"":0,""watchlistCount"":0,""favoritePeopleCount"":0,""badgesCount"":2,""interestCount"":0",2025-12-27T19:13:44Z
6,ur211933957,https://www.imdb.com/user/ur211933957/?ref_=tturv_usr_1_t,2025-12-26,2,23,"""reviewCount"":2,""ratingsCount"":23,""checkinCount"":0,""listCount"":0,""watchlistCount"":1,""favoritePeopleCount"":0,""badgesCount"":2,""interestCount"":0",2025-12-26T15:29:45Z
6,ur53339151,https://www.imdb.com/user/ur53339151/?ref_=tturv_usr_1_t,2014-06-12,5,0,"""reviewCount"":5,""ratingsCount"":0,""checkinCount"":0,""listCount"":0,""watchlistCount"":0,""favoritePeopleCount"":0,""badgesCount"":4,""interestCount"":0",2014-06-12T20:05:17Z
6,ur211965690,https://www.imdb.com/user/ur211965690/?ref_=tturv_usr_1_t,2025-12-27,2,1,"""reviewCount"":2,""ratingsCount"":1,""checkinCount"":0,""listCount"":0,""watchlistCount"":0,""favoritePeopleCount"":0,""badgesCount"":2,""interestCount"":0",2025-12-27T17:44:16Z
6,ur30713384,https://www.imdb.com/user/ur30713384/?ref_=tturv_usr_1_t,2012-01-20,2,0,"""reviewCount"":2,""ratingsCount"":0,""checkinCount"":0,""listCount"":0,""watchlistCount"":0,""favoritePeopleCount"":0,""badgesCount"":2,""interestCount"":0",2012-01-20T20:48:12Z
6,ur211958891,https://www.imdb.com/user/ur211958891/?ref_=tturv_usr_1_t,2025-12-27,1,1,"""reviewCount"":1,""ratingsCount"":1,""checkinCount"":0,""listCount"":0,""watchlistCount"":0,""favoritePeopleCount"":0,""badgesCount"":2,""interestCount"":0",2025-12-27T11:25:27Z
6,ur197811647,https://www.imdb.com/user/ur197811647/?ref_=tturv_usr_1_t,2025-03-05,1,19,"""reviewCount"":1,""ratingsCount"":19,""checkinCount"":0,""listCount"":0,""watchlistCount"":0,""favoritePeopleCount"":0,""badgesCount"":2,""interestCount"":0",2025-03-05T10:45:41Z
6,ur149602993,https://www.imdb.com/user/ur149602993/?ref_=tturv_usr_1_t,2022-02-06,4,901,"""reviewCount"":4,""ratingsCount"":901,""checkinCount"":0,""listCount"":3,""watchlistCount"":0,""favoritePeopleCount"":0,""badgesCount"":5,""interestCount"":0",2022-02-06T06:37:20Z
6,ur147633322,https://www.imdb.com/user/ur147633322/?ref_=tturv_usr_1_t,2021-12-27,1,0,"""reviewCount"":1,""ratingsCount"":0,""checkinCount"":0,""listCount"":0,""watchlistCount"":0,""favoritePeopleCount"":0,""badgesCount"":2,""interestCount"":0",2021-12-27T19:01:08Z
6,ur211950722,https://www.imdb.com/user/ur211950722/?ref_=tturv_usr_1_t,2025-12-27,2,2,"""reviewCount"":2,""ratingsCount"":2,""checkinCount"":0,""listCount"":0,""watchlistCount"":0,""favoritePeopleCount"":0,""badgesCount"":2,""interestCount"":0",2025-12-27T03:49:42Z
6,ur178833544,https://www.imdb.com/user/ur178833544/?ref_=tturv_usr_1_t,2024-03-16,2,57,"""reviewCount"":2,""ratingsCount"":57,""checkinCount"":0,""listCount"":1,""watchlistCount"":122,""favoritePeopleCount"":0,""badgesCount"":2,""interestCount"":0",2024-03-16T04:36:37Z
6,ur211948986,https://www.imdb.com/user/ur211948986/?ref_=tturv_usr_1_t,2025-12-27,1,7,"""reviewCount"":1,""ratingsCount"":7,""checkinCount"":0,""listCount"":0,""watchlistCount"":0,""favoritePeopleCount"":0,""badgesCount"":2,""interestCount"":0",2025-12-27T02:56:56Z
6,ur199117269,https://www.imdb.com/user/ur199117269/?ref_=tturv_usr_1_t,2025-03-31,2,4,"""reviewCount"":2,""ratingsCount"":4,""checkinCount"":0,""listCount"":0,""watchlistCount"":0,""favoritePeopleCount"":0,""badgesCount"":2,""interestCount"":0",2025-03-31T04:35:01Z
6,ur197506604,https://www.imdb.com/user/ur197506604/?ref_=tturv_usr_1_t,2025-02-26,3,5,"""reviewCount"":3,""ratingsCount"":5,""checkinCount"":0,""listCount"":0,""watchlistCount"":0,""favoritePeopleCount"":0,""badgesCount"":2,""interestCount"":0",2025-02-26T14:54:19Z
6,ur177995371,https://www.imdb.com/user/ur177995371/?ref_=tturv_usr_1_t,2024-02-26,2,0,"""reviewCount"":2,""ratingsCount"":0,""checkinCount"":0,""listCount"":2,""watchlistCount"":0,""favoritePeopleCount"":0,""badgesCount"":2,""interestCount"":0",2024-02-26T17:30:33Z
6,ur211944460,https://www.imdb.com/user/ur211944460/?ref_=tturv_usr_1_t,2025-12-26,1,2,"""reviewCount"":1,""ratingsCount"":2,""checkinCount"":0,""listCount"":0,""watchlistCount"":0,""favoritePeopleCount"":0,""badgesCount"":2,""interestCount"":0",2025-12-26T22:34:34Z
6,ur163575764,https://www.imdb.com/user/ur163575764/?ref_=tturv_usr_1_t,2023-03-21,1,0,"""reviewCount"":1,""ratingsCount"":0,""checkinCount"":0,""listCount"":0,""watchlistCount"":0,""favoritePeopleCount"":0,""badgesCount"":2,""interestCount"":0",2023-03-21T16:32:10Z
6,ur211939661,https://www.imdb.com/user/ur211939661/?ref_=tturv_usr_1_t,2025-12-26,3,23,"""reviewCount"":3,""ratingsCount"":23,""checkinCount"":0,""listCount"":0,""watchlistCount"":2,""favoritePeopleCount"":0,""badgesCount"":2,""interestCount"":0",2025-12-26T19:04:59Z
6,ur173582047,https://www.imdb.com/user/ur173582047/?ref_=tturv_usr_1_t,2023-12-03,2,0,"""reviewCount"":2,""ratingsCount"":0,""checkinCount"":0,""listCount"":0,""watchlistCount"":0,""favoritePeopleCount"":0,""badgesCount"":2,""interestCount"":0",2023-12-03T04:17:45Z
6,ur147361169,https://www.imdb.com/user/ur147361169/?ref_=tturv_usr_1_t,2021-12-19,2,0,"""reviewCount"":2,""ratingsCount"":0,""checkinCount"":0,""listCount"":0,""watchlistCount"":0,""favoritePeopleCount"":0,""badgesCount"":2,""interestCount"":0",2021-12-19T13:16:18Z
6,ur147693752,https://www.imdb.com/user/ur147693752/?ref_=tturv_usr_1_t,2021-12-29,5,0,"""reviewCount"":5,""ratingsCount"":0,""checkinCount"":0,""listCount"":0,""watchlistCount"":0,""favoritePeopleCount"":0,""badgesCount"":2,""interestCount"":0",2021-12-29T14:27:17Z
6,ur211934332,https://www.imdb.com/user/ur211934332/?ref_=tturv_usr_1_t,2025-12-26,5,6,"""reviewCount"":5,""ratingsCount"":6,""checkinCount"":0,""listCount"":0,""watchlistCount"":5,""favoritePeopleCount"":0,""badgesCount"":2,""interestCount"":0",2025-12-26T15:11:43Z
6,ur173244222,https://www.imdb.com/user/ur173244222/?ref_=tturv_usr_1_t,2023-11-25,1,0,"""reviewCount"":1,""ratingsCount"":0,""checkinCount"":0,""listCount"":0,""watchlistCount"":0,""favoritePeopleCount"":0,""badgesCount"":2,""interestCount"":0",2023-11-25T20:52:25Z
6,ur211933957,https://www.imdb.com/user/ur211933957/?ref_=tturv_usr_1_t,2025-12-26,2,23,"""reviewCount"":2,""ratingsCount"":23,""checkinCount"":0,""listCount"":0,""watchlistCount"":1,""favoritePeopleCount"":0,""badgesCount"":2,""interestCount"":0",2025-12-26T15:29:45Z
6,ur152212055,https://www.imdb.com/user/ur152212055/?ref_=tturv_usr_1_t,2022-04-20,2,0,"""reviewCount"":2,""ratingsCount"":0,""checkinCount"":0,""listCount"":0,""watchlistCount"":0,""favoritePeopleCount"":0,""badgesCount"":2,""interestCount"":0",2022-04-20T22:21:29Z
6,ur201614836,https://www.imdb.com/user/ur201614836/?ref_=tturv_usr_1_t,2025-05-19,4,543,"""reviewCount"":4,""ratingsCount"":543,""checkinCount"":0,""listCount"":1,""watchlistCount"":4,""favoritePeopleCount"":0,""badgesCount"":2,""interestCount"":0",2025-05-19T03:39:56Z
6,ur124449812,https://www.imdb.com/user/ur124449812/?ref_=tturv_usr_1_t,2020-09-20,7,0,"""reviewCount"":7,""ratingsCount"":0,""checkinCount"":0,""listCount"":0,""watchlistCount"":0,""favoritePeopleCount"":0,""badgesCount"":2,""interestCount"":0",2020-09-20T16:49:25Z
6,ur211933132,https://www.imdb.com/user/ur211933132/?ref_=tturv_usr_1_t,2025-12-26,1,1,"""reviewCount"":1,""ratingsCount"":1,""checkinCount"":0,""listCount"":0,""watchlistCount"":0,""favoritePeopleCount"":0,""badgesCount"":2,""interestCount"":0",2025-12-26T13:58:14Z
6,ur119062668,https://www.imdb.com/user/ur119062668/?ref_=tturv_usr_1_t,2020-05-28,2,0,"""reviewCount"":2,""ratingsCount"":0,""checkinCount"":0,""listCount"":0,""watchlistCount"":0,""favoritePeopleCount"":0,""badgesCount"":2,""interestCount"":0",2020-05-28T16:07:09Z
6,ur30774546,https://www.imdb.com/user/ur30774546/?ref_=tturv_usr_1_t,2012-01-22,78,0,"""reviewCount"":78,""ratingsCount"":0,""checkinCount"":0,""listCount"":0,""watchlistCount"":0,""favoritePeopleCount"":0,""badgesCount"":9,""interestCount"":0",2012-01-22T16:03:30Z
6,ur101175594,https://www.imdb.com/user/ur101175594/?ref_=tturv_usr_1_t,2019-04-01,1,0,"""reviewCount"":1,""ratingsCount"":0,""checkinCount"":0,""listCount"":0,""watchlistCount"":0,""favoritePeopleCount"":0,""badgesCount"":2,""interestCount"":0",2019-04-01T22:25:54Z
6,ur134901928,https://www.imdb.com/user/ur134901928/?ref_=tturv_usr_1_t,2021-07-23,1,0,"""reviewCount"":1,""ratingsCount"":0,""checkinCount"":0,""listCount"":2,""watchlistCount"":0,""favoritePeopleCount"":0,""badgesCount"":2,""interestCount"":0",2021-07-23T22:02:53Z
6,ur83316413,https://www.imdb.com/user/ur83316413/?ref_=tturv_usr_1_t,2017-12-16,186,752,"""reviewCount"":186,""ratingsCount"":752,""checkinCount"":1,""listCount"":1,""watchlistCount"":0,""favoritePeopleCount"":0,""badgesCount"":3,""interestCount"":0",2017-12-16T06:34:23Z
6,ur126218358,https://www.imdb.com/user/ur126218358/?ref_=tturv_usr_1_t,2020-11-13,2,0,"""reviewCount"":2,""ratingsCount"":0,""checkinCount"":0,""listCount"":0,""watchlistCount"":0,""favoritePeopleCount"":0,""badgesCount"":2,""interestCount"":0",2020-11-13T20:45:58Z
6,ur147329154,https://www.imdb.com/user/ur147329154/?ref_=tturv_usr_1_t,2021-12-18,9,0,"""reviewCount"":9,""ratingsCount"":0,""checkinCount"":0,""listCount"":0,""watchlistCount"":0,""favoritePeopleCount"":0,""badgesCount"":2,""interestCount"":0",2021-12-18T16:24:22Z
6,ur118509515,https://www.imdb.com/user/ur118509515/?ref_=tturv_usr_1_t,2020-05-16,24,0,"""reviewCount"":24,""ratingsCount"":0,""checkinCount"":0,""listCount"":0,""watchlistCount"":0,""favoritePeopleCount"":0,""badgesCount"":3,""interestCount"":0",2020-05-16T23:15:19Z
6,ur193796697,https://www.imdb.com/user/ur193796697/?ref_=tturv_usr_1_t,2024-12-24,5,753,"""reviewCount"":5,""ratingsCount"":753,""checkinCount"":0,""listCount"":7,""watchlistCount"":849,""favoritePeopleCount"":0,""badgesCount"":3,""interestCount"":0",2024-12-24T03:49:23Z
6,ur211924890,https://www.imdb.com/user/ur211924890/?ref_=tturv_usr_1_t,2025-12-26,1,3,"""reviewCount"":1,""ratingsCount"":3,""checkinCount"":0,""listCount"":0,""watchlistCount"":0,""favoritePeopleCount"":0,""badgesCount"":2,""interestCount"":0",2025-12-26T04:42:36Z
6,ur211923937,https://www.imdb.com/user/ur211923937/?ref_=tturv_usr_1_t,2025-12-26,1,1,"""reviewCount"":1,""ratingsCount"":1,""checkinCount"":0,""listCount"":0,""watchlistCount"":0,""favoritePeopleCount"":0,""badgesCount"":2,""interestCount"":0",2025-12-26T04:37:28Z
6,ur171217864,https://www.imdb.com/user/ur171217864/?ref_=tturv_usr_1_t,2023-10-07,1,0,"""reviewCount"":1,""ratingsCount"":0,""checkinCount"":0,""listCount"":0,""watchlistCount"":0,""favoritePeopleCount"":0,""badgesCount"":2,""interestCount"":0",2023-10-07T09:38:36Z
7,ur54646067,https://www.imdb.com/user/ur54646067/?ref_=tturv_usr_1_t,2014-08-16,2,0,"""reviewCount"":2,""ratingsCount"":0,""checkinCount"":0,""listCount"":0,""watchlistCount"":0,""favoritePeopleCount"":0,""badgesCount"":1,""interestCount"":0",2014-08-16T04:00:33Z
7,ur210708174,https://www.imdb.com/user/ur210708174/?ref_=tturv_usr_1_t,2025-10-22,2,516,"""reviewCount"":2,""ratingsCount"":516,""checkinCount"":0,""listCount"":0,""watchlistCount"":0,""favoritePeopleCount"":0,""badgesCount"":3,""interestCount"":0",2025-10-22T21:36:25Z
7,ur185077739,https://www.imdb.com/user/ur185077739/?ref_=tturv_usr_1_t,2024-07-16,1,156,"""reviewCount"":1,""ratingsCount"":156,""checkinCount"":0,""listCount"":0,""watchlistCount"":71,""favoritePeopleCount"":0,""badgesCount"":2,""interestCount"":0",2024-07-16T16:46:13Z
7,ur134813274,https://www.imdb.com/user/ur134813274/?ref_=tturv_usr_1_t,2021-07-21,12,0,"""reviewCount"":12,""ratingsCount"":0,""checkinCount"":0,""listCount"":0,""watchlistCount"":0,""favoritePeopleCount"":0,""badgesCount"":2,""interestCount"":0",2021-07-21T05:24:04Z
7,ur3134044,https://www.imdb.com/user/ur3134044/?ref_=tturv_usr_1_t,2004-02-24,7,912,"""reviewCount"":7,""ratingsCount"":912,""checkinCount"":7,""listCount"":0,""watchlistCount"":0,""favoritePeopleCount"":0,""badgesCount"":4,""interestCount"":0",2020-04-03T00:11:00Z
7,ur212145590,https://www.imdb.com/user/ur212145590/?ref_=tturv_usr_1_t,2026-01-02,2,2,"""reviewCount"":2,""ratingsCount"":2,""checkinCount"":0,""listCount"":0,""watchlistCount"":0,""favoritePeopleCount"":0,""badgesCount"":2,""interestCount"":0",2026-01-02T10:35:08Z
7,ur68488959,https://www.imdb.com/user/ur68488959/?ref_=tturv_usr_1_t,2016-08-25,64,0,"""reviewCount"":64,""ratingsCount"":0,""checkinCount"":0,""listCount"":0,""watchlistCount"":0,""favoritePeopleCount"":0,""badgesCount"":2,""interestCount"":0",2016-08-25T19:18:53Z
7,ur107991926,https://www.imdb.com/user/ur107991926/?ref_=tturv_usr_1_t,2019-09-22,2,0,"""reviewCount"":2,""ratingsCount"":0,""checkinCount"":0,""listCount"":0,""watchlistCount"":0,""favoritePeopleCount"":0,""badgesCount"":2,""interestCount"":0",2019-09-22T20:35:46Z
7,ur212105197,https://www.imdb.com/user/ur212105197/?ref_=tturv_usr_1_t,2026-01-01,2,2,"""reviewCount"":2,""ratingsCount"":2,""checkinCount"":0,""listCount"":0,""watchlistCount"":0,""favoritePeopleCount"":0,""badgesCount"":2,""interestCount"":0",2026-01-01T05:49:55Z
7,ur170223110,https://www.imdb.com/user/ur170223110/?ref_=tturv_usr_1_t,2023-09-08,2,0,"""reviewCount"":2,""ratingsCount"":0,""checkinCount"":0,""listCount"":0,""watchlistCount"":0,""favoritePeopleCount"":0,""badgesCount"":2,""interestCount"":0",2023-09-08T01:51:04Z
7,ur212093847,https://www.imdb.com/user/ur212093847/?ref_=tturv_usr_1_t,2025-12-31,1,2,"""reviewCount"":1,""ratingsCount"":2,""checkinCount"":0,""listCount"":0,""watchlistCount"":0,""favoritePeopleCount"":0,""badgesCount"":2,""interestCount"":0",2025-12-31T20:50:44Z
7,ur212092682,https://www.imdb.com/user/ur212092682/?ref_=tturv_usr_1_t,2025-12-31,2,4,"""reviewCount"":2,""ratingsCount"":4,""checkinCount"":0,""listCount"":0,""watchlistCount"":0,""favoritePeopleCount"":0,""badgesCount"":2,""interestCount"":0",2025-12-31T18:09:03Z
7,ur68468051,https://www.imdb.com/user/ur68468051/?ref_=tturv_usr_1_t,2016-08-24,1,0,"""reviewCount"":1,""ratingsCount"":0,""checkinCount"":0,""listCount"":0,""watchlistCount"":0,""favoritePeopleCount"":0,""badgesCount"":2,""interestCount"":0",2016-08-24T07:46:21Z
7,ur211712109,https://www.imdb.com/user/ur211712109/?ref_=tturv_usr_1_t,2025-12-15,3,9,"""reviewCount"":3,""ratingsCount"":9,""checkinCount"":0,""listCount"":0,""watchlistCount"":4,""favoritePeopleCount"":0,""badgesCount"":2,""interestCount"":0",2025-12-15T13:13:18Z
7,ur120807098,https://www.imdb.com/user/ur120807098/?ref_=tturv_usr_1_t,2020-07-10,1,0,"""reviewCount"":1,""ratingsCount"":0,""checkinCount"":0,""listCount"":0,""watchlistCount"":0,""favoritePeopleCount"":0,""badgesCount"":2,""interestCount"":0",2020-07-10T05:14:06Z
7,ur205433633,https://www.imdb.com/user/ur205433633/?ref_=tturv_usr_1_t,2025-07-17,3,33,"""reviewCount"":3,""ratingsCount"":33,""checkinCount"":0,""listCount"":0,""watchlistCount"":3,""favoritePeopleCount"":0,""badgesCount"":2,""interestCount"":0",2025-07-17T23:54:38Z
7,ur199075869,https://www.imdb.com/user/ur199075869/?ref_=tturv_usr_1_t,2025-03-30,1,5,"""reviewCount"":1,""ratingsCount"":5,""checkinCount"":0,""listCount"":0,""watchlistCount"":0,""favoritePeopleCount"":0,""badgesCount"":2,""interestCount"":0",2025-03-30T12:09:15Z
7,ur212065878,https://www.imdb.com/user/ur212065878/?ref_=tturv_usr_1_t,2025-12-30,1,1,"""reviewCount"":1,""ratingsCount"":1,""checkinCount"":0,""listCount"":0,""watchlistCount"":0,""favoritePeopleCount"":0,""badgesCount"":2,""interestCount"":0",2025-12-30T14:57:15Z
7,ur128003661,https://www.imdb.com/user/ur128003661/?ref_=tturv_usr_1_t,2021-01-06,1,0,"""reviewCount"":1,""ratingsCount"":0,""checkinCount"":0,""listCount"":0,""watchlistCount"":0,""favoritePeopleCount"":0,""badgesCount"":2,""interestCount"":0",2021-01-06T17:58:54Z
7,ur201887818,https://www.imdb.com/user/ur201887818/?ref_=tturv_usr_1_t,2025-05-24,1,32,"""reviewCount"":1,""ratingsCount"":32,""checkinCount"":0,""listCount"":0,""watchlistCount"":0,""favoritePeopleCount"":0,""badgesCount"":2,""interestCount"":0",2025-05-24T18:20:15Z
7,ur200725080,https://www.imdb.com/user/ur200725080/?ref_=tturv_usr_1_t,2025-04-30,1,148,"""reviewCount"":1,""ratingsCount"":148,""checkinCount"":0,""listCount"":1,""watchlistCount"":14,""favoritePeopleCount"":0,""badgesCount"":2,""interestCount"":0",2025-04-30T20:03:30Z
7,ur14729628,https://www.imdb.com/user/ur14729628/?ref_=tturv_usr_1_t,2007-03-24,17,0,"""reviewCount"":17,""ratingsCount"":0,""checkinCount"":0,""listCount"":0,""watchlistCount"":0,""favoritePeopleCount"":0,""badgesCount"":4,""interestCount"":0",2007-03-24T01:46:26Z
7,ur192101346,https://www.imdb.com/user/ur192101346/?ref_=tturv_usr_1_t,2024-11-24,1,51,"""reviewCount"":1,""ratingsCount"":51,""checkinCount"":0,""listCount"":0,""watchlistCount"":0,""favoritePeopleCount"":0,""badgesCount"":4,""interestCount"":0",2024-11-24T15:13:14Z
7,ur212049729,https://www.imdb.com/user/ur212049729/?ref_=tturv_usr_1_t,2025-12-29,1,3,"""reviewCount"":1,""ratingsCount"":3,""checkinCount"":0,""listCount"":0,""watchlistCount"":0,""favoritePeopleCount"":0,""badgesCount"":2,""interestCount"":0",2025-12-29T23:21:28Z
7,ur212047101,https://www.imdb.com/user/ur212047101/?ref_=tturv_usr_1_t,2025-12-29,1,1,"""reviewCount"":1,""ratingsCount"":1,""checkinCount"":0,""listCount"":0,""watchlistCount"":0,""favoritePeopleCount"":0,""badgesCount"":2,""interestCount"":0",2025-12-29T21:43:46Z
7,ur212043380,https://www.imdb.com/user/ur212043380/?ref_=tturv_usr_1_t,2025-12-29,1,1,"""reviewCount"":1,""ratingsCount"":1,""checkinCount"":0,""listCount"":0,""watchlistCount"":0,""favoritePeopleCount"":0,""badgesCount"":2,""interestCount"":0",2025-12-29T20:13:43Z
7,ur212042479,https://www.imdb.com/user/ur212042479/?ref_=tturv_usr_1_t,2025-12-29,1,1,"""reviewCount"":1,""ratingsCount"":1,""checkinCount"":0,""listCount"":0,""watchlistCount"":1,""favoritePeopleCount"":0,""badgesCount"":2,""interestCount"":0",2025-12-29T19:32:20Z
7,ur212004629,https://www.imdb.com/user/ur212004629/?ref_=tturv_usr_1_t,2025-12-28,2,17,"""reviewCount"":2,""ratingsCount"":17,""checkinCount"":0,""listCount"":0,""watchlistCount"":1,""favoritePeopleCount"":0,""badgesCount"":2,""interestCount"":0",2025-12-28T20:24:21Z
7,ur212039555,https://www.imdb.com/user/ur212039555/?ref_=tturv_usr_1_t,2025-12-29,1,1,"""reviewCount"":1,""ratingsCount"":1,""checkinCount"":0,""listCount"":0,""watchlistCount"":0,""favoritePeopleCount"":0,""badgesCount"":2,""interestCount"":0",2025-12-29T18:56:47Z
7,ur103171523,https://www.imdb.com/user/ur103171523/?ref_=tturv_usr_1_t,2019-05-19,588,797,"""reviewCount"":588,""ratingsCount"":797,""checkinCount"":0,""listCount"":0,""watchlistCount"":0,""favoritePeopleCount"":0,""badgesCount"":2,""interestCount"":0",2019-05-19T18:50:53Z
7,ur191318396,https://www.imdb.com/user/ur191318396/?ref_=tturv_usr_1_t,2024-11-10,4,357,"""reviewCount"":4,""ratingsCount"":357,""checkinCount"":0,""listCount"":0,""watchlistCount"":0,""favoritePeopleCount"":0,""badgesCount"":2,""interestCount"":0",2024-11-10T00:50:14Z
7,ur212035493,https://www.imdb.com/user/ur212035493/?ref_=tturv_usr_1_t,2025-12-29,1,19,"""reviewCount"":1,""ratingsCount"":19,""checkinCount"":0,""listCount"":0,""watchlistCount"":0,""favoritePeopleCount"":0,""badgesCount"":2,""interestCount"":0",2025-12-29T16:53:47Z
7,ur88279266,https://www.imdb.com/user/ur88279266/?ref_=tturv_usr_1_t,2018-05-14,1,0,"""reviewCount"":1,""ratingsCount"":0,""checkinCount"":0,""listCount"":0,""watchlistCount"":0,""favoritePeopleCount"":0,""badgesCount"":2,""interestCount"":0",2018-05-14T14:55:35Z
7,ur211591914,https://www.imdb.com/user/ur211591914/?ref_=tturv_usr_1_t,2025-12-09,1,81,"""reviewCount"":1,""ratingsCount"":81,""checkinCount"":0,""listCount"":0,""watchlistCount"":0,""favoritePeopleCount"":0,""badgesCount"":2,""interestCount"":0",2025-12-09T16:18:39Z
7,ur211956364,https://www.imdb.com/user/ur211956364/?ref_=tturv_usr_1_t,2025-12-27,1,8,"""reviewCount"":1,""ratingsCount"":8,""checkinCount"":0,""listCount"":0,""watchlistCount"":0,""favoritePeopleCount"":0,""badgesCount"":2,""interestCount"":0",2025-12-27T09:21:19Z
7,ur199324285,https://www.imdb.com/user/ur199324285/?ref_=tturv_usr_1_t,2025-04-03,2,18,"""reviewCount"":2,""ratingsCount"":18,""checkinCount"":1,""listCount"":0,""watchlistCount"":14,""favoritePeopleCount"":0,""badgesCount"":2,""interestCount"":0",2025-04-03T20:25:37Z
7,ur212021368,https://www.imdb.com/user/ur212021368/?ref_=tturv_usr_1_t,2025-12-29,1,2,"""reviewCount"":1,""ratingsCount"":2,""checkinCount"":0,""listCount"":0,""watchlistCount"":0,""favoritePeopleCount"":0,""badgesCount"":2,""interestCount"":0",2025-12-29T06:21:58Z
7,ur212021833,https://www.imdb.com/user/ur212021833/?ref_=tturv_usr_1_t,2025-12-29,1,1,"""reviewCount"":1,""ratingsCount"":1,""checkinCount"":0,""listCount"":0,""watchlistCount"":0,""favoritePeopleCount"":0,""badgesCount"":2,""interestCount"":0",2025-12-29T07:27:35Z
7,ur1531374,https://www.imdb.com/user/ur1531374/?ref_=tturv_usr_1_t,2002-01-08,70,1106,"""reviewCount"":70,""ratingsCount"":1106,""checkinCount"":0,""listCount"":0,""watchlistCount"":0,""favoritePeopleCount"":0,""badgesCount"":3,""interestCount"":0",2002-01-08T20:38:44Z
7,ur195690364,https://www.imdb.com/user/ur195690364/?ref_=tturv_usr_1_t,2025-01-24,2,131,"""reviewCount"":2,""ratingsCount"":131,""checkinCount"":0,""listCount"":0,""watchlistCount"":0,""favoritePeopleCount"":0,""badgesCount"":2,""interestCount"":0",2025-01-24T04:19:06Z
7,ur180325902,https://www.imdb.com/user/ur180325902/?ref_=tturv_usr_1_t,2024-04-17,1,134,"""reviewCount"":1,""ratingsCount"":134,""checkinCount"":0,""listCount"":0,""watchlistCount"":104,""favoritePeopleCount"":0,""badgesCount"":2,""interestCount"":0",2024-04-17T03:26:19Z
7,ur212016947,https://www.imdb.com/user/ur212016947/?ref_=tturv_usr_1_t,2025-12-29,1,2,"""reviewCount"":1,""ratingsCount"":2,""checkinCount"":0,""listCount"":0,""watchlistCount"":0,""favoritePeopleCount"":0,""badgesCount"":2,""interestCount"":0",2025-12-29T04:31:13Z
7,ur212017447,https://www.imdb.com/user/ur212017447/?ref_=tturv_usr_1_t,2025-12-29,2,3,"""reviewCount"":2,""ratingsCount"":3,""checkinCount"":0,""listCount"":0,""watchlistCount"":0,""favoritePeopleCount"":0,""badgesCount"":2,""interestCount"":0",2025-12-29T04:28:48Z
7,ur69880758,https://www.imdb.com/user/ur69880758/?ref_=tturv_usr_1_t,2016-11-24,44,0,"""reviewCount"":44,""ratingsCount"":0,""checkinCount"":0,""listCount"":0,""watchlistCount"":0,""favoritePeopleCount"":0,""badgesCount"":3,""interestCount"":0",2016-11-24T22:47:51Z
7,ur212016928,https://www.imdb.com/user/ur212016928/?ref_=tturv_usr_1_t,2025-12-29,3,3,"""reviewCount"":3,""ratingsCount"":3,""checkinCount"":0,""listCount"":0,""watchlistCount"":0,""favoritePeopleCount"":0,""badgesCount"":2,""interestCount"":0",2025-12-29T03:02:46Z
7,ur212014163,https://www.imdb.com/user/ur212014163/?ref_=tturv_usr_1_t,2025-12-29,1,3,"""reviewCount"":1,""ratingsCount"":3,""checkinCount"":0,""listCount"":0,""watchlistCount"":1,""favoritePeopleCount"":0,""badgesCount"":2,""interestCount"":0",2025-12-29T02:07:42Z
7,ur212014238,https://www.imdb.com/user/ur212014238/?ref_=tturv_usr_1_t,2025-12-29,1,1,"""reviewCount"":1,""ratingsCount"":1,""checkinCount"":0,""listCount"":0,""watchlistCount"":0,""favoritePeopleCount"":0,""badgesCount"":2,""interestCount"":0",2025-12-29T01:09:58Z
7,ur55517503,https://www.imdb.com/user/ur55517503/?ref_=tturv_usr_1_t,2014-09-29,14,142,"""reviewCount"":14,""ratingsCount"":142,""checkinCount"":0,""listCount"":0,""watchlistCount"":320,""favoritePeopleCount"":0,""badgesCount"":2,""interestCount"":0",2014-09-29T17:31:35Z
7,ur196122480,https://www.imdb.com/user/ur196122480/?ref_=tturv_usr_1_t,2025-02-01,1,2,"""reviewCount"":1,""ratingsCount"":2,""checkinCount"":0,""listCount"":0,""watchlistCount"":0,""favoritePeopleCount"":0,""badgesCount"":2,""interestCount"":0",2025-02-01T07:00:58Z
7,ur130499925,https://www.imdb.com/user/ur130499925/?ref_=tturv_usr_1_t,2021-03-17,1,0,"""reviewCount"":1,""ratingsCount"":0,""checkinCount"":0,""listCount"":0,""watchlistCount"":0,""favoritePeopleCount"":0,""badgesCount"":2,""interestCount"":0",2021-03-17T22:10:27Z
7,ur207782455,https://www.imdb.com/user/ur207782455/?ref_=tturv_usr_1_t,2025-08-29,1,28,"""reviewCount"":1,""ratingsCount"":28,""checkinCount"":0,""listCount"":0,""watchlistCount"":1,""favoritePeopleCount"":0,""badgesCount"":2,""interestCount"":0",2025-08-29T15:20:59Z
7,ur46680778,https://www.imdb.com/user/ur46680778/?ref_=tturv_usr_1_t,2013-09-17,1,0,"""reviewCount"":1,""ratingsCount"":0,""checkinCount"":0,""listCount"":0,""watchlistCount"":0,""favoritePeopleCount"":0,""badgesCount"":2,""interestCount"":0",2013-09-17T00:25:17Z
7,ur209790333,https://www.imdb.com/user/ur209790333/?ref_=tturv_usr_1_t,2025-10-01,2,4,"""reviewCount"":2,""ratingsCount"":4,""checkinCount"":0,""listCount"":0,""watchlistCount"":0,""favoritePeopleCount"":0,""badgesCount"":2,""interestCount"":0",2025-10-01T21:19:09Z
7,ur35145494,https://www.imdb.com/user/ur35145494/?ref_=tturv_usr_1_t,2012-07-20,1,0,"""reviewCount"":1,""ratingsCount"":0,""checkinCount"":0,""listCount"":0,""watchlistCount"":0,""favoritePeopleCount"":0,""badgesCount"":2,""interestCount"":0",2012-07-20T00:37:55Z
7,ur11877634,https://www.imdb.com/user/ur11877634/?ref_=tturv_usr_1_t,2006-08-17,1,0,"""reviewCount"":1,""ratingsCount"":0,""checkinCount"":0,""listCount"":0,""watchlistCount"":0,""favoritePeopleCount"":0,""badgesCount"":2,""interestCount"":0",2006-08-17T14:30:24Z
7,ur212007878,https://www.imdb.com/user/ur212007878/?ref_=tturv_usr_1_t,2025-12-28,1,3,"""reviewCount"":1,""ratingsCount"":3,""checkinCount"":0,""listCount"":0,""watchlistCount"":0,""favoritePeopleCount"":0,""badgesCount"":2,""interestCount"":0",2025-12-28T21:33:33Z
7,ur172008480,https://www.imdb.com/user/ur172008480/?ref_=tturv_usr_1_t,2023-10-27,1,0,"""reviewCount"":1,""ratingsCount"":0,""checkinCount"":0,""listCount"":0,""watchlistCount"":0,""favoritePeopleCount"":0,""badgesCount"":2,""interestCount"":0",2023-10-27T19:50:31Z
7,ur212005947,https://www.imdb.com/user/ur212005947/?ref_=tturv_usr_1_t,2025-12-28,2,2,"""reviewCount"":2,""ratingsCount"":2,""checkinCount"":0,""listCount"":0,""watchlistCount"":0,""favoritePeopleCount"":0,""badgesCount"":2,""interestCount"":0",2025-12-28T21:01:13Z
7,ur150270110,https://www.imdb.com/user/ur150270110/?ref_=tturv_usr_1_t,2022-02-26,3,0,"""reviewCount"":3,""ratingsCount"":0,""checkinCount"":0,""listCount"":0,""watchlistCount"":0,""favoritePeopleCount"":0,""badgesCount"":2,""interestCount"":0",2022-02-26T13:11:58Z
7,ur212004736,https://www.imdb.com/user/ur212004736/?ref_=tturv_usr_1_t,2025-12-28,1,1,"""reviewCount"":1,""ratingsCount"":1,""checkinCount"":0,""listCount"":0,""watchlistCount"":0,""favoritePeopleCount"":0,""badgesCount"":2,""interestCount"":0",2025-12-28T20:41:09Z
7,ur189860030,https://www.imdb.com/user/ur189860030/?ref_=tturv_usr_1_t,2024-10-14,1,14,"""reviewCount"":1,""ratingsCount"":14,""checkinCount"":0,""listCount"":0,""watchlistCount"":0,""favoritePeopleCount"":0,""badgesCount"":2,""interestCount"":0",2024-10-14T10:20:20Z
7,ur27799370,https://www.imdb.com/user/ur27799370/?ref_=tturv_usr_1_t,2011-08-26,1,0,"""reviewCount"":1,""ratingsCount"":0,""checkinCount"":0,""listCount"":0,""watchlistCount"":0,""favoritePeopleCount"":0,""badgesCount"":2,""interestCount"":0",2011-08-26T23:46:01Z
7,ur212000297,https://www.imdb.com/user/ur212000297/?ref_=tturv_usr_1_t,2025-12-28,1,1,"""reviewCount"":1,""ratingsCount"":1,""checkinCount"":0,""listCount"":0,""watchlistCount"":0,""favoritePeopleCount"":0,""badgesCount"":2,""interestCount"":0",2025-12-28T19:19:45Z
7,ur135204575,https://www.imdb.com/user/ur135204575/?ref_=tturv_usr_1_t,2021-08-02,6,0,"""reviewCount"":6,""ratingsCount"":0,""checkinCount"":0,""listCount"":0,""watchlistCount"":0,""favoritePeopleCount"":0,""badgesCount"":8,""interestCount"":0",2021-08-02T20:07:49Z
7,ur156702749,https://www.imdb.com/user/ur156702749/?ref_=tturv_usr_1_t,2022-09-12,1,0,"""reviewCount"":1,""ratingsCount"":0,""checkinCount"":0,""listCount"":0,""watchlistCount"":1,""favoritePeopleCount"":0,""badgesCount"":2,""interestCount"":0",2022-09-12T06:53:49Z
7,ur114464747,https://www.imdb.com/user/ur114464747/?ref_=tturv_usr_1_t,2020-03-08,1,0,"""reviewCount"":1,""ratingsCount"":0,""checkinCount"":0,""listCount"":0,""watchlistCount"":0,""favoritePeopleCount"":0,""badgesCount"":2,""interestCount"":0",2020-03-08T03:06:41Z
7,ur5291309,https://www.imdb.com/user/ur5291309/?ref_=tturv_usr_1_t,2005-05-11,4,0,"""reviewCount"":4,""ratingsCount"":0,""checkinCount"":0,""listCount"":0,""watchlistCount"":0,""favoritePeopleCount"":0,""badgesCount"":3,""interestCount"":0",2005-05-11T13:28:39Z
7,ur211999889,https://www.imdb.com/user/ur211999889/?ref_=tturv_usr_1_t,2025-12-28,2,3,"""reviewCount"":2,""ratingsCount"":3,""checkinCount"":0,""listCount"":0,""watchlistCount"":0,""favoritePeopleCount"":0,""badgesCount"":2,""interestCount"":0",2025-12-28T17:59:12Z
7,ur104923834,https://www.imdb.com/user/ur104923834/?ref_=tturv_usr_1_t,2019-06-29,84,0,"""reviewCount"":84,""ratingsCount"":0,""checkinCount"":0,""listCount"":4,""watchlistCount"":0,""favoritePeopleCount"":0,""badgesCount"":4,""interestCount"":0",2019-06-29T02:13:08Z
7,ur211994589,https://www.imdb.com/user/ur211994589/?ref_=tturv_usr_1_t,2025-12-28,1,1,"""reviewCount"":1,""ratingsCount"":1,""checkinCount"":0,""listCount"":0,""watchlistCount"":0,""favoritePeopleCount"":0,""badgesCount"":2,""interestCount"":0",2025-12-28T14:59:26Z
7,ur211989419,https://www.imdb.com/user/ur211989419/?ref_=tturv_usr_1_t,2025-12-28,1,8,"""reviewCount"":1,""ratingsCount"":8,""checkinCount"":0,""listCount"":0,""watchlistCount"":0,""favoritePeopleCount"":0,""badgesCount"":2,""interestCount"":0",2025-12-28T12:03:36Z
7,ur173777342,https://www.imdb.com/user/ur173777342/?ref_=tturv_usr_1_t,2023-12-06,1,0,"""reviewCount"":1,""ratingsCount"":0,""checkinCount"":0,""listCount"":0,""watchlistCount"":0,""favoritePeopleCount"":0,""badgesCount"":2,""interestCount"":0",2023-12-06T15:09:49Z
7,ur211550476,https://www.imdb.com/user/ur211550476/?ref_=tturv_usr_1_t,2025-12-07,5,120,"""reviewCount"":5,""ratingsCount"":120,""checkinCount"":0,""listCount"":0,""watchlistCount"":0,""favoritePeopleCount"":0,""badgesCount"":2,""interestCount"":0",2025-12-07T14:11:00Z
7,ur211994054,https://www.imdb.com/user/ur211994054/?ref_=tturv_usr_1_t,2025-12-28,1,1,"""reviewCount"":1,""ratingsCount"":1,""checkinCount"":0,""listCount"":0,""watchlistCount"":0,""favoritePeopleCount"":0,""badgesCount"":2,""interestCount"":0",2025-12-28T15:12:44Z
7,ur211992313,https://www.imdb.com/user/ur211992313/?ref_=tturv_usr_1_t,2025-12-28,1,1,"""reviewCount"":1,""ratingsCount"":1,""checkinCount"":0,""listCount"":0,""watchlistCount"":0,""favoritePeopleCount"":0,""badgesCount"":2,""interestCount"":0",2025-12-28T14:55:41Z
7,ur119171476,https://www.imdb.com/user/ur119171476/?ref_=tturv_usr_1_t,2020-05-31,1,0,"""reviewCount"":1,""ratingsCount"":0,""checkinCount"":0,""listCount"":0,""watchlistCount"":0,""favoritePeopleCount"":0,""badgesCount"":2,""interestCount"":0",2020-05-31T03:58:18Z
7,ur203287882,https://www.imdb.com/user/ur203287882/?ref_=tturv_usr_1_t,2025-06-02,5,305,"""reviewCount"":5,""ratingsCount"":305,""checkinCount"":0,""listCount"":0,""watchlistCount"":35,""favoritePeopleCount"":0,""badgesCount"":2,""interestCount"":0",2025-06-02T08:08:54Z
7,ur211992286,https://www.imdb.com/user/ur211992286/?ref_=tturv_usr_1_t,2025-12-28,1,2,"""reviewCount"":1,""ratingsCount"":2,""checkinCount"":0,""listCount"":0,""watchlistCount"":0,""favoritePeopleCount"":0,""badgesCount"":2,""interestCount"":0",2025-12-28T14:33:11Z
7,ur190242735,https://www.imdb.com/user/ur190242735/?ref_=tturv_usr_1_t,2024-10-20,46,47,"""reviewCount"":46,""ratingsCount"":47,""checkinCount"":0,""listCount"":0,""watchlistCount"":3,""favoritePeopleCount"":0,""badgesCount"":2,""interestCount"":0",2024-10-20T06:57:22Z
7,ur206672020,https://www.imdb.com/user/ur206672020/?ref_=tturv_usr_1_t,2025-08-07,4,4,"""reviewCount"":4,""ratingsCount"":4,""checkinCount"":0,""listCount"":0,""watchlistCount"":0,""favoritePeopleCount"":0,""badgesCount"":2,""interestCount"":0",2025-08-07T18:53:46Z
7,ur198887986,https://www.imdb.com/user/ur198887986/?ref_=tturv_usr_1_t,2025-03-27,1,3,"""reviewCount"":1,""ratingsCount"":3,""checkinCount"":0,""listCount"":0,""watchlistCount"":0,""favoritePeopleCount"":0,""badgesCount"":2,""interestCount"":0",2025-03-27T08:32:06Z
7,ur116286628,https://www.imdb.com/user/ur116286628/?ref_=tturv_usr_1_t,2020-04-09,6,0,"""reviewCount"":6,""ratingsCount"":0,""checkinCount"":0,""listCount"":3,""watchlistCount"":0,""favoritePeopleCount"":0,""badgesCount"":2,""interestCount"":0",2020-04-09T22:44:02Z
7,ur211403667,https://www.imdb.com/user/ur211403667/?ref_=tturv_usr_1_t,2025-11-29,1,3,"""reviewCount"":1,""ratingsCount"":3,""checkinCount"":0,""listCount"":0,""watchlistCount"":0,""favoritePeopleCount"":0,""badgesCount"":2,""interestCount"":0",2025-11-29T01:14:14Z
7,ur211980303,https://www.imdb.com/user/ur211980303/?ref_=tturv_usr_1_t,2025-12-28,2,3,"""reviewCount"":2,""ratingsCount"":3,""checkinCount"":0,""listCount"":0,""watchlistCount"":0,""favoritePeopleCount"":0,""badgesCount"":2,""interestCount"":0",2025-12-28T04:23:21Z
7,ur185873357,https://www.imdb.com/user/ur185873357/?ref_=tturv_usr_1_t,2024-07-31,2,131,"""reviewCount"":2,""ratingsCount"":131,""checkinCount"":0,""listCount"":0,""watchlistCount"":555,""favoritePeopleCount"":0,""badgesCount"":2,""interestCount"":0",2024-07-31T05:45:00Z
7,ur180505366,https://www.imdb.com/user/ur180505366/?ref_=tturv_usr_1_t,2024-04-21,1,171,"""reviewCount"":1,""ratingsCount"":171,""checkinCount"":0,""listCount"":0,""watchlistCount"":45,""favoritePeopleCount"":0,""badgesCount"":2,""interestCount"":0",2024-04-21T05:38:26Z
7,ur211979133,https://www.imdb.com/user/ur211979133/?ref_=tturv_usr_1_t,2025-12-28,3,4,"""reviewCount"":3,""ratingsCount"":4,""checkinCount"":0,""listCount"":0,""watchlistCount"":0,""favoritePeopleCount"":0,""badgesCount"":2,""interestCount"":0",2025-12-28T03:45:35Z
7,ur211977672,https://www.imdb.com/user/ur211977672/?ref_=tturv_usr_1_t,2025-12-28,1,1,"""reviewCount"":1,""ratingsCount"":1,""checkinCount"":0,""listCount"":0,""watchlistCount"":0,""favoritePeopleCount"":0,""badgesCount"":2,""interestCount"":0",2025-12-28T02:45:18Z
7,ur207689138,https://www.imdb.com/user/ur207689138/?ref_=tturv_usr_1_t,2025-08-27,3,5,"""reviewCount"":3,""ratingsCount"":5,""checkinCount"":0,""listCount"":0,""watchlistCount"":0,""favoritePeopleCount"":0,""badgesCount"":2,""interestCount"":0",2025-08-27T16:55:58Z
7,ur176975159,https://www.imdb.com/user/ur176975159/?ref_=tturv_usr_1_t,2024-02-05,3,0,"""reviewCount"":3,""ratingsCount"":0,""checkinCount"":0,""listCount"":0,""watchlistCount"":0,""favoritePeopleCount"":0,""badgesCount"":2,""interestCount"":0",2024-02-05T04:24:13Z
7,ur211973915,https://www.imdb.com/user/ur211973915/?ref_=tturv_usr_1_t,2025-12-28,1,1,"""reviewCount"":1,""ratingsCount"":1,""checkinCount"":0,""listCount"":0,""watchlistCount"":0,""favoritePeopleCount"":0,""badgesCount"":2,""interestCount"":0",2025-12-28T01:01:30Z
7,ur194406021,https://www.imdb.com/user/ur194406021/?ref_=tturv_usr_1_t,2025-01-03,3,266,"""reviewCount"":3,""ratingsCount"":266,""checkinCount"":0,""listCount"":0,""watchlistCount"":1,""favoritePeopleCount"":0,""badgesCount"":2,""interestCount"":0",2025-01-03T02:32:45Z
7,ur134769336,https://www.imdb.com/user/ur134769336/?ref_=tturv_usr_1_t,2021-07-19,1,0,"""reviewCount"":1,""ratingsCount"":0,""checkinCount"":0,""listCount"":0,""watchlistCount"":0,""favoritePeopleCount"":0,""badgesCount"":2,""interestCount"":0",2021-07-19T20:57:38Z
7,ur211969067,https://www.imdb.com/user/ur211969067/?ref_=tturv_usr_1_t,2025-12-27,1,1,"""reviewCount"":1,""ratingsCount"":1,""checkinCount"":0,""listCount"":0,""watchlistCount"":0,""favoritePeopleCount"":0,""badgesCount"":2,""interestCount"":0",2025-12-27T21:02:52Z
7,ur207531843,https://www.imdb.com/user/ur207531843/?ref_=tturv_usr_1_t,2025-08-24,3,673,"""reviewCount"":3,""ratingsCount"":673,""checkinCount"":0,""listCount"":0,""watchlistCount"":0,""favoritePeopleCount"":0,""badgesCount"":3,""interestCount"":0",2025-08-24T12:21:24Z
7,ur210653209,https://www.imdb.com/user/ur210653209/?ref_=tturv_usr_1_t,2025-10-20,1,53,"""reviewCount"":1,""ratingsCount"":53,""checkinCount"":0,""listCount"":0,""watchlistCount"":27,""favoritePeopleCount"":0,""badgesCount"":2,""interestCount"":0",2025-10-20T18:24:20Z
7,ur211966525,https://www.imdb.com/user/ur211966525/?ref_=tturv_usr_1_t,2025-12-27,1,3,"""reviewCount"":1,""ratingsCount"":3,""checkinCount"":0,""listCount"":0,""watchlistCount"":2,""favoritePeopleCount"":0,""badgesCount"":2,""interestCount"":0",2025-12-27T18:47:41Z
7,ur211966324,https://www.imdb.com/user/ur211966324/?ref_=tturv_usr_1_t,2025-12-27,1,3,"""reviewCount"":1,""ratingsCount"":3,""checkinCount"":0,""listCount"":0,""watchlistCount"":0,""favoritePeopleCount"":0,""badgesCount"":2,""interestCount"":0",2025-12-27T18:00:46Z
7,ur204274072,https://www.imdb.com/user/ur204274072/?ref_=tturv_usr_1_t,2025-06-24,2,3,"""reviewCount"":2,""ratingsCount"":3,""checkinCount"":0,""listCount"":0,""watchlistCount"":0,""favoritePeopleCount"":0,""badgesCount"":2,""interestCount"":0",2025-06-24T02:37:28Z
7,ur211963520,https://www.imdb.com/user/ur211963520/?ref_=tturv_usr_1_t,2025-12-27,1,0,"""reviewCount"":1,""ratingsCount"":0,""checkinCount"":0,""listCount"":0,""watchlistCount"":0,""favoritePeopleCount"":0,""badgesCount"":2,""interestCount"":0",2025-12-27T15:16:40Z
7,ur185177844,https://www.imdb.com/user/ur185177844/?ref_=tturv_usr_1_t,2024-07-18,2,68,"""reviewCount"":2,""ratingsCount"":68,""checkinCount"":0,""listCount"":1,""watchlistCount"":1,""favoritePeopleCount"":0,""badgesCount"":2,""interestCount"":0",2024-07-18T11:21:53Z
7,ur64407357,https://www.imdb.com/user/ur64407357/?ref_=tturv_usr_1_t,2015-12-20,20,0,"""reviewCount"":20,""ratingsCount"":0,""checkinCount"":0,""listCount"":0,""watchlistCount"":0,""favoritePeopleCount"":0,""badgesCount"":2,""interestCount"":0",2015-12-20T19:26:29Z
7,ur91796714,https://www.imdb.com/user/ur91796714/?ref_=tturv_usr_1_t,2018-08-29,2,0,"""reviewCount"":2,""ratingsCount"":0,""checkinCount"":0,""listCount"":0,""watchlistCount"":0,""favoritePeopleCount"":0,""badgesCount"":2,""interestCount"":0",2018-08-29T20:03:56Z
7,ur211959905,https://www.imdb.com/user/ur211959905/?ref_=tturv_usr_1_t,2025-12-27,1,2,"""reviewCount"":1,""ratingsCount"":2,""checkinCount"":0,""listCount"":0,""watchlistCount"":0,""favoritePeopleCount"":0,""badgesCount"":2,""interestCount"":0",2025-12-27T13:19:15Z
7,ur183461107,https://www.imdb.com/user/ur183461107/?ref_=tturv_usr_1_t,2024-06-18,1,4,"""reviewCount"":1,""ratingsCount"":4,""checkinCount"":0,""listCount"":0,""watchlistCount"":0,""favoritePeopleCount"":0,""badgesCount"":2,""interestCount"":0",2024-06-18T04:52:41Z
7,ur190018726,https://www.imdb.com/user/ur190018726/?ref_=tturv_usr_1_t,2024-10-16,5,2119,"""reviewCount"":5,""ratingsCount"":2119,""checkinCount"":0,""listCount"":0,""watchlistCount"":0,""favoritePeopleCount"":0,""badgesCount"":2,""interestCount"":0",2024-10-16T20:43:00Z
7,ur123625503,https://www.imdb.com/user/ur123625503/?ref_=tturv_usr_1_t,2020-08-27,1,0,"""reviewCount"":1,""ratingsCount"":0,""checkinCount"":0,""listCount"":0,""watchlistCount"":0,""favoritePeopleCount"":0,""badgesCount"":2,""interestCount"":0",2020-08-27T17:47:19Z
7,ur132842231,https://www.imdb.com/user/ur132842231/?ref_=tturv_usr_1_t,2021-05-22,6,0,"""reviewCount"":6,""ratingsCount"":0,""checkinCount"":0,""listCount"":0,""watchlistCount"":0,""favoritePeopleCount"":0,""badgesCount"":2,""interestCount"":0",2021-05-22T04:05:07Z
7,ur88767173,https://www.imdb.com/user/ur88767173/?ref_=tturv_usr_1_t,2018-06-01,4,0,"""reviewCount"":4,""ratingsCount"":0,""checkinCount"":0,""listCount"":0,""watchlistCount"":0,""favoritePeopleCount"":0,""badgesCount"":2,""interestCount"":0",2018-06-01T18:54:57Z
7,ur120229245,https://www.imdb.com/user/ur120229245/?ref_=tturv_usr_1_t,2020-06-26,1,0,"""reviewCount"":1,""ratingsCount"":0,""checkinCount"":0,""listCount"":0,""watchlistCount"":0,""favoritePeopleCount"":0,""badgesCount"":2,""interestCount"":0",2020-06-26T06:45:42Z
7,ur211950901,https://www.imdb.com/user/ur211950901/?ref_=tturv_usr_1_t,2025-12-27,1,1,"""reviewCount"":1,""ratingsCount"":1,""checkinCount"":0,""listCount"":0,""watchlistCount"":0,""favoritePeopleCount"":0,""badgesCount"":2,""interestCount"":0",2025-12-27T04:08:55Z
7,ur211949779,https://www.imdb.com/user/ur211949779/?ref_=tturv_usr_1_t,2025-12-27,1,5,"""reviewCount"":1,""ratingsCount"":5,""checkinCount"":0,""listCount"":0,""watchlistCount"":0,""favoritePeopleCount"":0,""badgesCount"":2,""interestCount"":0",2025-12-27T03:08:34Z
7,ur200065510,https://www.imdb.com/user/ur200065510/?ref_=tturv_usr_1_t,2025-04-17,1,16,"""reviewCount"":1,""ratingsCount"":16,""checkinCount"":0,""listCount"":0,""watchlistCount"":1,""favoritePeopleCount"":0,""badgesCount"":2,""interestCount"":0",2025-04-17T00:46:33Z
7,ur211947387,https://www.imdb.com/user/ur211947387/?ref_=tturv_usr_1_t,2025-12-27,1,7,"""reviewCount"":1,""ratingsCount"":7,""checkinCount"":0,""listCount"":0,""watchlistCount"":0,""favoritePeopleCount"":0,""badgesCount"":2,""interestCount"":0",2025-12-27T02:25:16Z
7,ur208339449,https://www.imdb.com/user/ur208339449/?ref_=tturv_usr_1_t,2025-09-08,1,70,"""reviewCount"":1,""ratingsCount"":70,""checkinCount"":0,""listCount"":0,""watchlistCount"":0,""favoritePeopleCount"":0,""badgesCount"":2,""interestCount"":0",2025-09-08T06:45:58Z
7,ur64346381,https://www.imdb.com/user/ur64346381/?ref_=tturv_usr_1_t,2015-12-17,36,0,"""reviewCount"":36,""ratingsCount"":0,""checkinCount"":0,""listCount"":0,""watchlistCount"":0,""favoritePeopleCount"":0,""badgesCount"":4,""interestCount"":0",2015-12-17T22:35:32Z
7,ur210708037,https://www.imdb.com/user/ur210708037/?ref_=tturv_usr_1_t,2025-10-22,1,2,"""reviewCount"":1,""ratingsCount"":2,""checkinCount"":0,""listCount"":0,""watchlistCount"":1,""favoritePeopleCount"":0,""badgesCount"":2,""interestCount"":0",2025-10-22T23:35:53Z
7,ur211945053,https://www.imdb.com/user/ur211945053/?ref_=tturv_usr_1_t,2025-12-27,1,5,"""reviewCount"":1,""ratingsCount"":5,""checkinCount"":0,""listCount"":0,""watchlistCount"":0,""favoritePeopleCount"":0,""badgesCount"":2,""interestCount"":0",2025-12-27T00:08:04Z
7,ur211550476,https://www.imdb.com/user/ur211550476/?ref_=tturv_usr_1_t,2025-12-07,5,120,"""reviewCount"":5,""ratingsCount"":120,""checkinCount"":0,""listCount"":0,""watchlistCount"":0,""favoritePeopleCount"":0,""badgesCount"":2,""interestCount"":0",2025-12-07T14:11:00Z
7,ur169282771,https://www.imdb.com/user/ur169282771/?ref_=tturv_usr_1_t,2023-08-15,2,0,"""reviewCount"":2,""ratingsCount"":0,""checkinCount"":0,""listCount"":0,""watchlistCount"":0,""favoritePeopleCount"":0,""badgesCount"":2,""interestCount"":0",2023-08-15T08:20:38Z
7,ur186423937,https://www.imdb.com/user/ur186423937/?ref_=tturv_usr_1_t,2024-08-11,3,340,"""reviewCount"":3,""ratingsCount"":340,""checkinCount"":0,""listCount"":0,""watchlistCount"":59,""favoritePeopleCount"":0,""badgesCount"":4,""interestCount"":0",2024-08-11T05:47:35Z
7,ur163051294,https://www.imdb.com/user/ur163051294/?ref_=tturv_usr_1_t,2023-03-07,6,0,"""reviewCount"":6,""ratingsCount"":0,""checkinCount"":0,""listCount"":0,""watchlistCount"":0,""favoritePeopleCount"":0,""badgesCount"":2,""interestCount"":0",2023-03-07T00:26:17Z
7,ur211937900,https://www.imdb.com/user/ur211937900/?ref_=tturv_usr_1_t,2025-12-26,1,2,"""reviewCount"":1,""ratingsCount"":2,""checkinCount"":0,""listCount"":0,""watchlistCount"":0,""favoritePeopleCount"":0,""badgesCount"":2,""interestCount"":0",2025-12-26T17:33:02Z
7,ur164766447,https://www.imdb.com/user/ur164766447/?ref_=tturv_usr_1_t,2023-04-23,28,0,"""reviewCount"":28,""ratingsCount"":0,""checkinCount"":0,""listCount"":0,""watchlistCount"":0,""favoritePeopleCount"":0,""badgesCount"":2,""interestCount"":0",2023-04-23T13:25:03Z
7,ur190495390,https://www.imdb.com/user/ur190495390/?ref_=tturv_usr_1_t,2024-10-24,6,262,"""reviewCount"":6,""ratingsCount"":262,""checkinCount"":0,""listCount"":0,""watchlistCount"":23,""favoritePeopleCount"":0,""badgesCount"":2,""interestCount"":0",2024-10-24T20:51:38Z
7,ur169284477,https://www.imdb.com/user/ur169284477/?ref_=tturv_usr_1_t,2023-08-15,1,0,"""reviewCount"":1,""ratingsCount"":0,""checkinCount"":0,""listCount"":0,""watchlistCount"":0,""favoritePeopleCount"":0,""badgesCount"":2,""interestCount"":0",2023-08-15T09:33:51Z
7,ur200306634,https://www.imdb.com/user/ur200306634/?ref_=tturv_usr_1_t,2025-04-21,2,4,"""reviewCount"":2,""ratingsCount"":4,""checkinCount"":0,""listCount"":0,""watchlistCount"":0,""favoritePeopleCount"":0,""badgesCount"":2,""interestCount"":0",2025-04-21T15:02:20Z
7,ur197811093,https://www.imdb.com/user/ur197811093/?ref_=tturv_usr_1_t,2025-03-05,3,10,"""reviewCount"":3,""ratingsCount"":10,""checkinCount"":0,""listCount"":0,""watchlistCount"":2,""favoritePeopleCount"":0,""badgesCount"":2,""interestCount"":0",2025-03-05T10:25:46Z
7,ur175898859,https://www.imdb.com/user/ur175898859/?ref_=tturv_usr_1_t,2024-01-14,2,0,"""reviewCount"":2,""ratingsCount"":0,""checkinCount"":0,""listCount"":0,""watchlistCount"":0,""favoritePeopleCount"":0,""badgesCount"":2,""interestCount"":0",2024-01-14T08:47:53Z
7,ur211628848,https://www.imdb.com/user/ur211628848/?ref_=tturv_usr_1_t,2025-12-11,1,11,"""reviewCount"":1,""ratingsCount"":11,""checkinCount"":0,""listCount"":0,""watchlistCount"":0,""favoritePeopleCount"":0,""badgesCount"":2,""interestCount"":0",2025-12-11T14:06:49Z
7,ur211374921,https://www.imdb.com/user/ur211374921/?ref_=tturv_usr_1_t,2025-11-27,1,20,"""reviewCount"":1,""ratingsCount"":20,""checkinCount"":0,""listCount"":0,""watchlistCount"":0,""favoritePeopleCount"":0,""badgesCount"":2,""interestCount"":0",2025-11-27T05:43:40Z
7,ur148535862,https://www.imdb.com/user/ur148535862/?ref_=tturv_usr_1_t,2022-01-17,3,0,"""reviewCount"":3,""ratingsCount"":0,""checkinCount"":0,""listCount"":1,""watchlistCount"":204,""favoritePeopleCount"":0,""badgesCount"":3,""interestCount"":0",2022-01-17T01:04:01Z
7,ur201725213,https://www.imdb.com/user/ur201725213/?ref_=tturv_usr_1_t,2025-05-21,10,25,"""reviewCount"":10,""ratingsCount"":25,""checkinCount"":0,""listCount"":0,""watchlistCount"":0,""favoritePeopleCount"":0,""badgesCount"":2,""interestCount"":0",2025-05-21T12:31:43Z
8,ur212185451,https://www.imdb.com/user/ur212185451/?ref_=tturv_usr_1_t,2026-01-04,1,61,"""reviewCount"":1,""ratingsCount"":61,""checkinCount"":0,""listCount"":0,""watchlistCount"":16,""favoritePeopleCount"":0,""badgesCount"":1,""interestCount"":0",2026-01-04T01:21:55Z
8,ur139164837,https://www.imdb.com/user/ur139164837/?ref_=tturv_usr_1_t,2021-10-03,1,0,"""reviewCount"":1,""ratingsCount"":0,""checkinCount"":0,""listCount"":0,""watchlistCount"":0,""favoritePeopleCount"":0,""badgesCount"":2,""interestCount"":0",2021-10-03T19:30:08Z
8,ur212171664,https://www.imdb.com/user/ur212171664/?ref_=tturv_usr_1_t,2026-01-03,1,8,"""reviewCount"":1,""ratingsCount"":8,""checkinCount"":0,""listCount"":0,""watchlistCount"":0,""favoritePeopleCount"":0,""badgesCount"":2,""interestCount"":0",2026-01-03T12:02:00Z
8,ur166253998,https://www.imdb.com/user/ur166253998/?ref_=tturv_usr_1_t,2023-06-07,1,0,"""reviewCount"":1,""ratingsCount"":0,""checkinCount"":0,""listCount"":0,""watchlistCount"":0,""favoritePeopleCount"":0,""badgesCount"":2,""interestCount"":0",2023-06-07T22:46:37Z
8,ur169726445,https://www.imdb.com/user/ur169726445/?ref_=tturv_usr_1_t,2023-08-25,1,0,"""reviewCount"":1,""ratingsCount"":0,""checkinCount"":0,""listCount"":0,""watchlistCount"":0,""favoritePeopleCount"":0,""badgesCount"":2,""interestCount"":0",2023-08-25T20:03:43Z
8,ur154595589,https://www.imdb.com/user/ur154595589/?ref_=tturv_usr_1_t,2022-07-14,46,2983,"""reviewCount"":46,""ratingsCount"":2983,""checkinCount"":0,""listCount"":76,""watchlistCount"":0,""favoritePeopleCount"":0,""badgesCount"":9,""interestCount"":0",2022-07-14T01:12:55Z
8,ur212146172,https://www.imdb.com/user/ur212146172/?ref_=tturv_usr_1_t,2026-01-02,1,1,"""reviewCount"":1,""ratingsCount"":1,""checkinCount"":0,""listCount"":0,""watchlistCount"":0,""favoritePeopleCount"":0,""badgesCount"":2,""interestCount"":0",2026-01-02T10:26:04Z
8,ur154803361,https://www.imdb.com/user/ur154803361/?ref_=tturv_usr_1_t,2022-07-19,2,0,"""reviewCount"":2,""ratingsCount"":0,""checkinCount"":0,""listCount"":0,""watchlistCount"":0,""favoritePeopleCount"":0,""badgesCount"":2,""interestCount"":0",2022-07-19T13:19:01Z
8,ur176297431,https://www.imdb.com/user/ur176297431/?ref_=tturv_usr_1_t,2024-01-21,1,0,"""reviewCount"":1,""ratingsCount"":0,""checkinCount"":0,""listCount"":0,""watchlistCount"":0,""favoritePeopleCount"":0,""badgesCount"":2,""interestCount"":0",2024-01-21T22:35:57Z
8,ur212129523,https://www.imdb.com/user/ur212129523/?ref_=tturv_usr_1_t,2026-01-01,1,2,"""reviewCount"":1,""ratingsCount"":2,""checkinCount"":0,""listCount"":0,""watchlistCount"":0,""favoritePeopleCount"":0,""badgesCount"":2,""interestCount"":0",2026-01-01T20:55:46Z
8,ur129155221,https://www.imdb.com/user/ur129155221/?ref_=tturv_usr_1_t,2021-02-05,21,0,"""reviewCount"":21,""ratingsCount"":0,""checkinCount"":0,""listCount"":0,""watchlistCount"":0,""favoritePeopleCount"":0,""badgesCount"":2,""interestCount"":0",2021-02-05T12:31:34Z
8,ur185844648,https://www.imdb.com/user/ur185844648/?ref_=tturv_usr_1_t,2024-07-30,1,3,"""reviewCount"":1,""ratingsCount"":3,""checkinCount"":0,""listCount"":0,""watchlistCount"":2,""favoritePeopleCount"":0,""badgesCount"":2,""interestCount"":0",2024-07-30T16:06:29Z
8,ur1766464,https://www.imdb.com/user/ur1766464/?ref_=tturv_usr_1_t,2002-05-24,13,0,"""reviewCount"":13,""ratingsCount"":0,""checkinCount"":0,""listCount"":0,""watchlistCount"":0,""favoritePeopleCount"":0,""badgesCount"":3,""interestCount"":0",2002-05-24T04:37:37Z
8,ur212109162,https://www.imdb.com/user/ur212109162/?ref_=tturv_usr_1_t,2026-01-01,1,2,"""reviewCount"":1,""ratingsCount"":2,""checkinCount"":0,""listCount"":0,""watchlistCount"":0,""favoritePeopleCount"":0,""badgesCount"":2,""interestCount"":0",2026-01-01T07:42:34Z
8,ur103699844,https://www.imdb.com/user/ur103699844/?ref_=tturv_usr_1_t,2019-05-30,1,0,"""reviewCount"":1,""ratingsCount"":0,""checkinCount"":0,""listCount"":0,""watchlistCount"":0,""favoritePeopleCount"":0,""badgesCount"":2,""interestCount"":0",2019-05-30T16:48:31Z
8,ur5102928,https://www.imdb.com/user/ur5102928/?ref_=tturv_usr_1_t,2005-04-07,32,0,"""reviewCount"":32,""ratingsCount"":0,""checkinCount"":0,""listCount"":0,""watchlistCount"":3535,""favoritePeopleCount"":0,""badgesCount"":7,""interestCount"":0",2005-04-07T06:18:24Z
8,ur190081714,https://www.imdb.com/user/ur190081714/?ref_=tturv_usr_1_t,2024-10-17,1,2,"""reviewCount"":1,""ratingsCount"":2,""checkinCount"":0,""listCount"":0,""watchlistCount"":0,""favoritePeopleCount"":0,""badgesCount"":2,""interestCount"":0",2024-10-17T21:02:05Z
8,ur59989484,https://www.imdb.com/user/ur59989484/?ref_=tturv_usr_1_t,2015-04-21,1,0,"""reviewCount"":1,""ratingsCount"":0,""checkinCount"":0,""listCount"":0,""watchlistCount"":2993,""favoritePeopleCount"":0,""badgesCount"":2,""interestCount"":0",2015-04-21T19:40:28Z
8,ur172478392,https://www.imdb.com/user/ur172478392/?ref_=tturv_usr_1_t,2023-11-07,2,0,"""reviewCount"":2,""ratingsCount"":0,""checkinCount"":0,""listCount"":0,""watchlistCount"":0,""favoritePeopleCount"":0,""badgesCount"":2,""interestCount"":0",2023-11-07T14:16:59Z
8,ur212081502,https://www.imdb.com/user/ur212081502/?ref_=tturv_usr_1_t,2025-12-31,1,1,"""reviewCount"":1,""ratingsCount"":1,""checkinCount"":0,""listCount"":0,""watchlistCount"":0,""favoritePeopleCount"":0,""badgesCount"":2,""interestCount"":0",2025-12-31T04:07:52Z
8,ur212080876,https://www.imdb.com/user/ur212080876/?ref_=tturv_usr_1_t,2025-12-31,1,1,"""reviewCount"":1,""ratingsCount"":1,""checkinCount"":0,""listCount"":0,""watchlistCount"":0,""favoritePeopleCount"":0,""badgesCount"":2,""interestCount"":0",2025-12-31T04:04:00Z
8,ur212081742,https://www.imdb.com/user/ur212081742/?ref_=tturv_usr_1_t,2025-12-31,1,1,"""reviewCount"":1,""ratingsCount"":1,""checkinCount"":0,""listCount"":0,""watchlistCount"":0,""favoritePeopleCount"":0,""badgesCount"":2,""interestCount"":0",2025-12-31T03:51:46Z
8,ur75379425,https://www.imdb.com/user/ur75379425/?ref_=tturv_usr_1_t,2017-04-22,2,0,"""reviewCount"":2,""ratingsCount"":0,""checkinCount"":0,""listCount"":0,""watchlistCount"":3,""favoritePeopleCount"":0,""badgesCount"":2,""interestCount"":0",2017-04-22T04:54:33Z
8,ur211844137,https://www.imdb.com/user/ur211844137/?ref_=tturv_usr_1_t,2025-12-21,1,2,"""reviewCount"":1,""ratingsCount"":2,""checkinCount"":0,""listCount"":0,""watchlistCount"":2,""favoritePeopleCount"":0,""badgesCount"":2,""interestCount"":0",2025-12-21T22:37:18Z
8,ur161872156,https://www.imdb.com/user/ur161872156/?ref_=tturv_usr_1_t,2023-02-02,1,0,"""reviewCount"":1,""ratingsCount"":0,""checkinCount"":0,""listCount"":0,""watchlistCount"":1,""favoritePeopleCount"":0,""badgesCount"":2,""interestCount"":0",2023-02-02T01:02:06Z
8,ur192053581,https://www.imdb.com/user/ur192053581/?ref_=tturv_usr_1_t,2024-11-23,1,1,"""reviewCount"":1,""ratingsCount"":1,""checkinCount"":0,""listCount"":0,""watchlistCount"":0,""favoritePeopleCount"":0,""badgesCount"":2,""interestCount"":0",2024-11-23T18:25:43Z
8,ur212076920,https://www.imdb.com/user/ur212076920/?ref_=tturv_usr_1_t,2025-12-30,1,1,"""reviewCount"":1,""ratingsCount"":1,""checkinCount"":0,""listCount"":0,""watchlistCount"":0,""favoritePeopleCount"":0,""badgesCount"":2,""interestCount"":0",2025-12-30T22:56:43Z
8,ur153391763,https://www.imdb.com/user/ur153391763/?ref_=tturv_usr_1_t,2022-06-02,1,0,"""reviewCount"":1,""ratingsCount"":0,""checkinCount"":0,""listCount"":0,""watchlistCount"":0,""favoritePeopleCount"":0,""badgesCount"":2,""interestCount"":0",2022-06-02T16:24:25Z
8,ur212074192,https://www.imdb.com/user/ur212074192/?ref_=tturv_usr_1_t,2025-12-30,1,1,"""reviewCount"":1,""ratingsCount"":1,""checkinCount"":0,""listCount"":0,""watchlistCount"":0,""favoritePeopleCount"":0,""badgesCount"":2,""interestCount"":0",2025-12-30T21:05:22Z
8,ur62699112,https://www.imdb.com/user/ur62699112/?ref_=tturv_usr_1_t,2015-09-17,1,0,"""reviewCount"":1,""ratingsCount"":0,""checkinCount"":0,""listCount"":0,""watchlistCount"":0,""favoritePeopleCount"":0,""badgesCount"":2,""interestCount"":0",2015-09-17T21:27:55Z
8,ur212073320,https://www.imdb.com/user/ur212073320/?ref_=tturv_usr_1_t,2025-12-30,1,1,"""reviewCount"":1,""ratingsCount"":1,""checkinCount"":0,""listCount"":0,""watchlistCount"":0,""favoritePeopleCount"":0,""badgesCount"":2,""interestCount"":0",2025-12-30T20:29:57Z
8,ur212072834,https://www.imdb.com/user/ur212072834/?ref_=tturv_usr_1_t,2025-12-30,1,1,"""reviewCount"":1,""ratingsCount"":1,""checkinCount"":0,""listCount"":0,""watchlistCount"":0,""favoritePeopleCount"":0,""badgesCount"":2,""interestCount"":0",2025-12-30T20:17:03Z
8,ur207772190,https://www.imdb.com/user/ur207772190/?ref_=tturv_usr_1_t,2025-08-29,1,6,"""reviewCount"":1,""ratingsCount"":6,""checkinCount"":0,""listCount"":0,""watchlistCount"":4,""favoritePeopleCount"":0,""badgesCount"":2,""interestCount"":0",2025-08-29T11:17:45Z
8,ur47439821,https://www.imdb.com/user/ur47439821/?ref_=tturv_usr_1_t,2013-10-19,13,26,"""reviewCount"":13,""ratingsCount"":26,""checkinCount"":0,""listCount"":0,""watchlistCount"":0,""favoritePeopleCount"":0,""badgesCount"":5,""interestCount"":0",2013-10-19T17:07:07Z
8,ur212066601,https://www.imdb.com/user/ur212066601/?ref_=tturv_usr_1_t,2025-12-30,1,1,"""reviewCount"":1,""ratingsCount"":1,""checkinCount"":0,""listCount"":0,""watchlistCount"":0,""favoritePeopleCount"":0,""badgesCount"":2,""interestCount"":0",2025-12-30T16:30:38Z
8,ur154101702,https://www.imdb.com/user/ur154101702/?ref_=tturv_usr_1_t,2022-06-27,26,0,"""reviewCount"":26,""ratingsCount"":0,""checkinCount"":0,""listCount"":0,""watchlistCount"":0,""favoritePeopleCount"":0,""badgesCount"":2,""interestCount"":0",2022-06-27T12:25:56Z
8,ur127713256,https://www.imdb.com/user/ur127713256/?ref_=tturv_usr_1_t,2020-12-29,1,0,"""reviewCount"":1,""ratingsCount"":0,""checkinCount"":0,""listCount"":0,""watchlistCount"":1,""favoritePeopleCount"":0,""badgesCount"":2,""interestCount"":0",2020-12-29T13:08:40Z
8,ur121021721,https://www.imdb.com/user/ur121021721/?ref_=tturv_usr_1_t,2020-07-14,2,0,"""reviewCount"":2,""ratingsCount"":0,""checkinCount"":0,""listCount"":0,""watchlistCount"":0,""favoritePeopleCount"":0,""badgesCount"":2,""interestCount"":0",2020-07-14T20:02:08Z
8,ur176626592,https://www.imdb.com/user/ur176626592/?ref_=tturv_usr_1_t,2024-01-28,2,0,"""reviewCount"":2,""ratingsCount"":0,""checkinCount"":0,""listCount"":0,""watchlistCount"":1,""favoritePeopleCount"":0,""badgesCount"":2,""interestCount"":0",2024-01-28T18:26:58Z
8,ur181649959,https://www.imdb.com/user/ur181649959/?ref_=tturv_usr_1_t,2024-05-14,1,1,"""reviewCount"":1,""ratingsCount"":1,""checkinCount"":0,""listCount"":0,""watchlistCount"":0,""favoritePeopleCount"":0,""badgesCount"":2,""interestCount"":0",2024-05-14T16:22:39Z
8,ur212059213,https://www.imdb.com/user/ur212059213/?ref_=tturv_usr_1_t,2025-12-30,1,1,"""reviewCount"":1,""ratingsCount"":1,""checkinCount"":0,""listCount"":0,""watchlistCount"":0,""favoritePeopleCount"":0,""badgesCount"":2,""interestCount"":0",2025-12-30T08:50:48Z
8,ur16939137,https://www.imdb.com/user/ur16939137/?ref_=tturv_usr_1_t,2007-10-04,1,0,"""reviewCount"":1,""ratingsCount"":0,""checkinCount"":0,""listCount"":0,""watchlistCount"":0,""favoritePeopleCount"":0,""badgesCount"":2,""interestCount"":0",2007-10-04T03:20:27Z
8,ur196550512,https://www.imdb.com/user/ur196550512/?ref_=tturv_usr_1_t,2025-02-08,1,20,"""reviewCount"":1,""ratingsCount"":20,""checkinCount"":0,""listCount"":0,""watchlistCount"":0,""favoritePeopleCount"":0,""badgesCount"":2,""interestCount"":0",2025-02-08T17:15:04Z
8,ur211427981,https://www.imdb.com/user/ur211427981/?ref_=tturv_usr_1_t,2025-11-30,2,8,"""reviewCount"":2,""ratingsCount"":8,""checkinCount"":0,""listCount"":0,""watchlistCount"":1,""favoritePeopleCount"":0,""badgesCount"":2,""interestCount"":0",2025-11-30T07:32:21Z
8,ur126572197,https://www.imdb.com/user/ur126572197/?ref_=tturv_usr_1_t,2020-11-23,1,0,"""reviewCount"":1,""ratingsCount"":0,""checkinCount"":0,""listCount"":0,""watchlistCount"":0,""favoritePeopleCount"":0,""badgesCount"":2,""interestCount"":0",2020-11-23T16:20:20Z
8,ur212051897,https://www.imdb.com/user/ur212051897/?ref_=tturv_usr_1_t,2025-12-30,1,1,"""reviewCount"":1,""ratingsCount"":1,""checkinCount"":0,""listCount"":0,""watchlistCount"":0,""favoritePeopleCount"":0,""badgesCount"":2,""interestCount"":0",2025-12-30T01:42:25Z
8,ur211459318,https://www.imdb.com/user/ur211459318/?ref_=tturv_usr_1_t,2025-12-02,1,21,"""reviewCount"":1,""ratingsCount"":21,""checkinCount"":0,""listCount"":0,""watchlistCount"":0,""favoritePeopleCount"":0,""badgesCount"":2,""interestCount"":0",2025-12-02T01:06:09Z
8,ur61566171,https://www.imdb.com/user/ur61566171/?ref_=tturv_usr_1_t,2015-07-18,1,0,"""reviewCount"":1,""ratingsCount"":0,""checkinCount"":0,""listCount"":0,""watchlistCount"":0,""favoritePeopleCount"":0,""badgesCount"":2,""interestCount"":0",2015-07-18T15:10:47Z
8,ur191709982,https://www.imdb.com/user/ur191709982/?ref_=tturv_usr_1_t,2024-11-17,1,788,"""reviewCount"":1,""ratingsCount"":788,""checkinCount"":0,""listCount"":0,""watchlistCount"":0,""favoritePeopleCount"":0,""badgesCount"":2,""interestCount"":0",2024-11-17T01:13:22Z
8,ur211978097,https://www.imdb.com/user/ur211978097/?ref_=tturv_usr_1_t,2025-12-28,1,4,"""reviewCount"":1,""ratingsCount"":4,""checkinCount"":0,""listCount"":0,""watchlistCount"":0,""favoritePeopleCount"":0,""badgesCount"":2,""interestCount"":0",2025-12-28T02:53:09Z
8,ur100485751,https://www.imdb.com/user/ur100485751/?ref_=tturv_usr_1_t,2019-03-16,1,0,"""reviewCount"":1,""ratingsCount"":0,""checkinCount"":0,""listCount"":0,""watchlistCount"":0,""favoritePeopleCount"":0,""badgesCount"":2,""interestCount"":0",2019-03-16T13:43:52Z
8,ur188607514,https://www.imdb.com/user/ur188607514/?ref_=tturv_usr_1_t,2024-09-20,1,278,"""reviewCount"":1,""ratingsCount"":278,""checkinCount"":0,""listCount"":0,""watchlistCount"":1,""favoritePeopleCount"":0,""badgesCount"":2,""interestCount"":0",2024-09-20T17:55:52Z
8,ur165875221,https://www.imdb.com/user/ur165875221/?ref_=tturv_usr_1_t,2023-05-27,2,0,"""reviewCount"":2,""ratingsCount"":0,""checkinCount"":0,""listCount"":0,""watchlistCount"":2,""favoritePeopleCount"":0,""badgesCount"":2,""interestCount"":0",2023-05-27T07:48:58Z
8,ur199475097,https://www.imdb.com/user/ur199475097/?ref_=tturv_usr_1_t,2025-04-06,1,38,"""reviewCount"":1,""ratingsCount"":38,""checkinCount"":0,""listCount"":0,""watchlistCount"":1,""favoritePeopleCount"":0,""badgesCount"":2,""interestCount"":0",2025-04-06T12:22:03Z
8,ur211942411,https://www.imdb.com/user/ur211942411/?ref_=tturv_usr_1_t,2025-12-26,1,14,"""reviewCount"":1,""ratingsCount"":14,""checkinCount"":0,""listCount"":0,""watchlistCount"":1,""favoritePeopleCount"":0,""badgesCount"":2,""interestCount"":0",2025-12-26T21:11:36Z
8,ur189556302,https://www.imdb.com/user/ur189556302/?ref_=tturv_usr_1_t,2024-10-08,2,12,"""reviewCount"":2,""ratingsCount"":12,""checkinCount"":0,""listCount"":0,""watchlistCount"":2,""favoritePeopleCount"":0,""badgesCount"":2,""interestCount"":0",2024-10-08T11:46:37Z
8,ur194101240,https://www.imdb.com/user/ur194101240/?ref_=tturv_usr_1_t,2024-12-29,3,236,"""reviewCount"":3,""ratingsCount"":236,""checkinCount"":0,""listCount"":0,""watchlistCount"":0,""favoritePeopleCount"":0,""badgesCount"":2,""interestCount"":0",2024-12-29T00:43:35Z
8,ur212044131,https://www.imdb.com/user/ur212044131/?ref_=tturv_usr_1_t,2025-12-29,1,1,"""reviewCount"":1,""ratingsCount"":1,""checkinCount"":0,""listCount"":0,""watchlistCount"":0,""favoritePeopleCount"":0,""badgesCount"":2,""interestCount"":0",2025-12-29T20:45:24Z
8,ur212039564,https://www.imdb.com/user/ur212039564/?ref_=tturv_usr_1_t,2025-12-29,1,1,"""reviewCount"":1,""ratingsCount"":1,""checkinCount"":0,""listCount"":0,""watchlistCount"":0,""favoritePeopleCount"":0,""badgesCount"":2,""interestCount"":0",2025-12-29T18:47:02Z
8,ur126480263,https://www.imdb.com/user/ur126480263/?ref_=tturv_usr_1_t,2020-11-21,4,0,"""reviewCount"":4,""ratingsCount"":0,""checkinCount"":0,""listCount"":0,""watchlistCount"":0,""favoritePeopleCount"":0,""badgesCount"":2,""interestCount"":0",2020-11-21T03:15:24Z
8,ur212040061,https://www.imdb.com/user/ur212040061/?ref_=tturv_usr_1_t,2025-12-29,1,1,"""reviewCount"":1,""ratingsCount"":1,""checkinCount"":0,""listCount"":0,""watchlistCount"":0,""favoritePeopleCount"":0,""badgesCount"":2,""interestCount"":0",2025-12-29T18:45:23Z
8,ur207174147,https://www.imdb.com/user/ur207174147/?ref_=tturv_usr_1_t,2025-08-17,4,11,"""reviewCount"":4,""ratingsCount"":11,""checkinCount"":0,""listCount"":0,""watchlistCount"":1,""favoritePeopleCount"":0,""badgesCount"":2,""interestCount"":0",2025-08-17T14:28:53Z
8,ur29388496,https://www.imdb.com/user/ur29388496/?ref_=tturv_usr_1_t,2011-11-26,1,0,"""reviewCount"":1,""ratingsCount"":0,""checkinCount"":0,""listCount"":0,""watchlistCount"":0,""favoritePeopleCount"":0,""badgesCount"":2,""interestCount"":0",2011-11-26T09:51:29Z
8,ur41885409,https://www.imdb.com/user/ur41885409/?ref_=tturv_usr_1_t,2013-03-18,1,0,"""reviewCount"":1,""ratingsCount"":0,""checkinCount"":0,""listCount"":0,""watchlistCount"":0,""favoritePeopleCount"":0,""badgesCount"":3,""interestCount"":0",2013-03-18T07:48:01Z
8,ur212034119,https://www.imdb.com/user/ur212034119/?ref_=tturv_usr_1_t,2025-12-29,1,2,"""reviewCount"":1,""ratingsCount"":2,""checkinCount"":0,""listCount"":0,""watchlistCount"":1,""favoritePeopleCount"":0,""badgesCount"":2,""interestCount"":0",2025-12-29T15:44:32Z
8,ur193926198,https://www.imdb.com/user/ur193926198/?ref_=tturv_usr_1_t,2024-12-26,3,5,"""reviewCount"":3,""ratingsCount"":5,""checkinCount"":0,""listCount"":0,""watchlistCount"":0,""favoritePeopleCount"":0,""badgesCount"":2,""interestCount"":0",2024-12-26T11:39:13Z
8,ur111086750,https://www.imdb.com/user/ur111086750/?ref_=tturv_usr_1_t,2019-12-14,3278,13929,"""reviewCount"":3278,""ratingsCount"":13929,""checkinCount"":0,""listCount"":6,""watchlistCount"":0,""favoritePeopleCount"":0,""badgesCount"":7,""interestCount"":0",2019-12-14T10:34:57Z
8,ur96710729,https://www.imdb.com/user/ur96710729/?ref_=tturv_usr_1_t,2018-12-22,3,0,"""reviewCount"":3,""ratingsCount"":0,""checkinCount"":0,""listCount"":0,""watchlistCount"":0,""favoritePeopleCount"":0,""badgesCount"":2,""interestCount"":0",2018-12-22T17:37:50Z
8,ur212030291,https://www.imdb.com/user/ur212030291/?ref_=tturv_usr_1_t,2025-12-29,1,8,"""reviewCount"":1,""ratingsCount"":8,""checkinCount"":0,""listCount"":0,""watchlistCount"":1,""favoritePeopleCount"":0,""badgesCount"":2,""interestCount"":0",2025-12-29T14:12:21Z
8,ur211964137,https://www.imdb.com/user/ur211964137/?ref_=tturv_usr_1_t,2025-12-27,1,5,"""reviewCount"":1,""ratingsCount"":5,""checkinCount"":0,""listCount"":0,""watchlistCount"":0,""favoritePeopleCount"":0,""badgesCount"":2,""interestCount"":0",2025-12-27T16:40:21Z
8,ur212029560,https://www.imdb.com/user/ur212029560/?ref_=tturv_usr_1_t,2025-12-29,2,2,"""reviewCount"":2,""ratingsCount"":2,""checkinCount"":0,""listCount"":0,""watchlistCount"":0,""favoritePeopleCount"":0,""badgesCount"":2,""interestCount"":0",2025-12-29T13:05:03Z
8,ur171856544,https://www.imdb.com/user/ur171856544/?ref_=tturv_usr_1_t,2023-10-23,2,0,"""reviewCount"":2,""ratingsCount"":0,""checkinCount"":0,""listCount"":0,""watchlistCount"":0,""favoritePeopleCount"":0,""badgesCount"":2,""interestCount"":0",2023-10-23T20:48:31Z
8,ur205027010,https://www.imdb.com/user/ur205027010/?ref_=tturv_usr_1_t,2025-07-09,3,52,"""reviewCount"":3,""ratingsCount"":52,""checkinCount"":0,""listCount"":0,""watchlistCount"":0,""favoritePeopleCount"":0,""badgesCount"":2,""interestCount"":0",2025-07-09T22:05:13Z
8,ur212026223,https://www.imdb.com/user/ur212026223/?ref_=tturv_usr_1_t,2025-12-29,1,1,"""reviewCount"":1,""ratingsCount"":1,""checkinCount"":0,""listCount"":0,""watchlistCount"":0,""favoritePeopleCount"":0,""badgesCount"":2,""interestCount"":0",2025-12-29T11:06:32Z
8,ur212024989,https://www.imdb.com/user/ur212024989/?ref_=tturv_usr_1_t,2025-12-29,2,16,"""reviewCount"":2,""ratingsCount"":16,""checkinCount"":0,""listCount"":0,""watchlistCount"":0,""favoritePeopleCount"":0,""badgesCount"":2,""interestCount"":0",2025-12-29T09:20:27Z
8,ur178930473,https://www.imdb.com/user/ur178930473/?ref_=tturv_usr_1_t,2024-03-18,7,349,"""reviewCount"":7,""ratingsCount"":349,""checkinCount"":0,""listCount"":5,""watchlistCount"":0,""favoritePeopleCount"":0,""badgesCount"":2,""interestCount"":0",2024-03-18T02:06:18Z
8,ur207771817,https://www.imdb.com/user/ur207771817/?ref_=tturv_usr_1_t,2025-08-29,1,1,"""reviewCount"":1,""ratingsCount"":1,""checkinCount"":0,""listCount"":0,""watchlistCount"":0,""favoritePeopleCount"":0,""badgesCount"":2,""interestCount"":0",2025-08-29T11:41:19Z
8,ur84044305,https://www.imdb.com/user/ur84044305/?ref_=tturv_usr_1_t,2018-01-05,1,0,"""reviewCount"":1,""ratingsCount"":0,""checkinCount"":0,""listCount"":0,""watchlistCount"":0,""favoritePeopleCount"":0,""badgesCount"":2,""interestCount"":0",2018-01-05T05:55:48Z
8,ur73368611,https://www.imdb.com/user/ur73368611/?ref_=tturv_usr_1_t,2017-02-27,1,0,"""reviewCount"":1,""ratingsCount"":0,""checkinCount"":0,""listCount"":0,""watchlistCount"":0,""favoritePeopleCount"":0,""badgesCount"":2,""interestCount"":0",2017-02-27T02:54:45Z
8,ur84941839,https://www.imdb.com/user/ur84941839/?ref_=tturv_usr_1_t,2018-01-29,1,0,"""reviewCount"":1,""ratingsCount"":0,""checkinCount"":0,""listCount"":0,""watchlistCount"":0,""favoritePeopleCount"":0,""badgesCount"":2,""interestCount"":0",2018-01-29T19:53:04Z
8,ur212016179,https://www.imdb.com/user/ur212016179/?ref_=tturv_usr_1_t,2025-12-29,3,3,"""reviewCount"":3,""ratingsCount"":3,""checkinCount"":0,""listCount"":0,""watchlistCount"":0,""favoritePeopleCount"":0,""badgesCount"":2,""interestCount"":0",2025-12-29T02:38:07Z
8,ur187265917,https://www.imdb.com/user/ur187265917/?ref_=tturv_usr_1_t,2024-08-27,3,28,"""reviewCount"":3,""ratingsCount"":28,""checkinCount"":0,""listCount"":0,""watchlistCount"":0,""favoritePeopleCount"":0,""badgesCount"":3,""interestCount"":0",2024-08-27T11:41:52Z
8,ur186189257,https://www.imdb.com/user/ur186189257/?ref_=tturv_usr_1_t,2024-08-06,1,4,"""reviewCount"":1,""ratingsCount"":4,""checkinCount"":0,""listCount"":0,""watchlistCount"":0,""favoritePeopleCount"":0,""badgesCount"":2,""interestCount"":0",2024-08-06T09:36:31Z
8,ur97196250,https://www.imdb.com/user/ur97196250/?ref_=tturv_usr_1_t,2019-01-01,9,0,"""reviewCount"":9,""ratingsCount"":0,""checkinCount"":0,""listCount"":0,""watchlistCount"":0,""favoritePeopleCount"":0,""badgesCount"":2,""interestCount"":0",2019-01-01T20:29:06Z
8,ur162623730,https://www.imdb.com/user/ur162623730/?ref_=tturv_usr_1_t,2023-02-22,3,0,"""reviewCount"":3,""ratingsCount"":0,""checkinCount"":0,""listCount"":0,""watchlistCount"":0,""favoritePeopleCount"":0,""badgesCount"":2,""interestCount"":0",2023-02-22T23:25:54Z
8,ur212012712,https://www.imdb.com/user/ur212012712/?ref_=tturv_usr_1_t,2025-12-29,1,2,"""reviewCount"":1,""ratingsCount"":2,""checkinCount"":0,""listCount"":0,""watchlistCount"":0,""favoritePeopleCount"":0,""badgesCount"":2,""interestCount"":0",2025-12-29T00:40:38Z
8,ur212012650,https://www.imdb.com/user/ur212012650/?ref_=tturv_usr_1_t,2025-12-29,1,1,"""reviewCount"":1,""ratingsCount"":1,""checkinCount"":0,""listCount"":0,""watchlistCount"":0,""favoritePeopleCount"":0,""badgesCount"":2,""interestCount"":0",2025-12-29T00:35:46Z
8,ur85062233,https://www.imdb.com/user/ur85062233/?ref_=tturv_usr_1_t,2018-02-02,3,0,"""reviewCount"":3,""ratingsCount"":0,""checkinCount"":0,""listCount"":0,""watchlistCount"":0,""favoritePeopleCount"":0,""badgesCount"":2,""interestCount"":0",2018-02-02T20:36:55Z
8,ur87051725,https://www.imdb.com/user/ur87051725/?ref_=tturv_usr_1_t,2018-04-02,7,0,"""reviewCount"":7,""ratingsCount"":0,""checkinCount"":0,""listCount"":0,""watchlistCount"":0,""favoritePeopleCount"":0,""badgesCount"":2,""interestCount"":0",2018-04-02T21:03:26Z
8,ur212010694,https://www.imdb.com/user/ur212010694/?ref_=tturv_usr_1_t,2025-12-28,1,2,"""reviewCount"":1,""ratingsCount"":2,""checkinCount"":0,""listCount"":0,""watchlistCount"":0,""favoritePeopleCount"":0,""badgesCount"":2,""interestCount"":0",2025-12-28T23:38:48Z
8,ur70486465,https://www.imdb.com/user/ur70486465/?ref_=tturv_usr_1_t,2016-12-18,3,0,"""reviewCount"":3,""ratingsCount"":0,""checkinCount"":0,""listCount"":0,""watchlistCount"":0,""favoritePeopleCount"":0,""badgesCount"":2,""interestCount"":0",2016-12-18T14:19:27Z
8,ur179179886,https://www.imdb.com/user/ur179179886/?ref_=tturv_usr_1_t,2024-03-23,2,16,"""reviewCount"":2,""ratingsCount"":16,""checkinCount"":0,""listCount"":0,""watchlistCount"":1,""favoritePeopleCount"":0,""badgesCount"":2,""interestCount"":0",2024-03-23T17:38:04Z
8,ur17888387,https://www.imdb.com/user/ur17888387/?ref_=tturv_usr_1_t,2007-12-28,1,0,"""reviewCount"":1,""ratingsCount"":0,""checkinCount"":0,""listCount"":0,""watchlistCount"":0,""favoritePeopleCount"":0,""badgesCount"":2,""interestCount"":0",2007-12-28T20:32:49Z
8,ur190356073,https://www.imdb.com/user/ur190356073/?ref_=tturv_usr_1_t,2024-10-22,1,3,"""reviewCount"":1,""ratingsCount"":3,""checkinCount"":0,""listCount"":0,""watchlistCount"":5,""favoritePeopleCount"":0,""badgesCount"":2,""interestCount"":0",2024-10-22T02:13:00Z
8,ur211931525,https://www.imdb.com/user/ur211931525/?ref_=tturv_usr_1_t,2025-12-26,1,5,"""reviewCount"":1,""ratingsCount"":5,""checkinCount"":0,""listCount"":0,""watchlistCount"":0,""favoritePeopleCount"":0,""badgesCount"":2,""interestCount"":0",2025-12-26T13:10:22Z
8,ur212007640,https://www.imdb.com/user/ur212007640/?ref_=tturv_usr_1_t,2025-12-28,1,1,"""reviewCount"":1,""ratingsCount"":1,""checkinCount"":0,""listCount"":0,""watchlistCount"":0,""favoritePeopleCount"":0,""badgesCount"":2,""interestCount"":0",2025-12-28T21:30:17Z
8,ur212004914,https://www.imdb.com/user/ur212004914/?ref_=tturv_usr_1_t,2025-12-28,1,9,"""reviewCount"":1,""ratingsCount"":9,""checkinCount"":0,""listCount"":0,""watchlistCount"":0,""favoritePeopleCount"":0,""badgesCount"":2,""interestCount"":0",2025-12-28T20:56:19Z
8,ur171286506,https://www.imdb.com/user/ur171286506/?ref_=tturv_usr_1_t,2023-10-09,1,0,"""reviewCount"":1,""ratingsCount"":0,""checkinCount"":0,""listCount"":0,""watchlistCount"":0,""favoritePeopleCount"":0,""badgesCount"":2,""interestCount"":0",2023-10-09T03:58:56Z
8,ur212001045,https://www.imdb.com/user/ur212001045/?ref_=tturv_usr_1_t,2025-12-28,1,1,"""reviewCount"":1,""ratingsCount"":1,""checkinCount"":0,""listCount"":0,""watchlistCount"":0,""favoritePeopleCount"":0,""badgesCount"":2,""interestCount"":0",2025-12-28T19:26:34Z
8,ur212003196,https://www.imdb.com/user/ur212003196/?ref_=tturv_usr_1_t,2025-12-28,1,1,"""reviewCount"":1,""ratingsCount"":1,""checkinCount"":0,""listCount"":0,""watchlistCount"":0,""favoritePeopleCount"":0,""badgesCount"":2,""interestCount"":0",2025-12-28T19:54:11Z
8,ur201301516,https://www.imdb.com/user/ur201301516/?ref_=tturv_usr_1_t,2025-05-12,1,15,"""reviewCount"":1,""ratingsCount"":15,""checkinCount"":0,""listCount"":0,""watchlistCount"":1,""favoritePeopleCount"":0,""badgesCount"":2,""interestCount"":0",2025-05-12T16:11:47Z
8,ur105758114,https://www.imdb.com/user/ur105758114/?ref_=tturv_usr_1_t,2019-07-22,1,0,"""reviewCount"":1,""ratingsCount"":0,""checkinCount"":0,""listCount"":0,""watchlistCount"":4,""favoritePeopleCount"":0,""badgesCount"":2,""interestCount"":0",2019-07-22T17:08:24Z
8,ur43020099,https://www.imdb.com/user/ur43020099/?ref_=tturv_usr_1_t,2013-04-27,14,0,"""reviewCount"":14,""ratingsCount"":0,""checkinCount"":0,""listCount"":0,""watchlistCount"":0,""favoritePeopleCount"":0,""badgesCount"":2,""interestCount"":0",2013-04-27T21:42:41Z
8,ur191953117,https://www.imdb.com/user/ur191953117/?ref_=tturv_usr_1_t,2024-11-21,3,62,"""reviewCount"":3,""ratingsCount"":62,""checkinCount"":0,""listCount"":1,""watchlistCount"":0,""favoritePeopleCount"":0,""badgesCount"":7,""interestCount"":0",2024-11-21T18:43:45Z
8,ur212000459,https://www.imdb.com/user/ur212000459/?ref_=tturv_usr_1_t,2025-12-28,1,3,"""reviewCount"":1,""ratingsCount"":3,""checkinCount"":0,""listCount"":0,""watchlistCount"":0,""favoritePeopleCount"":0,""badgesCount"":2,""interestCount"":0",2025-12-28T18:06:33Z
8,ur211417148,https://www.imdb.com/user/ur211417148/?ref_=tturv_usr_1_t,2025-11-29,2,7,"""reviewCount"":2,""ratingsCount"":7,""checkinCount"":0,""listCount"":0,""watchlistCount"":0,""favoritePeopleCount"":0,""badgesCount"":2,""interestCount"":0",2025-11-29T16:42:23Z
8,ur190877691,https://www.imdb.com/user/ur190877691/?ref_=tturv_usr_1_t,2024-11-01,1,12,"""reviewCount"":1,""ratingsCount"":12,""checkinCount"":0,""listCount"":0,""watchlistCount"":1,""favoritePeopleCount"":0,""badgesCount"":2,""interestCount"":0",2024-11-01T15:57:59Z
8,ur211421412,https://www.imdb.com/user/ur211421412/?ref_=tturv_usr_1_t,2025-11-29,1,10,"""reviewCount"":1,""ratingsCount"":10,""checkinCount"":0,""listCount"":0,""watchlistCount"":0,""favoritePeopleCount"":0,""badgesCount"":2,""interestCount"":0",2025-11-29T22:38:02Z
8,ur151458589,https://www.imdb.com/user/ur151458589/?ref_=tturv_usr_1_t,2022-03-25,1,0,"""reviewCount"":1,""ratingsCount"":0,""checkinCount"":0,""listCount"":0,""watchlistCount"":0,""favoritePeopleCount"":0,""badgesCount"":2,""interestCount"":0",2022-03-25T20:13:21Z
8,ur211988972,https://www.imdb.com/user/ur211988972/?ref_=tturv_usr_1_t,2025-12-28,2,6,"""reviewCount"":2,""ratingsCount"":6,""checkinCount"":0,""listCount"":0,""watchlistCount"":0,""favoritePeopleCount"":0,""badgesCount"":2,""interestCount"":0",2025-12-28T11:46:04Z
8,ur187619573,https://www.imdb.com/user/ur187619573/?ref_=tturv_usr_1_t,2024-09-01,2,46,"""reviewCount"":2,""ratingsCount"":46,""checkinCount"":0,""listCount"":0,""watchlistCount"":0,""favoritePeopleCount"":0,""badgesCount"":2,""interestCount"":0",2024-09-01T18:46:30Z
8,ur114693683,https://www.imdb.com/user/ur114693683/?ref_=tturv_usr_1_t,2020-03-14,1,0,"""reviewCount"":1,""ratingsCount"":0,""checkinCount"":0,""listCount"":0,""watchlistCount"":0,""favoritePeopleCount"":0,""badgesCount"":2,""interestCount"":0",2020-03-14T06:28:37Z
8,ur130531835,https://www.imdb.com/user/ur130531835/?ref_=tturv_usr_1_t,2021-03-18,1,0,"""reviewCount"":1,""ratingsCount"":0,""checkinCount"":0,""listCount"":0,""watchlistCount"":0,""favoritePeopleCount"":0,""badgesCount"":2,""interestCount"":0",2021-03-18T16:49:43Z
8,ur172898181,https://www.imdb.com/user/ur172898181/?ref_=tturv_usr_1_t,2023-11-17,2,0,"""reviewCount"":2,""ratingsCount"":0,""checkinCount"":0,""listCount"":0,""watchlistCount"":0,""favoritePeopleCount"":0,""badgesCount"":2,""interestCount"":0",2023-11-17T16:57:32Z
8,ur211973717,https://www.imdb.com/user/ur211973717/?ref_=tturv_usr_1_t,2025-12-28,1,1,"""reviewCount"":1,""ratingsCount"":1,""checkinCount"":0,""listCount"":0,""watchlistCount"":0,""favoritePeopleCount"":0,""badgesCount"":2,""interestCount"":0",2025-12-28T00:27:49Z
8,ur211989911,https://www.imdb.com/user/ur211989911/?ref_=tturv_usr_1_t,2025-12-28,1,1,"""reviewCount"":1,""ratingsCount"":1,""checkinCount"":0,""listCount"":0,""watchlistCount"":0,""favoritePeopleCount"":0,""badgesCount"":2,""interestCount"":0",2025-12-28T12:32:29Z
8,ur35027761,https://www.imdb.com/user/ur35027761/?ref_=tturv_usr_1_t,2012-07-14,2,0,"""reviewCount"":2,""ratingsCount"":0,""checkinCount"":0,""listCount"":0,""watchlistCount"":0,""favoritePeopleCount"":0,""badgesCount"":2,""interestCount"":0",2012-07-14T19:27:36Z
8,ur211986662,https://www.imdb.com/user/ur211986662/?ref_=tturv_usr_1_t,2025-12-28,2,3,"""reviewCount"":2,""ratingsCount"":3,""checkinCount"":0,""listCount"":0,""watchlistCount"":1,""favoritePeopleCount"":0,""badgesCount"":2,""interestCount"":0",2025-12-28T10:03:27Z
8,ur91345178,https://www.imdb.com/user/ur91345178/?ref_=tturv_usr_1_t,2018-08-17,1,0,"""reviewCount"":1,""ratingsCount"":0,""checkinCount"":0,""listCount"":0,""watchlistCount"":0,""favoritePeopleCount"":0,""badgesCount"":2,""interestCount"":0",2018-08-17T18:49:33Z
8,ur211985933,https://www.imdb.com/user/ur211985933/?ref_=tturv_usr_1_t,2025-12-28,1,15,"""reviewCount"":1,""ratingsCount"":15,""checkinCount"":0,""listCount"":0,""watchlistCount"":0,""favoritePeopleCount"":0,""badgesCount"":2,""interestCount"":0",2025-12-28T09:25:13Z
8,ur158294044,https://www.imdb.com/user/ur158294044/?ref_=tturv_usr_1_t,2022-10-30,1,0,"""reviewCount"":1,""ratingsCount"":0,""checkinCount"":0,""listCount"":0,""watchlistCount"":2,""favoritePeopleCount"":0,""badgesCount"":2,""interestCount"":0",2022-10-30T19:04:47Z
8,ur211983946,https://www.imdb.com/user/ur211983946/?ref_=tturv_usr_1_t,2025-12-28,2,5,"""reviewCount"":2,""ratingsCount"":5,""checkinCount"":0,""listCount"":0,""watchlistCount"":1,""favoritePeopleCount"":0,""badgesCount"":2,""interestCount"":0",2025-12-28T08:08:07Z
8,ur156708574,https://www.imdb.com/user/ur156708574/?ref_=tturv_usr_1_t,2022-09-12,7,1446,"""reviewCount"":7,""ratingsCount"":1446,""checkinCount"":0,""listCount"":0,""watchlistCount"":0,""favoritePeopleCount"":0,""badgesCount"":3,""interestCount"":0",2022-09-12T12:13:06Z
8,ur111314754,https://www.imdb.com/user/ur111314754/?ref_=tturv_usr_1_t,2019-12-20,158,944,"""reviewCount"":158,""ratingsCount"":944,""checkinCount"":0,""listCount"":0,""watchlistCount"":0,""favoritePeopleCount"":0,""badgesCount"":3,""interestCount"":0",2019-12-20T10:36:45Z
8,ur80911298,https://www.imdb.com/user/ur80911298/?ref_=tturv_usr_1_t,2017-10-01,1,0,"""reviewCount"":1,""ratingsCount"":0,""checkinCount"":0,""listCount"":0,""watchlistCount"":0,""favoritePeopleCount"":0,""badgesCount"":3,""interestCount"":0",2017-10-01T02:13:16Z
8,ur199914243,https://www.imdb.com/user/ur199914243/?ref_=tturv_usr_1_t,2025-04-14,1,19,"""reviewCount"":1,""ratingsCount"":19,""checkinCount"":0,""listCount"":0,""watchlistCount"":0,""favoritePeopleCount"":0,""badgesCount"":2,""interestCount"":0",2025-04-14T07:55:06Z
8,ur168005288,https://www.imdb.com/user/ur168005288/?ref_=tturv_usr_1_t,2023-07-15,4,0,"""reviewCount"":4,""ratingsCount"":0,""checkinCount"":0,""listCount"":0,""watchlistCount"":0,""favoritePeopleCount"":0,""badgesCount"":3,""interestCount"":0",2023-07-15T17:44:31Z
8,ur24292397,https://www.imdb.com/user/ur24292397/?ref_=tturv_usr_1_t,2010-11-18,544,0,"""reviewCount"":544,""ratingsCount"":0,""checkinCount"":0,""listCount"":0,""watchlistCount"":0,""favoritePeopleCount"":0,""badgesCount"":5,""interestCount"":0",2010-11-18T04:37:59Z
8,ur205775848,https://www.imdb.com/user/ur205775848/?ref_=tturv_usr_1_t,2025-07-23,1,4,"""reviewCount"":1,""ratingsCount"":4,""checkinCount"":0,""listCount"":0,""watchlistCount"":0,""favoritePeopleCount"":0,""badgesCount"":3,""interestCount"":0",2025-07-23T02:42:23Z
8,ur183138759,https://www.imdb.com/user/ur183138759/?ref_=tturv_usr_1_t,2024-06-12,2,85,"""reviewCount"":2,""ratingsCount"":85,""checkinCount"":0,""listCount"":0,""watchlistCount"":140,""favoritePeopleCount"":0,""badgesCount"":2,""interestCount"":0",2024-06-12T18:02:13Z
8,ur155934713,https://www.imdb.com/user/ur155934713/?ref_=tturv_usr_1_t,2022-08-19,1,0,"""reviewCount"":1,""ratingsCount"":0,""checkinCount"":0,""listCount"":0,""watchlistCount"":67,""favoritePeopleCount"":0,""badgesCount"":2,""interestCount"":0",2022-08-19T22:45:17Z
8,ur43659083,https://www.imdb.com/user/ur43659083/?ref_=tturv_usr_1_t,2013-05-22,3,0,"""reviewCount"":3,""ratingsCount"":0,""checkinCount"":0,""listCount"":0,""watchlistCount"":0,""favoritePeopleCount"":0,""badgesCount"":2,""interestCount"":0",2013-05-22T18:07:51Z
8,ur201698450,https://www.imdb.com/user/ur201698450/?ref_=tturv_usr_1_t,2025-05-20,24,813,"""reviewCount"":24,""ratingsCount"":813,""checkinCount"":0,""listCount"":1,""watchlistCount"":7,""favoritePeopleCount"":0,""badgesCount"":8,""interestCount"":0",2025-05-20T21:11:58Z
8,ur195053067,https://www.imdb.com/user/ur195053067/?ref_=tturv_usr_1_t,2025-01-12,1,473,"""reviewCount"":1,""ratingsCount"":473,""checkinCount"":24,""listCount"":1,""watchlistCount"":3,""favoritePeopleCount"":0,""badgesCount"":2,""interestCount"":0",2025-01-12T16:59:57Z
8,ur27453643,https://www.imdb.com/user/ur27453643/?ref_=tturv_usr_1_t,2011-08-06,6,1021,"""reviewCount"":6,""ratingsCount"":1021,""checkinCount"":2,""listCount"":0,""watchlistCount"":0,""favoritePeopleCount"":0,""badgesCount"":3,""interestCount"":0",2011-08-06T22:03:29Z
8,ur131983721,https://www.imdb.com/user/ur131983721/?ref_=tturv_usr_1_t,2021-05-02,1,0,"""reviewCount"":1,""ratingsCount"":0,""checkinCount"":0,""listCount"":0,""watchlistCount"":0,""favoritePeopleCount"":0,""badgesCount"":2,""interestCount"":0",2021-05-02T11:53:06Z
8,ur194157576,https://www.imdb.com/user/ur194157576/?ref_=tturv_usr_1_t,2024-12-29,1,62,"""reviewCount"":1,""ratingsCount"":62,""checkinCount"":0,""listCount"":1,""watchlistCount"":12,""favoritePeopleCount"":0,""badgesCount"":2,""interestCount"":0",2024-12-29T20:36:35Z
8,ur211968958,https://www.imdb.com/user/ur211968958/?ref_=tturv_usr_1_t,2025-12-27,1,43,"""reviewCount"":1,""ratingsCount"":43,""checkinCount"":0,""listCount"":0,""watchlistCount"":0,""favoritePeopleCount"":0,""badgesCount"":2,""interestCount"":0",2025-12-27T19:13:13Z
8,ur211966667,https://www.imdb.com/user/ur211966667/?ref_=tturv_usr_1_t,2025-12-27,3,13,"""reviewCount"":3,""ratingsCount"":13,""checkinCount"":0,""listCount"":0,""watchlistCount"":0,""favoritePeopleCount"":0,""badgesCount"":2,""interestCount"":0",2025-12-27T19:15:41Z
8,ur211967401,https://www.imdb.com/user/ur211967401/?ref_=tturv_usr_1_t,2025-12-27,2,209,"""reviewCount"":2,""ratingsCount"":209,""checkinCount"":0,""listCount"":0,""watchlistCount"":0,""favoritePeopleCount"":0,""badgesCount"":2,""interestCount"":0",2025-12-27T18:15:38Z
8,ur55413227,https://www.imdb.com/user/ur55413227/?ref_=tturv_usr_1_t,2014-09-24,1,0,"""reviewCount"":1,""ratingsCount"":0,""checkinCount"":0,""listCount"":0,""watchlistCount"":0,""favoritePeopleCount"":0,""badgesCount"":2,""interestCount"":0",2014-09-24T05:57:52Z
8,ur52595292,https://www.imdb.com/user/ur52595292/?ref_=tturv_usr_1_t,2014-05-08,1,0,"""reviewCount"":1,""ratingsCount"":0,""checkinCount"":0,""listCount"":0,""watchlistCount"":0,""favoritePeopleCount"":0,""badgesCount"":2,""interestCount"":0",2014-05-08T17:32:27Z
8,ur56553032,https://www.imdb.com/user/ur56553032/?ref_=tturv_usr_1_t,2014-11-17,3,0,"""reviewCount"":3,""ratingsCount"":0,""checkinCount"":0,""listCount"":0,""watchlistCount"":0,""favoritePeopleCount"":0,""badgesCount"":2,""interestCount"":0",2014-11-17T16:14:15Z
8,ur23753208,https://www.imdb.com/user/ur23753208/?ref_=tturv_usr_1_t,2010-08-22,1,0,"""reviewCount"":1,""ratingsCount"":0,""checkinCount"":0,""listCount"":0,""watchlistCount"":0,""favoritePeopleCount"":0,""badgesCount"":2,""interestCount"":0",2010-08-22T02:08:34Z
8,ur84759157,https://www.imdb.com/user/ur84759157/?ref_=tturv_usr_1_t,2018-01-24,50,1197,"""reviewCount"":50,""ratingsCount"":1197,""checkinCount"":0,""listCount"":0,""watchlistCount"":0,""favoritePeopleCount"":0,""badgesCount"":6,""interestCount"":0",2018-01-24T22:39:24Z
8,ur188740441,https://www.imdb.com/user/ur188740441/?ref_=tturv_usr_1_t,2024-09-22,1,15,"""reviewCount"":1,""ratingsCount"":15,""checkinCount"":0,""listCount"":0,""watchlistCount"":174,""favoritePeopleCount"":0,""badgesCount"":2,""interestCount"":0",2024-09-22T16:43:38Z
8,ur211960057,https://www.imdb.com/user/ur211960057/?ref_=tturv_usr_1_t,2025-12-27,1,1,"""reviewCount"":1,""ratingsCount"":1,""checkinCount"":0,""listCount"":0,""watchlistCount"":0,""favoritePeopleCount"":0,""badgesCount"":2,""interestCount"":0",2025-12-27T13:57:34Z
8,ur5649652,https://www.imdb.com/user/ur5649652/?ref_=tturv_usr_1_t,2005-06-05,320,931,"""reviewCount"":320,""ratingsCount"":931,""checkinCount"":0,""listCount"":0,""watchlistCount"":0,""favoritePeopleCount"":0,""badgesCount"":4,""interestCount"":0",2005-06-05T21:18:38Z
8,ur210120965,https://www.imdb.com/user/ur210120965/?ref_=tturv_usr_1_t,2025-10-07,6,330,"""reviewCount"":6,""ratingsCount"":330,""checkinCount"":0,""listCount"":0,""watchlistCount"":28,""favoritePeopleCount"":0,""badgesCount"":2,""interestCount"":0",2025-10-07T11:23:52Z
8,ur211645784,https://www.imdb.com/user/ur211645784/?ref_=tturv_usr_1_t,2025-12-12,3,566,"""reviewCount"":3,""ratingsCount"":566,""checkinCount"":1,""listCount"":0,""watchlistCount"":83,""favoritePeopleCount"":0,""badgesCount"":2,""interestCount"":0",2025-12-12T14:04:54Z
8,ur211955760,https://www.imdb.com/user/ur211955760/?ref_=tturv_usr_1_t,2025-12-27,1,9,"""reviewCount"":1,""ratingsCount"":9,""checkinCount"":0,""listCount"":0,""watchlistCount"":0,""favoritePeopleCount"":0,""badgesCount"":2,""interestCount"":0",2025-12-27T07:55:25Z
8,ur150368388,https://www.imdb.com/user/ur150368388/?ref_=tturv_usr_1_t,2022-03-01,2,0,"""reviewCount"":2,""ratingsCount"":0,""checkinCount"":0,""listCount"":0,""watchlistCount"":245,""favoritePeopleCount"":0,""badgesCount"":2,""interestCount"":0",2022-03-01T20:49:10Z
8,ur33177519,https://www.imdb.com/user/ur33177519/?ref_=tturv_usr_1_t,2012-04-16,3,0,"""reviewCount"":3,""ratingsCount"":0,""checkinCount"":0,""listCount"":0,""watchlistCount"":5,""favoritePeopleCount"":0,""badgesCount"":2,""interestCount"":0",2012-04-16T19:54:27Z
8,ur136013835,https://www.imdb.com/user/ur136013835/?ref_=tturv_usr_1_t,2021-08-28,2,0,"""reviewCount"":2,""ratingsCount"":0,""checkinCount"":0,""listCount"":0,""watchlistCount"":0,""favoritePeopleCount"":0,""badgesCount"":2,""interestCount"":0",2021-08-28T03:58:35Z
8,ur211949326,https://www.imdb.com/user/ur211949326/?ref_=tturv_usr_1_t,2025-12-27,1,1,"""reviewCount"":1,""ratingsCount"":1,""checkinCount"":0,""listCount"":0,""watchlistCount"":0,""favoritePeopleCount"":0,""badgesCount"":2,""interestCount"":0",2025-12-27T03:58:51Z
8,ur209006001,https://www.imdb.com/user/ur209006001/?ref_=tturv_usr_1_t,2025-09-19,1,596,"""reviewCount"":1,""ratingsCount"":596,""checkinCount"":0,""listCount"":0,""watchlistCount"":0,""favoritePeopleCount"":0,""badgesCount"":2,""interestCount"":0",2025-09-19T02:23:41Z
8,ur204583456,https://www.imdb.com/user/ur204583456/?ref_=tturv_usr_1_t,2025-06-30,8,65,"""reviewCount"":8,""ratingsCount"":65,""checkinCount"":0,""listCount"":0,""watchlistCount"":0,""favoritePeopleCount"":0,""badgesCount"":2,""interestCount"":0",2025-06-30T19:16:16Z
8,ur211947273,https://www.imdb.com/user/ur211947273/?ref_=tturv_usr_1_t,2025-12-27,1,1,"""reviewCount"":1,""ratingsCount"":1,""checkinCount"":0,""listCount"":0,""watchlistCount"":0,""favoritePeopleCount"":0,""badgesCount"":2,""interestCount"":0",2025-12-27T00:53:10Z
8,ur163394568,https://www.imdb.com/user/ur163394568/?ref_=tturv_usr_1_t,2023-03-16,1,0,"""reviewCount"":1,""ratingsCount"":0,""checkinCount"":0,""listCount"":0,""watchlistCount"":0,""favoritePeopleCount"":0,""badgesCount"":2,""interestCount"":0",2023-03-16T20:22:02Z
8,ur211923017,https://www.imdb.com/user/ur211923017/?ref_=tturv_usr_1_t,2025-12-26,4,5,"""reviewCount"":4,""ratingsCount"":5,""checkinCount"":0,""listCount"":0,""watchlistCount"":0,""favoritePeopleCount"":0,""badgesCount"":2,""interestCount"":0",2025-12-26T04:18:15Z
8,ur211945685,https://www.imdb.com/user/ur211945685/?ref_=tturv_usr_1_t,2025-12-27,1,3,"""reviewCount"":1,""ratingsCount"":3,""checkinCount"":0,""listCount"":0,""watchlistCount"":0,""favoritePeopleCount"":0,""badgesCount"":2,""interestCount"":0",2025-12-27T00:11:13Z
8,ur158310976,https://www.imdb.com/user/ur158310976/?ref_=tturv_usr_1_t,2022-10-31,1,0,"""reviewCount"":1,""ratingsCount"":0,""checkinCount"":0,""listCount"":0,""watchlistCount"":0,""favoritePeopleCount"":0,""badgesCount"":2,""interestCount"":0",2022-10-31T06:55:41Z
8,ur211932818,https://www.imdb.com/user/ur211932818/?ref_=tturv_usr_1_t,2025-12-26,1,95,"""reviewCount"":1,""ratingsCount"":95,""checkinCount"":0,""listCount"":0,""watchlistCount"":1,""favoritePeopleCount"":0,""badgesCount"":2,""interestCount"":0",2025-12-26T13:18:42Z
8,ur94005246,https://www.imdb.com/user/ur94005246/?ref_=tturv_usr_1_t,2018-10-17,702,2113,"""reviewCount"":702,""ratingsCount"":2113,""checkinCount"":0,""listCount"":0,""watchlistCount"":0,""favoritePeopleCount"":0,""badgesCount"":9,""interestCount"":0",2018-10-17T16:09:53Z
8,ur96210226,https://www.imdb.com/user/ur96210226/?ref_=tturv_usr_1_t,2018-12-09,28,0,"""reviewCount"":28,""ratingsCount"":0,""checkinCount"":0,""listCount"":0,""watchlistCount"":0,""favoritePeopleCount"":0,""badgesCount"":2,""interestCount"":0",2018-12-09T21:44:28Z
8,ur185728871,https://www.imdb.com/user/ur185728871/?ref_=tturv_usr_1_t,2024-07-28,3,211,"""reviewCount"":3,""ratingsCount"":211,""checkinCount"":0,""listCount"":0,""watchlistCount"":0,""favoritePeopleCount"":0,""badgesCount"":2,""interestCount"":0",2024-07-28T12:49:55Z
8,ur207681388,https://www.imdb.com/user/ur207681388/?ref_=tturv_usr_1_t,2025-08-27,3,304,"""reviewCount"":3,""ratingsCount"":304,""checkinCount"":0,""listCount"":17,""watchlistCount"":0,""favoritePeopleCount"":0,""badgesCount"":2,""interestCount"":0",2025-08-27T13:43:00Z
8,ur197583194,https://www.imdb.com/user/ur197583194/?ref_=tturv_usr_1_t,2025-02-28,30,367,"""reviewCount"":30,""ratingsCount"":367,""checkinCount"":0,""listCount"":0,""watchlistCount"":0,""favoritePeopleCount"":0,""badgesCount"":2,""interestCount"":0",2025-02-28T05:34:38Z
8,ur211938865,https://www.imdb.com/user/ur211938865/?ref_=tturv_usr_1_t,2025-12-26,1,2,"""reviewCount"":1,""ratingsCount"":2,""checkinCount"":0,""listCount"":0,""watchlistCount"":0,""favoritePeopleCount"":0,""badgesCount"":2,""interestCount"":0",2025-12-26T19:26:05Z
8,ur196690033,https://www.imdb.com/user/ur196690033/?ref_=tturv_usr_1_t,2025-02-11,3,39,"""reviewCount"":3,""ratingsCount"":39,""checkinCount"":0,""listCount"":0,""watchlistCount"":7,""favoritePeopleCount"":0,""badgesCount"":2,""interestCount"":0",2025-02-11T04:25:29Z
8,ur55532299,https://www.imdb.com/user/ur55532299/?ref_=tturv_usr_1_t,2014-09-30,234,581,"""reviewCount"":234,""ratingsCount"":581,""checkinCount"":0,""listCount"":1,""watchlistCount"":0,""favoritePeopleCount"":0,""badgesCount"":3,""interestCount"":0",2014-09-30T13:18:27Z
8,ur79683341,https://www.imdb.com/user/ur79683341/?ref_=tturv_usr_1_t,2017-08-22,2698,4631,"""reviewCount"":2698,""ratingsCount"":4631,""checkinCount"":0,""listCount"":0,""watchlistCount"":0,""favoritePeopleCount"":0,""badgesCount"":5,""interestCount"":0",2017-08-22T07:32:37Z
8,ur185610151,https://www.imdb.com/user/ur185610151/?ref_=tturv_usr_1_t,2024-07-26,18,409,"""reviewCount"":18,""ratingsCount"":409,""checkinCount"":0,""listCount"":0,""watchlistCount"":1,""favoritePeopleCount"":0,""badgesCount"":3,""interestCount"":0",2024-07-26T10:19:01Z
8,ur126250115,https://www.imdb.com/user/ur126250115/?ref_=tturv_usr_1_t,2020-11-14,2,0,"""reviewCount"":2,""ratingsCount"":0,""checkinCount"":0,""listCount"":0,""watchlistCount"":0,""favoritePeopleCount"":0,""badgesCount"":2,""interestCount"":0",2020-11-14T16:59:05Z
9,ur124926471,https://www.imdb.com/user/ur124926471/?ref_=tturv_usr_1_t,2020-10-06,62,0,"""reviewCount"":62,""ratingsCount"":0,""checkinCount"":0,""listCount"":0,""watchlistCount"":0,""favoritePeopleCount"":0,""badgesCount"":2,""interestCount"":0",2020-10-06T15:41:54Z
9,ur66284992,https://www.imdb.com/user/ur66284992/?ref_=tturv_usr_1_t,2016-04-07,2,0,"""reviewCount"":2,""ratingsCount"":0,""checkinCount"":0,""listCount"":0,""watchlistCount"":0,""favoritePeopleCount"":0,""badgesCount"":2,""interestCount"":0",2016-04-07T11:45:55Z
9,ur104233692,https://www.imdb.com/user/ur104233692/?ref_=tturv_usr_1_t,2019-06-10,1,0,"""reviewCount"":1,""ratingsCount"":0,""checkinCount"":0,""listCount"":0,""watchlistCount"":0,""favoritePeopleCount"":0,""badgesCount"":2,""interestCount"":0",2019-06-10T17:12:29Z
9,ur125910705,https://www.imdb.com/user/ur125910705/?ref_=tturv_usr_1_t,2020-11-05,6,0,"""reviewCount"":6,""ratingsCount"":0,""checkinCount"":0,""listCount"":0,""watchlistCount"":0,""favoritePeopleCount"":0,""badgesCount"":3,""interestCount"":0",2020-11-05T19:27:30Z
9,ur212109818,https://www.imdb.com/user/ur212109818/?ref_=tturv_usr_1_t,2026-01-01,1,3,"""reviewCount"":1,""ratingsCount"":3,""checkinCount"":0,""listCount"":0,""watchlistCount"":0,""favoritePeopleCount"":0,""badgesCount"":2,""interestCount"":0",2026-01-01T07:54:58Z
9,ur210844918,https://www.imdb.com/user/ur210844918/?ref_=tturv_usr_1_t,2025-10-28,6,227,"""reviewCount"":6,""ratingsCount"":227,""checkinCount"":0,""listCount"":1,""watchlistCount"":11,""favoritePeopleCount"":0,""badgesCount"":2,""interestCount"":0",2025-10-28T01:21:52Z
9,ur148754440,https://www.imdb.com/user/ur148754440/?ref_=tturv_usr_1_t,2022-01-21,1,0,"""reviewCount"":1,""ratingsCount"":0,""checkinCount"":0,""listCount"":0,""watchlistCount"":0,""favoritePeopleCount"":0,""badgesCount"":2,""interestCount"":0",2022-01-21T08:16:48Z
9,ur212091881,https://www.imdb.com/user/ur212091881/?ref_=tturv_usr_1_t,2025-12-31,1,8,"""reviewCount"":1,""ratingsCount"":8,""checkinCount"":0,""listCount"":0,""watchlistCount"":8,""favoritePeopleCount"":0,""badgesCount"":2,""interestCount"":0",2025-12-31T17:19:31Z
9,ur49582703,https://www.imdb.com/user/ur49582703/?ref_=tturv_usr_1_t,2014-01-06,4,2372,"""reviewCount"":4,""ratingsCount"":2372,""checkinCount"":0,""listCount"":1,""watchlistCount"":0,""favoritePeopleCount"":0,""badgesCount"":3,""interestCount"":0",2014-01-06T03:48:34Z
9,ur11976245,https://www.imdb.com/user/ur11976245/?ref_=tturv_usr_1_t,2006-08-25,1,0,"""reviewCount"":1,""ratingsCount"":0,""checkinCount"":0,""listCount"":0,""watchlistCount"":0,""favoritePeopleCount"":0,""badgesCount"":2,""interestCount"":0",2006-08-25T04:04:23Z
9,ur149119590,https://www.imdb.com/user/ur149119590/?ref_=tturv_usr_1_t,2022-01-29,8,0,"""reviewCount"":8,""ratingsCount"":0,""checkinCount"":0,""listCount"":0,""watchlistCount"":0,""favoritePeopleCount"":0,""badgesCount"":2,""interestCount"":0",2022-01-29T08:36:42Z
9,ur212086026,https://www.imdb.com/user/ur212086026/?ref_=tturv_usr_1_t,2025-12-31,1,2,"""reviewCount"":1,""ratingsCount"":2,""checkinCount"":0,""listCount"":0,""watchlistCount"":2,""favoritePeopleCount"":0,""badgesCount"":2,""interestCount"":0",2025-12-31T10:43:46Z
9,ur210902551,https://www.imdb.com/user/ur210902551/?ref_=tturv_usr_1_t,2025-10-30,6,54,"""reviewCount"":6,""ratingsCount"":54,""checkinCount"":0,""listCount"":0,""watchlistCount"":10,""favoritePeopleCount"":0,""badgesCount"":2,""interestCount"":0",2025-10-30T15:13:41Z
9,ur6304545,https://www.imdb.com/user/ur6304545/?ref_=tturv_usr_1_t,2005-07-15,1,6189,"""reviewCount"":1,""ratingsCount"":6189,""checkinCount"":0,""listCount"":1,""watchlistCount"":0,""favoritePeopleCount"":0,""badgesCount"":7,""interestCount"":0",2005-07-15T16:38:10Z
9,ur155406141,https://www.imdb.com/user/ur155406141/?ref_=tturv_usr_1_t,2022-08-06,1,0,"""reviewCount"":1,""ratingsCount"":0,""checkinCount"":0,""listCount"":0,""watchlistCount"":0,""favoritePeopleCount"":0,""badgesCount"":2,""interestCount"":0",2022-08-06T12:04:36Z
9,ur212074557,https://www.imdb.com/user/ur212074557/?ref_=tturv_usr_1_t,2025-12-30,2,8,"""reviewCount"":2,""ratingsCount"":8,""checkinCount"":0,""listCount"":0,""watchlistCount"":0,""favoritePeopleCount"":0,""badgesCount"":2,""interestCount"":0",2025-12-30T21:42:43Z
9,ur212076928,https://www.imdb.com/user/ur212076928/?ref_=tturv_usr_1_t,2025-12-30,1,1,"""reviewCount"":1,""ratingsCount"":1,""checkinCount"":0,""listCount"":0,""watchlistCount"":0,""favoritePeopleCount"":0,""badgesCount"":2,""interestCount"":0",2025-12-30T22:15:16Z
9,ur194395849,https://www.imdb.com/user/ur194395849/?ref_=tturv_usr_1_t,2025-01-02,2,167,"""reviewCount"":2,""ratingsCount"":167,""checkinCount"":0,""listCount"":0,""watchlistCount"":0,""favoritePeopleCount"":0,""badgesCount"":3,""interestCount"":0",2025-01-02T22:02:11Z
9,ur172898070,https://www.imdb.com/user/ur172898070/?ref_=tturv_usr_1_t,2023-11-17,2,0,"""reviewCount"":2,""ratingsCount"":0,""checkinCount"":0,""listCount"":0,""watchlistCount"":0,""favoritePeopleCount"":0,""badgesCount"":2,""interestCount"":0",2023-11-17T16:54:58Z
9,ur80867541,https://www.imdb.com/user/ur80867541/?ref_=tturv_usr_1_t,2017-09-29,2,0,"""reviewCount"":2,""ratingsCount"":0,""checkinCount"":0,""listCount"":0,""watchlistCount"":0,""favoritePeopleCount"":0,""badgesCount"":3,""interestCount"":0",2017-09-29T20:57:28Z
9,ur49942768,https://www.imdb.com/user/ur49942768/?ref_=tturv_usr_1_t,2014-01-18,1,0,"""reviewCount"":1,""ratingsCount"":0,""checkinCount"":0,""listCount"":0,""watchlistCount"":0,""favoritePeopleCount"":0,""badgesCount"":2,""interestCount"":0",2014-01-18T02:47:15Z
9,ur193766111,https://www.imdb.com/user/ur193766111/?ref_=tturv_usr_1_t,2024-12-23,1,4,"""reviewCount"":1,""ratingsCount"":4,""checkinCount"":0,""listCount"":0,""watchlistCount"":1,""favoritePeopleCount"":0,""badgesCount"":2,""interestCount"":0",2024-12-23T14:33:03Z
9,ur207102359,https://www.imdb.com/user/ur207102359/?ref_=tturv_usr_1_t,2025-08-16,1,1,"""reviewCount"":1,""ratingsCount"":1,""checkinCount"":0,""listCount"":0,""watchlistCount"":0,""favoritePeopleCount"":0,""badgesCount"":2,""interestCount"":0",2025-08-16T06:48:59Z
9,ur212061247,https://www.imdb.com/user/ur212061247/?ref_=tturv_usr_1_t,2025-12-30,1,1,"""reviewCount"":1,""ratingsCount"":1,""checkinCount"":0,""listCount"":0,""watchlistCount"":0,""favoritePeopleCount"":0,""badgesCount"":2,""interestCount"":0",2025-12-30T13:11:03Z
9,ur164425318,https://www.imdb.com/user/ur164425318/?ref_=tturv_usr_1_t,2023-04-13,2,0,"""reviewCount"":2,""ratingsCount"":0,""checkinCount"":0,""listCount"":0,""watchlistCount"":0,""favoritePeopleCount"":0,""badgesCount"":2,""interestCount"":0",2023-04-13T18:52:11Z
9,ur86103107,https://www.imdb.com/user/ur86103107/?ref_=tturv_usr_1_t,2018-03-05,117,0,"""reviewCount"":117,""ratingsCount"":0,""checkinCount"":0,""listCount"":1,""watchlistCount"":0,""favoritePeopleCount"":0,""badgesCount"":2,""interestCount"":0",2018-03-05T07:45:25Z
9,ur212056167,https://www.imdb.com/user/ur212056167/?ref_=tturv_usr_1_t,2025-12-30,1,1,"""reviewCount"":1,""ratingsCount"":1,""checkinCount"":0,""listCount"":0,""watchlistCount"":0,""favoritePeopleCount"":0,""badgesCount"":2,""interestCount"":0",2025-12-30T07:36:26Z
9,ur153117059,https://www.imdb.com/user/ur153117059/?ref_=tturv_usr_1_t,2022-05-23,1,0,"""reviewCount"":1,""ratingsCount"":0,""checkinCount"":0,""listCount"":0,""watchlistCount"":0,""favoritePeopleCount"":0,""badgesCount"":2,""interestCount"":0",2022-05-23T04:15:14Z
9,ur212055454,https://www.imdb.com/user/ur212055454/?ref_=tturv_usr_1_t,2025-12-30,3,5,"""reviewCount"":3,""ratingsCount"":5,""checkinCount"":0,""listCount"":0,""watchlistCount"":1,""favoritePeopleCount"":0,""badgesCount"":2,""interestCount"":0",2025-12-30T05:56:27Z
9,ur204546566,https://www.imdb.com/user/ur204546566/?ref_=tturv_usr_1_t,2025-06-30,1,2,"""reviewCount"":1,""ratingsCount"":2,""checkinCount"":0,""listCount"":0,""watchlistCount"":1,""favoritePeopleCount"":0,""badgesCount"":2,""interestCount"":0",2025-06-30T00:39:50Z
9,ur149167732,https://www.imdb.com/user/ur149167732/?ref_=tturv_usr_1_t,2022-01-30,2,0,"""reviewCount"":2,""ratingsCount"":0,""checkinCount"":0,""listCount"":0,""watchlistCount"":2,""favoritePeopleCount"":0,""badgesCount"":3,""interestCount"":0",2022-01-30T08:10:27Z
9,ur174489379,https://www.imdb.com/user/ur174489379/?ref_=tturv_usr_1_t,2023-12-20,3,0,"""reviewCount"":3,""ratingsCount"":0,""checkinCount"":1,""listCount"":0,""watchlistCount"":372,""favoritePeopleCount"":0,""badgesCount"":2,""interestCount"":0",2023-12-20T14:05:30Z
9,ur166901842,https://www.imdb.com/user/ur166901842/?ref_=tturv_usr_1_t,2023-06-23,1,0,"""reviewCount"":1,""ratingsCount"":0,""checkinCount"":0,""listCount"":0,""watchlistCount"":0,""favoritePeopleCount"":0,""badgesCount"":2,""interestCount"":0",2023-06-23T19:07:25Z
9,ur204293474,https://www.imdb.com/user/ur204293474/?ref_=tturv_usr_1_t,2025-06-24,1,2,"""reviewCount"":1,""ratingsCount"":2,""checkinCount"":0,""listCount"":0,""watchlistCount"":13,""favoritePeopleCount"":0,""badgesCount"":2,""interestCount"":0",2025-06-24T14:26:05Z
9,ur212051127,https://www.imdb.com/user/ur212051127/?ref_=tturv_usr_1_t,2025-12-30,1,2,"""reviewCount"":1,""ratingsCount"":2,""checkinCount"":0,""listCount"":0,""watchlistCount"":0,""favoritePeopleCount"":0,""badgesCount"":2,""interestCount"":0",2025-12-30T02:10:01Z
9,ur208818336,https://www.imdb.com/user/ur208818336/?ref_=tturv_usr_1_t,2025-09-15,1,1,"""reviewCount"":1,""ratingsCount"":1,""checkinCount"":0,""listCount"":0,""watchlistCount"":3,""favoritePeopleCount"":0,""badgesCount"":2,""interestCount"":0",2025-09-15T23:33:14Z
9,ur212033699,https://www.imdb.com/user/ur212033699/?ref_=tturv_usr_1_t,2025-12-29,1,1,"""reviewCount"":1,""ratingsCount"":1,""checkinCount"":0,""listCount"":0,""watchlistCount"":0,""favoritePeopleCount"":0,""badgesCount"":2,""interestCount"":0",2025-12-29T15:34:40Z
9,ur127342811,https://www.imdb.com/user/ur127342811/?ref_=tturv_usr_1_t,2020-12-18,6,0,"""reviewCount"":6,""ratingsCount"":0,""checkinCount"":0,""listCount"":0,""watchlistCount"":0,""favoritePeopleCount"":0,""badgesCount"":2,""interestCount"":0",2020-12-18T23:13:24Z
9,ur212048810,https://www.imdb.com/user/ur212048810/?ref_=tturv_usr_1_t,2025-12-29,1,34,"""reviewCount"":1,""ratingsCount"":34,""checkinCount"":0,""listCount"":0,""watchlistCount"":0,""favoritePeopleCount"":0,""badgesCount"":2,""interestCount"":0",2025-12-29T22:50:05Z
9,ur156894437,https://www.imdb.com/user/ur156894437/?ref_=tturv_usr_1_t,2022-09-18,2,0,"""reviewCount"":2,""ratingsCount"":0,""checkinCount"":0,""listCount"":0,""watchlistCount"":0,""favoritePeopleCount"":0,""badgesCount"":3,""interestCount"":0",2022-09-18T14:39:24Z
9,ur101979145,https://www.imdb.com/user/ur101979145/?ref_=tturv_usr_1_t,2019-04-22,1,0,"""reviewCount"":1,""ratingsCount"":0,""checkinCount"":0,""listCount"":0,""watchlistCount"":0,""favoritePeopleCount"":0,""badgesCount"":2,""interestCount"":0",2019-04-22T02:59:12Z
9,ur180299052,https://www.imdb.com/user/ur180299052/?ref_=tturv_usr_1_t,2024-04-16,1,4,"""reviewCount"":1,""ratingsCount"":4,""checkinCount"":0,""listCount"":0,""watchlistCount"":1,""favoritePeopleCount"":0,""badgesCount"":2,""interestCount"":0",2024-04-16T13:03:49Z
9,ur158391458,https://www.imdb.com/user/ur158391458/?ref_=tturv_usr_1_t,2022-11-02,12,0,"""reviewCount"":12,""ratingsCount"":0,""checkinCount"":0,""listCount"":0,""watchlistCount"":0,""favoritePeopleCount"":0,""badgesCount"":2,""interestCount"":0",2022-11-02T17:02:23Z
9,ur212042467,https://www.imdb.com/user/ur212042467/?ref_=tturv_usr_1_t,2025-12-29,1,1,"""reviewCount"":1,""ratingsCount"":1,""checkinCount"":0,""listCount"":0,""watchlistCount"":0,""favoritePeopleCount"":0,""badgesCount"":2,""interestCount"":0",2025-12-29T19:52:39Z
9,ur212042429,https://www.imdb.com/user/ur212042429/?ref_=tturv_usr_1_t,2025-12-29,1,1,"""reviewCount"":1,""ratingsCount"":1,""checkinCount"":0,""listCount"":0,""watchlistCount"":0,""favoritePeopleCount"":0,""badgesCount"":2,""interestCount"":0",2025-12-29T19:37:34Z
9,ur212041212,https://www.imdb.com/user/ur212041212/?ref_=tturv_usr_1_t,2025-12-29,1,2,"""reviewCount"":1,""ratingsCount"":2,""checkinCount"":0,""listCount"":0,""watchlistCount"":0,""favoritePeopleCount"":0,""badgesCount"":2,""interestCount"":0",2025-12-29T19:16:49Z
9,ur212039261,https://www.imdb.com/user/ur212039261/?ref_=tturv_usr_1_t,2025-12-29,1,2,"""reviewCount"":1,""ratingsCount"":2,""checkinCount"":0,""listCount"":0,""watchlistCount"":0,""favoritePeopleCount"":0,""badgesCount"":2,""interestCount"":0",2025-12-29T18:24:50Z
9,ur50540828,https://www.imdb.com/user/ur50540828/?ref_=tturv_usr_1_t,2014-02-09,3,98,"""reviewCount"":3,""ratingsCount"":98,""checkinCount"":45,""listCount"":0,""watchlistCount"":0,""favoritePeopleCount"":0,""badgesCount"":2,""interestCount"":0",2014-02-09T16:56:22Z
9,ur211616509,https://www.imdb.com/user/ur211616509/?ref_=tturv_usr_1_t,2025-12-10,1,1,"""reviewCount"":1,""ratingsCount"":1,""checkinCount"":0,""listCount"":0,""watchlistCount"":0,""favoritePeopleCount"":0,""badgesCount"":2,""interestCount"":0",2025-12-10T19:41:22Z
9,ur175177289,https://www.imdb.com/user/ur175177289/?ref_=tturv_usr_1_t,2024-01-01,1,0,"""reviewCount"":1,""ratingsCount"":0,""checkinCount"":0,""listCount"":0,""watchlistCount"":2,""favoritePeopleCount"":0,""badgesCount"":2,""interestCount"":0",2024-01-01T20:31:58Z
9,ur42797911,https://www.imdb.com/user/ur42797911/?ref_=tturv_usr_1_t,2013-04-19,6,0,"""reviewCount"":6,""ratingsCount"":0,""checkinCount"":0,""listCount"":0,""watchlistCount"":0,""favoritePeopleCount"":0,""badgesCount"":2,""interestCount"":0",2013-04-19T16:20:44Z
9,ur94315369,https://www.imdb.com/user/ur94315369/?ref_=tturv_usr_1_t,2018-10-25,1,0,"""reviewCount"":1,""ratingsCount"":0,""checkinCount"":0,""listCount"":0,""watchlistCount"":0,""favoritePeopleCount"":0,""badgesCount"":2,""interestCount"":0",2018-10-25T04:12:38Z
9,ur212032061,https://www.imdb.com/user/ur212032061/?ref_=tturv_usr_1_t,2025-12-29,2,4,"""reviewCount"":2,""ratingsCount"":4,""checkinCount"":0,""listCount"":0,""watchlistCount"":2,""favoritePeopleCount"":0,""badgesCount"":2,""interestCount"":0",2025-12-29T15:12:16Z
9,ur69334687,https://www.imdb.com/user/ur69334687/?ref_=tturv_usr_1_t,2016-10-17,1,0,"""reviewCount"":1,""ratingsCount"":0,""checkinCount"":0,""listCount"":0,""watchlistCount"":0,""favoritePeopleCount"":0,""badgesCount"":2,""interestCount"":0",2016-10-17T17:46:24Z
9,ur212031283,https://www.imdb.com/user/ur212031283/?ref_=tturv_usr_1_t,2025-12-29,1,1,"""reviewCount"":1,""ratingsCount"":1,""checkinCount"":0,""listCount"":0,""watchlistCount"":0,""favoritePeopleCount"":0,""badgesCount"":2,""interestCount"":0",2025-12-29T14:54:26Z
9,ur210058569,https://www.imdb.com/user/ur210058569/?ref_=tturv_usr_1_t,2025-10-06,1,21,"""reviewCount"":1,""ratingsCount"":21,""checkinCount"":0,""listCount"":0,""watchlistCount"":0,""favoritePeopleCount"":0,""badgesCount"":2,""interestCount"":0",2025-10-06T08:40:21Z
9,ur212031969,https://www.imdb.com/user/ur212031969/?ref_=tturv_usr_1_t,2025-12-29,2,35,"""reviewCount"":2,""ratingsCount"":35,""checkinCount"":0,""listCount"":0,""watchlistCount"":0,""favoritePeopleCount"":0,""badgesCount"":2,""interestCount"":0",2025-12-29T14:28:19Z
9,ur5593633,https://www.imdb.com/user/ur5593633/?ref_=tturv_usr_1_t,2005-06-03,1,18,"""reviewCount"":1,""ratingsCount"":18,""checkinCount"":0,""listCount"":0,""watchlistCount"":0,""favoritePeopleCount"":0,""badgesCount"":2,""interestCount"":0",2005-06-03T04:32:17Z
9,ur85125241,https://www.imdb.com/user/ur85125241/?ref_=tturv_usr_1_t,2018-02-04,2,0,"""reviewCount"":2,""ratingsCount"":0,""checkinCount"":0,""listCount"":0,""watchlistCount"":0,""favoritePeopleCount"":0,""badgesCount"":2,""interestCount"":0",2018-02-04T14:43:07Z
9,ur212028900,https://www.imdb.com/user/ur212028900/?ref_=tturv_usr_1_t,2025-12-29,1,1,"""reviewCount"":1,""ratingsCount"":1,""checkinCount"":0,""listCount"":0,""watchlistCount"":0,""favoritePeopleCount"":0,""badgesCount"":2,""interestCount"":0",2025-12-29T12:39:23Z
9,ur111687468,https://www.imdb.com/user/ur111687468/?ref_=tturv_usr_1_t,2019-12-28,1,0,"""reviewCount"":1,""ratingsCount"":0,""checkinCount"":4,""listCount"":0,""watchlistCount"":0,""favoritePeopleCount"":0,""badgesCount"":2,""interestCount"":0",2019-12-28T19:39:42Z
9,ur212024731,https://www.imdb.com/user/ur212024731/?ref_=tturv_usr_1_t,2025-12-29,1,5,"""reviewCount"":1,""ratingsCount"":5,""checkinCount"":0,""listCount"":0,""watchlistCount"":0,""favoritePeopleCount"":0,""badgesCount"":2,""interestCount"":0",2025-12-29T09:28:42Z
9,ur212021837,https://www.imdb.com/user/ur212021837/?ref_=tturv_usr_1_t,2025-12-29,1,2,"""reviewCount"":1,""ratingsCount"":2,""checkinCount"":0,""listCount"":0,""watchlistCount"":0,""favoritePeopleCount"":0,""badgesCount"":2,""interestCount"":0",2025-12-29T08:24:53Z
9,ur129778460,https://www.imdb.com/user/ur129778460/?ref_=tturv_usr_1_t,2021-02-23,1,0,"""reviewCount"":1,""ratingsCount"":0,""checkinCount"":0,""listCount"":0,""watchlistCount"":0,""favoritePeopleCount"":0,""badgesCount"":2,""interestCount"":0",2021-02-23T20:15:39Z
9,ur212018498,https://www.imdb.com/user/ur212018498/?ref_=tturv_usr_1_t,2025-12-29,1,2,"""reviewCount"":1,""ratingsCount"":2,""checkinCount"":0,""listCount"":0,""watchlistCount"":0,""favoritePeopleCount"":0,""badgesCount"":2,""interestCount"":0",2025-12-29T04:12:02Z
9,ur65330016,https://www.imdb.com/user/ur65330016/?ref_=tturv_usr_1_t,2016-02-08,1,0,"""reviewCount"":1,""ratingsCount"":0,""checkinCount"":0,""listCount"":0,""watchlistCount"":0,""favoritePeopleCount"":0,""badgesCount"":2,""interestCount"":0",2016-02-08T05:27:47Z
9,ur212015161,https://www.imdb.com/user/ur212015161/?ref_=tturv_usr_1_t,2025-12-29,1,1,"""reviewCount"":1,""ratingsCount"":1,""checkinCount"":0,""listCount"":0,""watchlistCount"":0,""favoritePeopleCount"":0,""badgesCount"":2,""interestCount"":0",2025-12-29T01:57:47Z
9,ur133300250,https://www.imdb.com/user/ur133300250/?ref_=tturv_usr_1_t,2021-06-04,1,0,"""reviewCount"":1,""ratingsCount"":0,""checkinCount"":0,""listCount"":0,""watchlistCount"":0,""favoritePeopleCount"":0,""badgesCount"":2,""interestCount"":0",2021-06-04T03:38:15Z
9,ur185597683,https://www.imdb.com/user/ur185597683/?ref_=tturv_usr_1_t,2024-07-26,4,155,"""reviewCount"":4,""ratingsCount"":155,""checkinCount"":0,""listCount"":0,""watchlistCount"":83,""favoritePeopleCount"":0,""badgesCount"":2,""interestCount"":0",2024-07-26T04:04:08Z
9,ur152081525,https://www.imdb.com/user/ur152081525/?ref_=tturv_usr_1_t,2022-04-16,1,0,"""reviewCount"":1,""ratingsCount"":0,""checkinCount"":0,""listCount"":0,""watchlistCount"":0,""favoritePeopleCount"":0,""badgesCount"":2,""interestCount"":0",2022-04-16T16:04:08Z
9,ur212011828,https://www.imdb.com/user/ur212011828/?ref_=tturv_usr_1_t,2025-12-28,1,3,"""reviewCount"":1,""ratingsCount"":3,""checkinCount"":0,""listCount"":0,""watchlistCount"":0,""favoritePeopleCount"":0,""badgesCount"":2,""interestCount"":0",2025-12-28T23:42:23Z
9,ur207689151,https://www.imdb.com/user/ur207689151/?ref_=tturv_usr_1_t,2025-08-27,1,23,"""reviewCount"":1,""ratingsCount"":23,""checkinCount"":0,""listCount"":0,""watchlistCount"":0,""favoritePeopleCount"":0,""badgesCount"":2,""interestCount"":0",2025-08-27T17:04:47Z
9,ur188269430,https://www.imdb.com/user/ur188269430/?ref_=tturv_usr_1_t,2024-09-14,3,4,"""reviewCount"":3,""ratingsCount"":4,""checkinCount"":0,""listCount"":0,""watchlistCount"":0,""favoritePeopleCount"":0,""badgesCount"":2,""interestCount"":0",2024-09-14T04:48:02Z
9,ur201242506,https://www.imdb.com/user/ur201242506/?ref_=tturv_usr_1_t,2025-05-11,2,2,"""reviewCount"":2,""ratingsCount"":2,""checkinCount"":0,""listCount"":0,""watchlistCount"":0,""favoritePeopleCount"":0,""badgesCount"":3,""interestCount"":0",2025-05-11T12:46:02Z
9,ur191480984,https://www.imdb.com/user/ur191480984/?ref_=tturv_usr_1_t,2024-11-12,2,9,"""reviewCount"":2,""ratingsCount"":9,""checkinCount"":0,""listCount"":0,""watchlistCount"":0,""favoritePeopleCount"":0,""badgesCount"":2,""interestCount"":0",2024-11-12T20:09:50Z
9,ur86732029,https://www.imdb.com/user/ur86732029/?ref_=tturv_usr_1_t,2018-03-25,6,0,"""reviewCount"":6,""ratingsCount"":0,""checkinCount"":0,""listCount"":0,""watchlistCount"":0,""favoritePeopleCount"":0,""badgesCount"":2,""interestCount"":0",2018-03-25T10:57:14Z
9,ur212008094,https://www.imdb.com/user/ur212008094/?ref_=tturv_usr_1_t,2025-12-28,2,3,"""reviewCount"":2,""ratingsCount"":3,""checkinCount"":0,""listCount"":0,""watchlistCount"":0,""favoritePeopleCount"":0,""badgesCount"":2,""interestCount"":0",2025-12-28T22:12:53Z
9,ur212006971,https://www.imdb.com/user/ur212006971/?ref_=tturv_usr_1_t,2025-12-28,1,1,"""reviewCount"":1,""ratingsCount"":1,""checkinCount"":0,""listCount"":0,""watchlistCount"":0,""favoritePeopleCount"":0,""badgesCount"":2,""interestCount"":0",2025-12-28T21:14:59Z
9,ur194090683,https://www.imdb.com/user/ur194090683/?ref_=tturv_usr_1_t,2024-12-28,1,4,"""reviewCount"":1,""ratingsCount"":4,""checkinCount"":0,""listCount"":0,""watchlistCount"":0,""favoritePeopleCount"":0,""badgesCount"":2,""interestCount"":0",2024-12-28T20:27:15Z
9,ur212004479,https://www.imdb.com/user/ur212004479/?ref_=tturv_usr_1_t,2025-12-28,1,2,"""reviewCount"":1,""ratingsCount"":2,""checkinCount"":0,""listCount"":0,""watchlistCount"":0,""favoritePeopleCount"":0,""badgesCount"":2,""interestCount"":0",2025-12-28T20:03:46Z
9,ur212004098,https://www.imdb.com/user/ur212004098/?ref_=tturv_usr_1_t,2025-12-28,1,1,"""reviewCount"":1,""ratingsCount"":1,""checkinCount"":0,""listCount"":0,""watchlistCount"":0,""favoritePeopleCount"":0,""badgesCount"":2,""interestCount"":0",2025-12-28T19:47:51Z
9,ur55582546,https://www.imdb.com/user/ur55582546/?ref_=tturv_usr_1_t,2014-10-03,1,0,"""reviewCount"":1,""ratingsCount"":0,""checkinCount"":0,""listCount"":0,""watchlistCount"":0,""favoritePeopleCount"":0,""badgesCount"":2,""interestCount"":0",2014-10-03T07:07:10Z
9,ur59925179,https://www.imdb.com/user/ur59925179/?ref_=tturv_usr_1_t,2015-04-18,3,0,"""reviewCount"":3,""ratingsCount"":0,""checkinCount"":0,""listCount"":0,""watchlistCount"":1,""favoritePeopleCount"":0,""badgesCount"":2,""interestCount"":0",2015-04-18T14:27:06Z
9,ur212000642,https://www.imdb.com/user/ur212000642/?ref_=tturv_usr_1_t,2025-12-28,1,38,"""reviewCount"":1,""ratingsCount"":38,""checkinCount"":0,""listCount"":0,""watchlistCount"":0,""favoritePeopleCount"":0,""badgesCount"":2,""interestCount"":0",2025-12-28T18:30:16Z
9,ur193825902,https://www.imdb.com/user/ur193825902/?ref_=tturv_usr_1_t,2024-12-24,2,9,"""reviewCount"":2,""ratingsCount"":9,""checkinCount"":0,""listCount"":0,""watchlistCount"":39,""favoritePeopleCount"":0,""badgesCount"":2,""interestCount"":0",NA
9,ur161977278,https://www.imdb.com/user/ur161977278/?ref_=tturv_usr_1_t,2023-02-04,1,0,"""reviewCount"":1,""ratingsCount"":0,""checkinCount"":0,""listCount"":0,""watchlistCount"":0,""favoritePeopleCount"":0,""badgesCount"":2,""interestCount"":0",2023-02-04T16:06:54Z
9,ur189210724,https://www.imdb.com/user/ur189210724/?ref_=tturv_usr_1_t,2024-10-01,1,42,"""reviewCount"":1,""ratingsCount"":42,""checkinCount"":0,""listCount"":0,""watchlistCount"":2,""favoritePeopleCount"":0,""badgesCount"":2,""interestCount"":0",2024-10-01T14:41:10Z
9,ur211997036,https://www.imdb.com/user/ur211997036/?ref_=tturv_usr_1_t,2025-12-28,1,1,"""reviewCount"":1,""ratingsCount"":1,""checkinCount"":0,""listCount"":0,""watchlistCount"":0,""favoritePeopleCount"":0,""badgesCount"":2,""interestCount"":0",2025-12-28T16:54:41Z
9,ur211996831,https://www.imdb.com/user/ur211996831/?ref_=tturv_usr_1_t,2025-12-28,1,1,"""reviewCount"":1,""ratingsCount"":1,""checkinCount"":0,""listCount"":0,""watchlistCount"":0,""favoritePeopleCount"":0,""badgesCount"":2,""interestCount"":0",2025-12-28T16:25:12Z
9,ur201525661,https://www.imdb.com/user/ur201525661/?ref_=tturv_usr_1_t,2025-05-17,1,1,"""reviewCount"":1,""ratingsCount"":1,""checkinCount"":0,""listCount"":0,""watchlistCount"":0,""favoritePeopleCount"":0,""badgesCount"":2,""interestCount"":0",2025-05-17T15:58:07Z
9,ur168943359,https://www.imdb.com/user/ur168943359/?ref_=tturv_usr_1_t,2023-08-06,2,0,"""reviewCount"":2,""ratingsCount"":0,""checkinCount"":0,""listCount"":0,""watchlistCount"":0,""favoritePeopleCount"":0,""badgesCount"":2,""interestCount"":0",2023-08-06T16:13:47Z
9,ur115625691,https://www.imdb.com/user/ur115625691/?ref_=tturv_usr_1_t,2020-03-31,2,0,"""reviewCount"":2,""ratingsCount"":0,""checkinCount"":0,""listCount"":0,""watchlistCount"":0,""favoritePeopleCount"":0,""badgesCount"":2,""interestCount"":0",2020-03-31T04:48:11Z
9,ur211994361,https://www.imdb.com/user/ur211994361/?ref_=tturv_usr_1_t,2025-12-28,1,3,"""reviewCount"":1,""ratingsCount"":3,""checkinCount"":0,""listCount"":0,""watchlistCount"":0,""favoritePeopleCount"":0,""badgesCount"":2,""interestCount"":0",2025-12-28T15:08:26Z
9,ur211990383,https://www.imdb.com/user/ur211990383/?ref_=tturv_usr_1_t,2025-12-28,1,1,"""reviewCount"":1,""ratingsCount"":1,""checkinCount"":0,""listCount"":0,""watchlistCount"":0,""favoritePeopleCount"":0,""badgesCount"":2,""interestCount"":0",2025-12-28T12:47:54Z
9,ur178224055,https://www.imdb.com/user/ur178224055/?ref_=tturv_usr_1_t,2024-03-02,3,4,"""reviewCount"":3,""ratingsCount"":4,""checkinCount"":0,""listCount"":0,""watchlistCount"":0,""favoritePeopleCount"":0,""badgesCount"":2,""interestCount"":0",2024-03-02T19:01:54Z
9,ur155666484,https://www.imdb.com/user/ur155666484/?ref_=tturv_usr_1_t,2022-08-13,2,0,"""reviewCount"":2,""ratingsCount"":0,""checkinCount"":0,""listCount"":0,""watchlistCount"":0,""favoritePeopleCount"":0,""badgesCount"":2,""interestCount"":0",2022-08-13T04:27:27Z
9,ur211985527,https://www.imdb.com/user/ur211985527/?ref_=tturv_usr_1_t,2025-12-28,1,1,"""reviewCount"":1,""ratingsCount"":1,""checkinCount"":0,""listCount"":0,""watchlistCount"":0,""favoritePeopleCount"":0,""badgesCount"":2,""interestCount"":0",2025-12-28T10:12:09Z
9,ur211986639,https://www.imdb.com/user/ur211986639/?ref_=tturv_usr_1_t,2025-12-28,1,2,"""reviewCount"":1,""ratingsCount"":2,""checkinCount"":0,""listCount"":0,""watchlistCount"":0,""favoritePeopleCount"":0,""badgesCount"":2,""interestCount"":0",2025-12-28T09:44:03Z
9,ur211960137,https://www.imdb.com/user/ur211960137/?ref_=tturv_usr_1_t,2025-12-27,1,5,"""reviewCount"":1,""ratingsCount"":5,""checkinCount"":0,""listCount"":0,""watchlistCount"":0,""favoritePeopleCount"":0,""badgesCount"":2,""interestCount"":0",2025-12-27T14:25:27Z
9,ur211981986,https://www.imdb.com/user/ur211981986/?ref_=tturv_usr_1_t,2025-12-28,1,1,"""reviewCount"":1,""ratingsCount"":1,""checkinCount"":0,""listCount"":0,""watchlistCount"":0,""favoritePeopleCount"":0,""badgesCount"":2,""interestCount"":0",2025-12-28T07:01:02Z
9,ur189843420,https://www.imdb.com/user/ur189843420/?ref_=tturv_usr_1_t,2024-10-14,3,838,"""reviewCount"":3,""ratingsCount"":838,""checkinCount"":0,""listCount"":0,""watchlistCount"":0,""favoritePeopleCount"":0,""badgesCount"":2,""interestCount"":0",2024-10-14T02:28:45Z
9,ur174256012,https://www.imdb.com/user/ur174256012/?ref_=tturv_usr_1_t,2023-12-15,3,0,"""reviewCount"":3,""ratingsCount"":0,""checkinCount"":0,""listCount"":0,""watchlistCount"":1,""favoritePeopleCount"":0,""badgesCount"":3,""interestCount"":0",2023-12-15T20:24:29Z
9,ur158732391,https://www.imdb.com/user/ur158732391/?ref_=tturv_usr_1_t,2022-11-12,3,0,"""reviewCount"":3,""ratingsCount"":0,""checkinCount"":0,""listCount"":0,""watchlistCount"":0,""favoritePeopleCount"":0,""badgesCount"":2,""interestCount"":0",2022-11-12T01:22:21Z
9,ur197057245,https://www.imdb.com/user/ur197057245/?ref_=tturv_usr_1_t,2025-02-17,51,51,"""reviewCount"":51,""ratingsCount"":51,""checkinCount"":0,""listCount"":0,""watchlistCount"":0,""favoritePeopleCount"":0,""badgesCount"":2,""interestCount"":0",2025-02-17T22:49:35Z
9,ur64367989,https://www.imdb.com/user/ur64367989/?ref_=tturv_usr_1_t,2015-12-18,6,0,"""reviewCount"":6,""ratingsCount"":0,""checkinCount"":0,""listCount"":0,""watchlistCount"":0,""favoritePeopleCount"":0,""badgesCount"":2,""interestCount"":0",2015-12-18T22:44:55Z
9,ur71127982,https://www.imdb.com/user/ur71127982/?ref_=tturv_usr_1_t,2017-01-07,2792,4446,"""reviewCount"":2792,""ratingsCount"":4446,""checkinCount"":0,""listCount"":0,""watchlistCount"":0,""favoritePeopleCount"":0,""badgesCount"":4,""interestCount"":0",2017-01-07T15:24:26Z
9,ur211950576,https://www.imdb.com/user/ur211950576/?ref_=tturv_usr_1_t,2025-12-27,1,1,"""reviewCount"":1,""ratingsCount"":1,""checkinCount"":0,""listCount"":0,""watchlistCount"":0,""favoritePeopleCount"":0,""badgesCount"":2,""interestCount"":0",2025-12-27T04:44:55Z
9,ur211972631,https://www.imdb.com/user/ur211972631/?ref_=tturv_usr_1_t,2025-12-27,1,3,"""reviewCount"":1,""ratingsCount"":3,""checkinCount"":0,""listCount"":0,""watchlistCount"":1,""favoritePeopleCount"":0,""badgesCount"":2,""interestCount"":0",2025-12-27T22:11:29Z
9,ur169367492,https://www.imdb.com/user/ur169367492/?ref_=tturv_usr_1_t,2023-08-17,3,0,"""reviewCount"":3,""ratingsCount"":0,""checkinCount"":0,""listCount"":0,""watchlistCount"":0,""favoritePeopleCount"":0,""badgesCount"":2,""interestCount"":0",2023-08-17T12:43:31Z
9,ur147286224,https://www.imdb.com/user/ur147286224/?ref_=tturv_usr_1_t,2021-12-17,4,0,"""reviewCount"":4,""ratingsCount"":0,""checkinCount"":0,""listCount"":0,""watchlistCount"":0,""favoritePeopleCount"":0,""badgesCount"":2,""interestCount"":0",2021-12-17T14:44:46Z
9,ur211972158,https://www.imdb.com/user/ur211972158/?ref_=tturv_usr_1_t,2025-12-27,1,1,"""reviewCount"":1,""ratingsCount"":1,""checkinCount"":0,""listCount"":0,""watchlistCount"":0,""favoritePeopleCount"":0,""badgesCount"":2,""interestCount"":0",2025-12-27T21:36:59Z
9,ur211969739,https://www.imdb.com/user/ur211969739/?ref_=tturv_usr_1_t,2025-12-27,1,2,"""reviewCount"":1,""ratingsCount"":2,""checkinCount"":0,""listCount"":0,""watchlistCount"":0,""favoritePeopleCount"":0,""badgesCount"":2,""interestCount"":0",2025-12-27T20:30:59Z
9,ur132211629,https://www.imdb.com/user/ur132211629/?ref_=tturv_usr_1_t,2021-05-08,2,0,"""reviewCount"":2,""ratingsCount"":0,""checkinCount"":0,""listCount"":0,""watchlistCount"":0,""favoritePeopleCount"":0,""badgesCount"":2,""interestCount"":0",2021-05-08T07:40:21Z
9,ur123534602,https://www.imdb.com/user/ur123534602/?ref_=tturv_usr_1_t,2020-08-24,1,0,"""reviewCount"":1,""ratingsCount"":0,""checkinCount"":0,""listCount"":0,""watchlistCount"":0,""favoritePeopleCount"":0,""badgesCount"":2,""interestCount"":0",2020-08-24T18:34:11Z
9,ur201961337,https://www.imdb.com/user/ur201961337/?ref_=tturv_usr_1_t,2025-05-26,2,7,"""reviewCount"":2,""ratingsCount"":7,""checkinCount"":0,""listCount"":0,""watchlistCount"":0,""favoritePeopleCount"":0,""badgesCount"":2,""interestCount"":0",2025-05-26T05:46:43Z
9,ur211964079,https://www.imdb.com/user/ur211964079/?ref_=tturv_usr_1_t,2025-12-27,1,1,"""reviewCount"":1,""ratingsCount"":1,""checkinCount"":0,""listCount"":0,""watchlistCount"":0,""favoritePeopleCount"":0,""badgesCount"":2,""interestCount"":0",2025-12-27T16:02:44Z
9,ur211962913,https://www.imdb.com/user/ur211962913/?ref_=tturv_usr_1_t,2025-12-27,1,3,"""reviewCount"":1,""ratingsCount"":3,""checkinCount"":0,""listCount"":0,""watchlistCount"":1,""favoritePeopleCount"":0,""badgesCount"":2,""interestCount"":0",2025-12-27T15:16:56Z
9,ur211963359,https://www.imdb.com/user/ur211963359/?ref_=tturv_usr_1_t,2025-12-27,1,9,"""reviewCount"":1,""ratingsCount"":9,""checkinCount"":0,""listCount"":0,""watchlistCount"":0,""favoritePeopleCount"":0,""badgesCount"":2,""interestCount"":0",2025-12-27T15:15:31Z
9,ur211935533,https://www.imdb.com/user/ur211935533/?ref_=tturv_usr_1_t,2025-12-26,2,4,"""reviewCount"":2,""ratingsCount"":4,""checkinCount"":0,""listCount"":0,""watchlistCount"":0,""favoritePeopleCount"":0,""badgesCount"":2,""interestCount"":0",2025-12-26T16:13:58Z
9,ur185454070,https://www.imdb.com/user/ur185454070/?ref_=tturv_usr_1_t,2024-07-23,1,2,"""reviewCount"":1,""ratingsCount"":2,""checkinCount"":0,""listCount"":0,""watchlistCount"":0,""favoritePeopleCount"":0,""badgesCount"":2,""interestCount"":0",2024-07-23T12:03:02Z
9,ur211717025,https://www.imdb.com/user/ur211717025/?ref_=tturv_usr_1_t,2025-12-15,2,210,"""reviewCount"":2,""ratingsCount"":210,""checkinCount"":0,""listCount"":0,""watchlistCount"":0,""favoritePeopleCount"":0,""badgesCount"":2,""interestCount"":0",2025-12-15T18:57:37Z
9,ur204558158,https://www.imdb.com/user/ur204558158/?ref_=tturv_usr_1_t,2025-06-30,1,4,"""reviewCount"":1,""ratingsCount"":4,""checkinCount"":0,""listCount"":0,""watchlistCount"":1,""favoritePeopleCount"":0,""badgesCount"":2,""interestCount"":0",2025-06-30T06:08:48Z
9,ur211953836,https://www.imdb.com/user/ur211953836/?ref_=tturv_usr_1_t,2025-12-27,1,2,"""reviewCount"":1,""ratingsCount"":2,""checkinCount"":0,""listCount"":0,""watchlistCount"":0,""favoritePeopleCount"":0,""badgesCount"":2,""interestCount"":0",2025-12-27T08:41:03Z
9,ur111522430,https://www.imdb.com/user/ur111522430/?ref_=tturv_usr_1_t,2019-12-25,2,0,"""reviewCount"":2,""ratingsCount"":0,""checkinCount"":0,""listCount"":0,""watchlistCount"":0,""favoritePeopleCount"":0,""badgesCount"":2,""interestCount"":0",2019-12-25T03:02:38Z
9,ur75859319,https://www.imdb.com/user/ur75859319/?ref_=tturv_usr_1_t,2017-05-03,2,0,"""reviewCount"":2,""ratingsCount"":0,""checkinCount"":0,""listCount"":0,""watchlistCount"":0,""favoritePeopleCount"":0,""badgesCount"":2,""interestCount"":0",2017-05-03T00:25:37Z
9,ur182205723,https://www.imdb.com/user/ur182205723/?ref_=tturv_usr_1_t,2024-05-25,24,37,"""reviewCount"":24,""ratingsCount"":37,""checkinCount"":0,""listCount"":0,""watchlistCount"":10,""favoritePeopleCount"":0,""badgesCount"":2,""interestCount"":0",2024-05-25T06:44:42Z
9,ur150135319,https://www.imdb.com/user/ur150135319/?ref_=tturv_usr_1_t,2022-02-21,1,0,"""reviewCount"":1,""ratingsCount"":0,""checkinCount"":0,""listCount"":0,""watchlistCount"":0,""favoritePeopleCount"":0,""badgesCount"":2,""interestCount"":0",2022-02-21T18:26:33Z
9,ur198931748,https://www.imdb.com/user/ur198931748/?ref_=tturv_usr_1_t,2025-03-28,7,421,"""reviewCount"":7,""ratingsCount"":421,""checkinCount"":0,""listCount"":0,""watchlistCount"":81,""favoritePeopleCount"":0,""badgesCount"":5,""interestCount"":0",2025-03-28T00:48:33Z
9,ur113074382,https://www.imdb.com/user/ur113074382/?ref_=tturv_usr_1_t,2020-01-31,1,0,"""reviewCount"":1,""ratingsCount"":0,""checkinCount"":0,""listCount"":0,""watchlistCount"":0,""favoritePeopleCount"":0,""badgesCount"":2,""interestCount"":0",2020-01-31T11:36:26Z
9,ur131278951,https://www.imdb.com/user/ur131278951/?ref_=tturv_usr_1_t,2021-04-11,2,0,"""reviewCount"":2,""ratingsCount"":0,""checkinCount"":0,""listCount"":0,""watchlistCount"":0,""favoritePeopleCount"":0,""badgesCount"":2,""interestCount"":0",2021-04-11T06:20:52Z
9,ur211949630,https://www.imdb.com/user/ur211949630/?ref_=tturv_usr_1_t,2025-12-27,1,1,"""reviewCount"":1,""ratingsCount"":1,""checkinCount"":0,""listCount"":0,""watchlistCount"":0,""favoritePeopleCount"":0,""badgesCount"":2,""interestCount"":0",2025-12-27T03:10:01Z
9,ur211933918,https://www.imdb.com/user/ur211933918/?ref_=tturv_usr_1_t,2025-12-26,1,5,"""reviewCount"":1,""ratingsCount"":5,""checkinCount"":0,""listCount"":0,""watchlistCount"":0,""favoritePeopleCount"":0,""badgesCount"":2,""interestCount"":0",2025-12-26T14:22:22Z
9,ur211800509,https://www.imdb.com/user/ur211800509/?ref_=tturv_usr_1_t,2025-12-20,1,1,"""reviewCount"":1,""ratingsCount"":1,""checkinCount"":0,""listCount"":0,""watchlistCount"":2,""favoritePeopleCount"":0,""badgesCount"":2,""interestCount"":0",2025-12-20T02:25:04Z
9,ur191377422,https://www.imdb.com/user/ur191377422/?ref_=tturv_usr_1_t,2024-11-10,1,5,"""reviewCount"":1,""ratingsCount"":5,""checkinCount"":0,""listCount"":0,""watchlistCount"":0,""favoritePeopleCount"":0,""badgesCount"":2,""interestCount"":0",NA
9,ur200682916,https://www.imdb.com/user/ur200682916/?ref_=tturv_usr_1_t,2025-04-29,7,319,"""reviewCount"":7,""ratingsCount"":319,""checkinCount"":0,""listCount"":0,""watchlistCount"":1,""favoritePeopleCount"":0,""badgesCount"":3,""interestCount"":0",2025-04-29T18:47:34Z
9,ur171393150,https://www.imdb.com/user/ur171393150/?ref_=tturv_usr_1_t,2023-10-12,1,0,"""reviewCount"":1,""ratingsCount"":0,""checkinCount"":0,""listCount"":0,""watchlistCount"":0,""favoritePeopleCount"":0,""badgesCount"":2,""interestCount"":0",2023-10-12T08:31:26Z
9,ur211942666,https://www.imdb.com/user/ur211942666/?ref_=tturv_usr_1_t,2025-12-26,2,8,"""reviewCount"":2,""ratingsCount"":8,""checkinCount"":0,""listCount"":0,""watchlistCount"":0,""favoritePeopleCount"":0,""badgesCount"":2,""interestCount"":0",2025-12-26T22:30:15Z
9,ur207146731,https://www.imdb.com/user/ur207146731/?ref_=tturv_usr_1_t,2025-08-17,1,1,"""reviewCount"":1,""ratingsCount"":1,""checkinCount"":0,""listCount"":0,""watchlistCount"":0,""favoritePeopleCount"":0,""badgesCount"":2,""interestCount"":0",2025-08-17T01:40:28Z
9,ur188733139,https://www.imdb.com/user/ur188733139/?ref_=tturv_usr_1_t,2024-09-22,8,9,"""reviewCount"":8,""ratingsCount"":9,""checkinCount"":0,""listCount"":0,""watchlistCount"":0,""favoritePeopleCount"":0,""badgesCount"":2,""interestCount"":0",2024-09-22T14:15:18Z
9,ur99794120,https://www.imdb.com/user/ur99794120/?ref_=tturv_usr_1_t,2019-02-27,74,4094,"""reviewCount"":74,""ratingsCount"":4094,""checkinCount"":0,""listCount"":10,""watchlistCount"":0,""favoritePeopleCount"":0,""badgesCount"":8,""interestCount"":0",2019-02-27T13:12:45Z
9,ur112457205,https://www.imdb.com/user/ur112457205/?ref_=tturv_usr_1_t,2020-01-15,1,0,"""reviewCount"":1,""ratingsCount"":0,""checkinCount"":0,""listCount"":0,""watchlistCount"":0,""favoritePeopleCount"":0,""badgesCount"":2,""interestCount"":0",2020-01-15T18:40:20Z
9,ur176925570,https://www.imdb.com/user/ur176925570/?ref_=tturv_usr_1_t,2024-02-04,2,0,"""reviewCount"":2,""ratingsCount"":0,""checkinCount"":0,""listCount"":0,""watchlistCount"":0,""favoritePeopleCount"":0,""badgesCount"":3,""interestCount"":0",2024-02-04T06:17:47Z
9,ur209230288,https://www.imdb.com/user/ur209230288/?ref_=tturv_usr_1_t,2025-09-22,1,43,"""reviewCount"":1,""ratingsCount"":43,""checkinCount"":0,""listCount"":0,""watchlistCount"":2,""favoritePeopleCount"":0,""badgesCount"":2,""interestCount"":0",2025-09-22T15:29:48Z
9,ur195142341,https://www.imdb.com/user/ur195142341/?ref_=tturv_usr_1_t,2025-01-14,1,15,"""reviewCount"":1,""ratingsCount"":15,""checkinCount"":0,""listCount"":0,""watchlistCount"":2,""favoritePeopleCount"":0,""badgesCount"":2,""interestCount"":0",2025-01-14T09:13:48Z
9,ur148144652,https://www.imdb.com/user/ur148144652/?ref_=tturv_usr_1_t,2022-01-09,2,0,"""reviewCount"":2,""ratingsCount"":0,""checkinCount"":0,""listCount"":0,""watchlistCount"":1,""favoritePeopleCount"":0,""badgesCount"":2,""interestCount"":0",2022-01-09T00:37:13Z
9,ur73707532,https://www.imdb.com/user/ur73707532/?ref_=tturv_usr_1_t,2017-03-07,14,0,"""reviewCount"":14,""ratingsCount"":0,""checkinCount"":0,""listCount"":0,""watchlistCount"":0,""favoritePeopleCount"":0,""badgesCount"":4,""interestCount"":0",2017-03-07T08:04:26Z
9,ur171776088,https://www.imdb.com/user/ur171776088/?ref_=tturv_usr_1_t,2023-10-22,151,1301,"""reviewCount"":151,""ratingsCount"":1301,""checkinCount"":0,""listCount"":0,""watchlistCount"":71,""favoritePeopleCount"":0,""badgesCount"":4,""interestCount"":0",2023-10-22T01:46:27Z
10,ur123243243,https://www.imdb.com/user/ur123243243/?ref_=tturv_usr_1_t,2020-08-16,1,0,"""reviewCount"":1,""ratingsCount"":0,""checkinCount"":0,""listCount"":0,""watchlistCount"":0,""favoritePeopleCount"":0,""badgesCount"":1,""interestCount"":0",2020-08-16T17:53:21Z
10,ur148010145,https://www.imdb.com/user/ur148010145/?ref_=tturv_usr_1_t,2022-01-05,6,0,"""reviewCount"":6,""ratingsCount"":0,""checkinCount"":0,""listCount"":0,""watchlistCount"":0,""favoritePeopleCount"":0,""badgesCount"":2,""interestCount"":0",2022-01-05T21:48:49Z
10,ur164570151,https://www.imdb.com/user/ur164570151/?ref_=tturv_usr_1_t,2023-04-17,1,0,"""reviewCount"":1,""ratingsCount"":0,""checkinCount"":0,""listCount"":0,""watchlistCount"":0,""favoritePeopleCount"":0,""badgesCount"":2,""interestCount"":0",2023-04-17T19:18:15Z
10,ur129900439,https://www.imdb.com/user/ur129900439/?ref_=tturv_usr_1_t,2021-02-27,2,0,"""reviewCount"":2,""ratingsCount"":0,""checkinCount"":0,""listCount"":0,""watchlistCount"":0,""favoritePeopleCount"":0,""badgesCount"":2,""interestCount"":0",2021-02-27T18:37:50Z
10,ur13102811,https://www.imdb.com/user/ur13102811/?ref_=tturv_usr_1_t,2006-11-23,1,0,"""reviewCount"":1,""ratingsCount"":0,""checkinCount"":0,""listCount"":0,""watchlistCount"":528,""favoritePeopleCount"":0,""badgesCount"":2,""interestCount"":0",2006-11-23T05:20:54Z
10,ur85242416,https://www.imdb.com/user/ur85242416/?ref_=tturv_usr_1_t,2018-02-08,1,0,"""reviewCount"":1,""ratingsCount"":0,""checkinCount"":0,""listCount"":0,""watchlistCount"":0,""favoritePeopleCount"":0,""badgesCount"":1,""interestCount"":0",2018-02-08T07:42:48Z
10,ur212101717,https://www.imdb.com/user/ur212101717/?ref_=tturv_usr_1_t,2026-01-01,1,2,"""reviewCount"":1,""ratingsCount"":2,""checkinCount"":0,""listCount"":0,""watchlistCount"":0,""favoritePeopleCount"":0,""badgesCount"":2,""interestCount"":0",2026-01-01T03:53:12Z
10,ur6973202,https://www.imdb.com/user/ur6973202/?ref_=tturv_usr_1_t,2005-08-31,1,0,"""reviewCount"":1,""ratingsCount"":0,""checkinCount"":0,""listCount"":0,""watchlistCount"":0,""favoritePeopleCount"":0,""badgesCount"":1,""interestCount"":0",2005-08-31T14:50:01Z
10,ur5465485,https://www.imdb.com/user/ur5465485/?ref_=tturv_usr_1_t,2005-05-29,1,0,"""reviewCount"":1,""ratingsCount"":0,""checkinCount"":0,""listCount"":0,""watchlistCount"":0,""favoritePeopleCount"":0,""badgesCount"":1,""interestCount"":0",2005-05-29T06:18:04Z
10,ur212150473,https://www.imdb.com/user/ur212150473/?ref_=tturv_usr_1_t,2026-01-02,1,1,"""reviewCount"":1,""ratingsCount"":1,""checkinCount"":0,""listCount"":0,""watchlistCount"":0,""favoritePeopleCount"":0,""badgesCount"":2,""interestCount"":0",2026-01-02T15:29:04Z
10,ur35162034,https://www.imdb.com/user/ur35162034/?ref_=tturv_usr_1_t,2012-07-20,4,1922,"""reviewCount"":4,""ratingsCount"":1922,""checkinCount"":0,""listCount"":0,""watchlistCount"":444,""favoritePeopleCount"":0,""badgesCount"":3,""interestCount"":0",2012-07-20T17:11:24Z
10,ur32876900,https://www.imdb.com/user/ur32876900/?ref_=tturv_usr_1_t,2012-04-02,1,0,"""reviewCount"":1,""ratingsCount"":0,""checkinCount"":0,""listCount"":0,""watchlistCount"":486,""favoritePeopleCount"":0,""badgesCount"":6,""interestCount"":0",2012-04-02T08:36:48Z
10,ur125698068,https://www.imdb.com/user/ur125698068/?ref_=tturv_usr_1_t,2020-10-31,1,0,"""reviewCount"":1,""ratingsCount"":0,""checkinCount"":0,""listCount"":0,""watchlistCount"":1,""favoritePeopleCount"":0,""badgesCount"":2,""interestCount"":0",2020-10-31T00:11:18Z
10,ur210216035,https://www.imdb.com/user/ur210216035/?ref_=tturv_usr_1_t,2025-10-09,2,2,"""reviewCount"":2,""ratingsCount"":2,""checkinCount"":0,""listCount"":0,""watchlistCount"":0,""favoritePeopleCount"":0,""badgesCount"":2,""interestCount"":0",2025-10-09T03:11:17Z
10,ur57382972,https://www.imdb.com/user/ur57382972/?ref_=tturv_usr_1_t,2014-12-26,1,0,"""reviewCount"":1,""ratingsCount"":0,""checkinCount"":0,""listCount"":0,""watchlistCount"":0,""favoritePeopleCount"":0,""badgesCount"":1,""interestCount"":0",2014-12-26T03:38:36Z
10,ur212135966,https://www.imdb.com/user/ur212135966/?ref_=tturv_usr_1_t,2026-01-02,1,1,"""reviewCount"":1,""ratingsCount"":1,""checkinCount"":0,""listCount"":0,""watchlistCount"":0,""favoritePeopleCount"":0,""badgesCount"":2,""interestCount"":0",2026-01-02T01:56:35Z
10,ur23635950,https://www.imdb.com/user/ur23635950/?ref_=tturv_usr_1_t,2010-07-31,186,0,"""reviewCount"":186,""ratingsCount"":0,""checkinCount"":0,""listCount"":0,""watchlistCount"":0,""favoritePeopleCount"":0,""badgesCount"":4,""interestCount"":0",2010-07-31T21:02:39Z
10,ur183308232,https://www.imdb.com/user/ur183308232/?ref_=tturv_usr_1_t,2024-06-15,2,9,"""reviewCount"":2,""ratingsCount"":9,""checkinCount"":0,""listCount"":0,""watchlistCount"":0,""favoritePeopleCount"":0,""badgesCount"":2,""interestCount"":0",2024-06-15T17:41:41Z
10,ur212136078,https://www.imdb.com/user/ur212136078/?ref_=tturv_usr_1_t,2026-01-02,1,1,"""reviewCount"":1,""ratingsCount"":1,""checkinCount"":0,""listCount"":0,""watchlistCount"":0,""favoritePeopleCount"":0,""badgesCount"":2,""interestCount"":0",2026-01-02T00:40:50Z
10,ur212135196,https://www.imdb.com/user/ur212135196/?ref_=tturv_usr_1_t,2026-01-02,1,1,"""reviewCount"":1,""ratingsCount"":1,""checkinCount"":0,""listCount"":0,""watchlistCount"":0,""favoritePeopleCount"":0,""badgesCount"":2,""interestCount"":0",2026-01-02T00:35:22Z
10,ur212073461,https://www.imdb.com/user/ur212073461/?ref_=tturv_usr_1_t,2025-12-30,2,3,"""reviewCount"":2,""ratingsCount"":3,""checkinCount"":0,""listCount"":0,""watchlistCount"":0,""favoritePeopleCount"":0,""badgesCount"":2,""interestCount"":0",2025-12-30T20:31:31Z
10,ur134577157,https://www.imdb.com/user/ur134577157/?ref_=tturv_usr_1_t,2021-07-14,2,0,"""reviewCount"":2,""ratingsCount"":0,""checkinCount"":0,""listCount"":0,""watchlistCount"":0,""favoritePeopleCount"":0,""badgesCount"":2,""interestCount"":0",2021-07-14T07:07:02Z
10,ur212132373,https://www.imdb.com/user/ur212132373/?ref_=tturv_usr_1_t,2026-01-01,1,3,"""reviewCount"":1,""ratingsCount"":3,""checkinCount"":0,""listCount"":0,""watchlistCount"":0,""favoritePeopleCount"":0,""badgesCount"":2,""interestCount"":0",2026-01-01T22:28:44Z
10,ur212130145,https://www.imdb.com/user/ur212130145/?ref_=tturv_usr_1_t,2026-01-01,1,9,"""reviewCount"":1,""ratingsCount"":9,""checkinCount"":0,""listCount"":0,""watchlistCount"":0,""favoritePeopleCount"":0,""badgesCount"":2,""interestCount"":0",2026-01-01T21:42:34Z
10,ur102791097,https://www.imdb.com/user/ur102791097/?ref_=tturv_usr_1_t,2019-05-10,1,0,"""reviewCount"":1,""ratingsCount"":0,""checkinCount"":0,""listCount"":0,""watchlistCount"":0,""favoritePeopleCount"":0,""badgesCount"":2,""interestCount"":0",2019-05-10T21:40:03Z
10,ur212128899,https://www.imdb.com/user/ur212128899/?ref_=tturv_usr_1_t,2026-01-01,1,1,"""reviewCount"":1,""ratingsCount"":1,""checkinCount"":0,""listCount"":0,""watchlistCount"":0,""favoritePeopleCount"":0,""badgesCount"":2,""interestCount"":0",2026-01-01T20:04:05Z
10,ur135079184,https://www.imdb.com/user/ur135079184/?ref_=tturv_usr_1_t,2021-07-29,3,0,"""reviewCount"":3,""ratingsCount"":0,""checkinCount"":0,""listCount"":0,""watchlistCount"":0,""favoritePeopleCount"":0,""badgesCount"":2,""interestCount"":0",2021-07-29T16:29:33Z
10,ur212112021,https://www.imdb.com/user/ur212112021/?ref_=tturv_usr_1_t,2026-01-01,3,4,"""reviewCount"":3,""ratingsCount"":4,""checkinCount"":0,""listCount"":0,""watchlistCount"":0,""favoritePeopleCount"":0,""badgesCount"":2,""interestCount"":0",2026-01-01T10:12:20Z
10,ur212064781,https://www.imdb.com/user/ur212064781/?ref_=tturv_usr_1_t,2025-12-30,1,30,"""reviewCount"":1,""ratingsCount"":30,""checkinCount"":0,""listCount"":0,""watchlistCount"":4,""favoritePeopleCount"":0,""badgesCount"":2,""interestCount"":0",2025-12-30T14:17:24Z
10,ur6125637,https://www.imdb.com/user/ur6125637/?ref_=tturv_usr_1_t,2005-07-03,1,0,"""reviewCount"":1,""ratingsCount"":0,""checkinCount"":0,""listCount"":0,""watchlistCount"":0,""favoritePeopleCount"":0,""badgesCount"":2,""interestCount"":0",2005-07-03T20:58:02Z
10,ur211986771,https://www.imdb.com/user/ur211986771/?ref_=tturv_usr_1_t,2025-12-28,1,4,"""reviewCount"":1,""ratingsCount"":4,""checkinCount"":0,""listCount"":0,""watchlistCount"":0,""favoritePeopleCount"":0,""badgesCount"":2,""interestCount"":0",2025-12-28T10:18:02Z
10,ur212118924,https://www.imdb.com/user/ur212118924/?ref_=tturv_usr_1_t,2026-01-01,1,1,"""reviewCount"":1,""ratingsCount"":1,""checkinCount"":0,""listCount"":0,""watchlistCount"":0,""favoritePeopleCount"":0,""badgesCount"":2,""interestCount"":0",2026-01-01T15:29:32Z
10,ur212024480,https://www.imdb.com/user/ur212024480/?ref_=tturv_usr_1_t,2025-12-29,1,13,"""reviewCount"":1,""ratingsCount"":13,""checkinCount"":0,""listCount"":0,""watchlistCount"":0,""favoritePeopleCount"":0,""badgesCount"":2,""interestCount"":0",2025-12-29T08:57:09Z
10,ur199779237,https://www.imdb.com/user/ur199779237/?ref_=tturv_usr_1_t,2025-04-12,1,2,"""reviewCount"":1,""ratingsCount"":2,""checkinCount"":0,""listCount"":1,""watchlistCount"":0,""favoritePeopleCount"":0,""badgesCount"":2,""interestCount"":0",2025-04-12T02:59:43Z
10,ur211465962,https://www.imdb.com/user/ur211465962/?ref_=tturv_usr_1_t,2025-12-02,1,4,"""reviewCount"":1,""ratingsCount"":4,""checkinCount"":0,""listCount"":0,""watchlistCount"":0,""favoritePeopleCount"":0,""badgesCount"":2,""interestCount"":0",2025-12-02T12:55:02Z
10,ur172308265,https://www.imdb.com/user/ur172308265/?ref_=tturv_usr_1_t,2023-11-03,4,0,"""reviewCount"":4,""ratingsCount"":0,""checkinCount"":0,""listCount"":0,""watchlistCount"":0,""favoritePeopleCount"":0,""badgesCount"":2,""interestCount"":0",2023-11-03T23:03:19Z
10,ur68675936,https://www.imdb.com/user/ur68675936/?ref_=tturv_usr_1_t,2016-09-07,1,0,"""reviewCount"":1,""ratingsCount"":0,""checkinCount"":0,""listCount"":0,""watchlistCount"":0,""favoritePeopleCount"":0,""badgesCount"":2,""interestCount"":0",2016-09-07T21:34:05Z
10,ur212109633,https://www.imdb.com/user/ur212109633/?ref_=tturv_usr_1_t,2026-01-01,1,3,"""reviewCount"":1,""ratingsCount"":3,""checkinCount"":0,""listCount"":0,""watchlistCount"":0,""favoritePeopleCount"":0,""badgesCount"":2,""interestCount"":0",2026-01-01T09:21:44Z
10,ur212102447,https://www.imdb.com/user/ur212102447/?ref_=tturv_usr_1_t,2026-01-01,1,43,"""reviewCount"":1,""ratingsCount"":43,""checkinCount"":0,""listCount"":0,""watchlistCount"":0,""favoritePeopleCount"":0,""badgesCount"":2,""interestCount"":0",2026-01-01T04:27:38Z
10,ur169950837,https://www.imdb.com/user/ur169950837/?ref_=tturv_usr_1_t,2023-08-31,4,0,"""reviewCount"":4,""ratingsCount"":0,""checkinCount"":0,""listCount"":0,""watchlistCount"":0,""favoritePeopleCount"":0,""badgesCount"":2,""interestCount"":0",2023-08-31T19:34:56Z
10,ur196087633,https://www.imdb.com/user/ur196087633/?ref_=tturv_usr_1_t,2025-01-31,1,4,"""reviewCount"":1,""ratingsCount"":4,""checkinCount"":0,""listCount"":0,""watchlistCount"":0,""favoritePeopleCount"":0,""badgesCount"":2,""interestCount"":0",2025-01-31T14:54:09Z
10,ur212107400,https://www.imdb.com/user/ur212107400/?ref_=tturv_usr_1_t,2026-01-01,1,7,"""reviewCount"":1,""ratingsCount"":7,""checkinCount"":0,""listCount"":0,""watchlistCount"":1,""favoritePeopleCount"":0,""badgesCount"":2,""interestCount"":0",2026-01-01T06:11:05Z
10,ur211672623,https://www.imdb.com/user/ur211672623/?ref_=tturv_usr_1_t,2025-12-13,2,43,"""reviewCount"":2,""ratingsCount"":43,""checkinCount"":0,""listCount"":0,""watchlistCount"":0,""favoritePeopleCount"":0,""badgesCount"":2,""interestCount"":0",2025-12-13T18:34:02Z
10,ur212105689,https://www.imdb.com/user/ur212105689/?ref_=tturv_usr_1_t,2026-01-01,2,4,"""reviewCount"":2,""ratingsCount"":4,""checkinCount"":0,""listCount"":0,""watchlistCount"":0,""favoritePeopleCount"":0,""badgesCount"":2,""interestCount"":0",2026-01-01T05:08:48Z
10,ur212104049,https://www.imdb.com/user/ur212104049/?ref_=tturv_usr_1_t,2026-01-01,2,2,"""reviewCount"":2,""ratingsCount"":2,""checkinCount"":0,""listCount"":0,""watchlistCount"":0,""favoritePeopleCount"":0,""badgesCount"":2,""interestCount"":0",2026-01-01T04:16:32Z
10,ur63735435,https://www.imdb.com/user/ur63735435/?ref_=tturv_usr_1_t,2015-11-11,2,0,"""reviewCount"":2,""ratingsCount"":0,""checkinCount"":0,""listCount"":0,""watchlistCount"":0,""favoritePeopleCount"":0,""badgesCount"":2,""interestCount"":0",2015-11-11T00:52:17Z
10,ur209761056,https://www.imdb.com/user/ur209761056/?ref_=tturv_usr_1_t,2025-10-01,1,1,"""reviewCount"":1,""ratingsCount"":1,""checkinCount"":0,""listCount"":0,""watchlistCount"":0,""favoritePeopleCount"":0,""badgesCount"":2,""interestCount"":0",2025-10-01T09:55:52Z
10,ur68566796,https://www.imdb.com/user/ur68566796/?ref_=tturv_usr_1_t,2016-08-31,1,0,"""reviewCount"":1,""ratingsCount"":0,""checkinCount"":0,""listCount"":0,""watchlistCount"":0,""favoritePeopleCount"":0,""badgesCount"":2,""interestCount"":0",2016-08-31T03:08:08Z
10,ur0695806,https://www.imdb.com/user/ur0695806/?ref_=tturv_usr_1_t,2000-05-12,7,0,"""reviewCount"":7,""ratingsCount"":0,""checkinCount"":0,""listCount"":0,""watchlistCount"":0,""favoritePeopleCount"":0,""badgesCount"":3,""interestCount"":0",2000-05-12T23:32:53Z
10,ur1995369,https://www.imdb.com/user/ur1995369/?ref_=tturv_usr_1_t,2002-10-20,4,0,"""reviewCount"":4,""ratingsCount"":0,""checkinCount"":8,""listCount"":0,""watchlistCount"":173,""favoritePeopleCount"":0,""badgesCount"":4,""interestCount"":0",2002-10-20T13:48:28Z
10,ur48735250,https://www.imdb.com/user/ur48735250/?ref_=tturv_usr_1_t,2013-12-10,8,4915,"""reviewCount"":8,""ratingsCount"":4915,""checkinCount"":0,""listCount"":0,""watchlistCount"":0,""favoritePeopleCount"":0,""badgesCount"":4,""interestCount"":0",2013-12-10T23:35:21Z
10,ur48955976,https://www.imdb.com/user/ur48955976/?ref_=tturv_usr_1_t,2013-12-20,3,0,"""reviewCount"":3,""ratingsCount"":0,""checkinCount"":0,""listCount"":0,""watchlistCount"":0,""favoritePeopleCount"":0,""badgesCount"":2,""interestCount"":0",2013-12-20T12:16:58Z
10,ur212097239,https://www.imdb.com/user/ur212097239/?ref_=tturv_usr_1_t,2025-12-31,1,1,"""reviewCount"":1,""ratingsCount"":1,""checkinCount"":0,""listCount"":0,""watchlistCount"":0,""favoritePeopleCount"":0,""badgesCount"":2,""interestCount"":0",2025-12-31T23:41:57Z
10,ur201645067,https://www.imdb.com/user/ur201645067/?ref_=tturv_usr_1_t,2025-05-19,3,4,"""reviewCount"":3,""ratingsCount"":4,""checkinCount"":0,""listCount"":0,""watchlistCount"":0,""favoritePeopleCount"":0,""badgesCount"":2,""interestCount"":0",2025-05-19T17:53:13Z
10,ur211598983,https://www.imdb.com/user/ur211598983/?ref_=tturv_usr_1_t,2025-12-09,2,2,"""reviewCount"":2,""ratingsCount"":2,""checkinCount"":0,""listCount"":0,""watchlistCount"":0,""favoritePeopleCount"":0,""badgesCount"":2,""interestCount"":0",2025-12-09T21:34:51Z
10,ur197609857,https://www.imdb.com/user/ur197609857/?ref_=tturv_usr_1_t,2025-02-28,1,210,"""reviewCount"":1,""ratingsCount"":210,""checkinCount"":1,""listCount"":1,""watchlistCount"":10,""favoritePeopleCount"":0,""badgesCount"":2,""interestCount"":0",2025-02-28T18:29:44Z
10,ur206909513,https://www.imdb.com/user/ur206909513/?ref_=tturv_usr_1_t,2025-08-12,4,5,"""reviewCount"":4,""ratingsCount"":5,""checkinCount"":0,""listCount"":1,""watchlistCount"":0,""favoritePeopleCount"":0,""badgesCount"":2,""interestCount"":0",2025-08-12T14:22:46Z
10,ur190109383,https://www.imdb.com/user/ur190109383/?ref_=tturv_usr_1_t,2024-10-18,3,209,"""reviewCount"":3,""ratingsCount"":209,""checkinCount"":1,""listCount"":0,""watchlistCount"":88,""favoritePeopleCount"":0,""badgesCount"":2,""interestCount"":0",2024-10-18T09:57:18Z
10,ur11947201,https://www.imdb.com/user/ur11947201/?ref_=tturv_usr_1_t,2006-08-22,1,0,"""reviewCount"":1,""ratingsCount"":0,""checkinCount"":0,""listCount"":0,""watchlistCount"":0,""favoritePeopleCount"":0,""badgesCount"":2,""interestCount"":0",2006-08-22T20:57:22Z
10,ur206692553,https://www.imdb.com/user/ur206692553/?ref_=tturv_usr_1_t,2025-08-08,1,1,"""reviewCount"":1,""ratingsCount"":1,""checkinCount"":0,""listCount"":0,""watchlistCount"":0,""favoritePeopleCount"":0,""badgesCount"":2,""interestCount"":0",2025-08-08T07:10:58Z
10,ur212085388,https://www.imdb.com/user/ur212085388/?ref_=tturv_usr_1_t,2025-12-31,1,2,"""reviewCount"":1,""ratingsCount"":2,""checkinCount"":0,""listCount"":0,""watchlistCount"":0,""favoritePeopleCount"":0,""badgesCount"":2,""interestCount"":0",2025-12-31T07:41:53Z
10,ur210917629,https://www.imdb.com/user/ur210917629/?ref_=tturv_usr_1_t,2025-10-31,8,24,"""reviewCount"":8,""ratingsCount"":24,""checkinCount"":0,""listCount"":0,""watchlistCount"":0,""favoritePeopleCount"":0,""badgesCount"":2,""interestCount"":0",2025-10-31T15:16:04Z
10,ur158399218,https://www.imdb.com/user/ur158399218/?ref_=tturv_usr_1_t,2022-11-02,3,0,"""reviewCount"":3,""ratingsCount"":0,""checkinCount"":0,""listCount"":0,""watchlistCount"":0,""favoritePeopleCount"":0,""badgesCount"":2,""interestCount"":0",2022-11-02T21:42:24Z
10,ur1973716,https://www.imdb.com/user/ur1973716/?ref_=tturv_usr_1_t,2002-10-07,15,871,"""reviewCount"":15,""ratingsCount"":871,""checkinCount"":0,""listCount"":0,""watchlistCount"":0,""favoritePeopleCount"":0,""badgesCount"":2,""interestCount"":0",2002-10-07T15:04:48Z
10,ur164359193,https://www.imdb.com/user/ur164359193/?ref_=tturv_usr_1_t,2023-04-11,1,0,"""reviewCount"":1,""ratingsCount"":0,""checkinCount"":0,""listCount"":0,""watchlistCount"":1,""favoritePeopleCount"":0,""badgesCount"":2,""interestCount"":0",2023-04-11T19:44:54Z
10,ur150013602,https://www.imdb.com/user/ur150013602/?ref_=tturv_usr_1_t,2022-02-17,3,0,"""reviewCount"":3,""ratingsCount"":0,""checkinCount"":0,""listCount"":0,""watchlistCount"":0,""favoritePeopleCount"":0,""badgesCount"":5,""interestCount"":0",2022-02-17T16:46:56Z
10,ur212089213,https://www.imdb.com/user/ur212089213/?ref_=tturv_usr_1_t,2025-12-31,1,1,"""reviewCount"":1,""ratingsCount"":1,""checkinCount"":0,""listCount"":0,""watchlistCount"":0,""favoritePeopleCount"":0,""badgesCount"":2,""interestCount"":0",2025-12-31T14:40:59Z
10,ur212089244,https://www.imdb.com/user/ur212089244/?ref_=tturv_usr_1_t,2025-12-31,1,1,"""reviewCount"":1,""ratingsCount"":1,""checkinCount"":0,""listCount"":0,""watchlistCount"":0,""favoritePeopleCount"":0,""badgesCount"":2,""interestCount"":0",2025-12-31T14:21:56Z
10,ur212063576,https://www.imdb.com/user/ur212063576/?ref_=tturv_usr_1_t,2025-12-30,1,2,"""reviewCount"":1,""ratingsCount"":2,""checkinCount"":0,""listCount"":0,""watchlistCount"":0,""favoritePeopleCount"":0,""badgesCount"":2,""interestCount"":0",2025-12-30T14:14:40Z
10,ur24119904,https://www.imdb.com/user/ur24119904/?ref_=tturv_usr_1_t,2010-10-23,10,0,"""reviewCount"":10,""ratingsCount"":0,""checkinCount"":0,""listCount"":0,""watchlistCount"":0,""favoritePeopleCount"":0,""badgesCount"":3,""interestCount"":0",2010-10-23T12:15:24Z
10,ur212089108,https://www.imdb.com/user/ur212089108/?ref_=tturv_usr_1_t,2025-12-31,1,1,"""reviewCount"":1,""ratingsCount"":1,""checkinCount"":0,""listCount"":0,""watchlistCount"":0,""favoritePeopleCount"":0,""badgesCount"":2,""interestCount"":0",2025-12-31T13:16:15Z
10,ur49686033,https://www.imdb.com/user/ur49686033/?ref_=tturv_usr_1_t,2014-01-09,1,0,"""reviewCount"":1,""ratingsCount"":0,""checkinCount"":0,""listCount"":0,""watchlistCount"":0,""favoritePeopleCount"":0,""badgesCount"":2,""interestCount"":0",2014-01-09T18:01:04Z
10,ur211969139,https://www.imdb.com/user/ur211969139/?ref_=tturv_usr_1_t,2025-12-27,1,13,"""reviewCount"":1,""ratingsCount"":13,""checkinCount"":0,""listCount"":0,""watchlistCount"":0,""favoritePeopleCount"":0,""badgesCount"":2,""interestCount"":0",2025-12-27T19:22:19Z
10,ur212087592,https://www.imdb.com/user/ur212087592/?ref_=tturv_usr_1_t,2025-12-31,1,1,"""reviewCount"":1,""ratingsCount"":1,""checkinCount"":0,""listCount"":0,""watchlistCount"":0,""favoritePeopleCount"":0,""badgesCount"":2,""interestCount"":0",2025-12-31T12:46:43Z
10,ur212087421,https://www.imdb.com/user/ur212087421/?ref_=tturv_usr_1_t,2025-12-31,1,3,"""reviewCount"":1,""ratingsCount"":3,""checkinCount"":0,""listCount"":0,""watchlistCount"":0,""favoritePeopleCount"":0,""badgesCount"":2,""interestCount"":0",2025-12-31T12:06:03Z
10,ur212088059,https://www.imdb.com/user/ur212088059/?ref_=tturv_usr_1_t,2025-12-31,1,2,"""reviewCount"":1,""ratingsCount"":2,""checkinCount"":0,""listCount"":0,""watchlistCount"":1,""favoritePeopleCount"":0,""badgesCount"":2,""interestCount"":0",2025-12-31T11:40:11Z
10,ur212024067,https://www.imdb.com/user/ur212024067/?ref_=tturv_usr_1_t,2025-12-29,1,2,"""reviewCount"":1,""ratingsCount"":2,""checkinCount"":0,""listCount"":0,""watchlistCount"":1,""favoritePeopleCount"":0,""badgesCount"":2,""interestCount"":0",2025-12-29T09:34:10Z
10,ur211650064,https://www.imdb.com/user/ur211650064/?ref_=tturv_usr_1_t,2025-12-12,1,3,"""reviewCount"":1,""ratingsCount"":3,""checkinCount"":0,""listCount"":0,""watchlistCount"":0,""favoritePeopleCount"":0,""badgesCount"":2,""interestCount"":0",2025-12-12T17:58:23Z
10,ur212087110,https://www.imdb.com/user/ur212087110/?ref_=tturv_usr_1_t,2025-12-31,1,2,"""reviewCount"":1,""ratingsCount"":2,""checkinCount"":0,""listCount"":0,""watchlistCount"":1,""favoritePeopleCount"":0,""badgesCount"":2,""interestCount"":0",2025-12-31T10:34:23Z
10,ur212085973,https://www.imdb.com/user/ur212085973/?ref_=tturv_usr_1_t,2025-12-31,1,1,"""reviewCount"":1,""ratingsCount"":1,""checkinCount"":0,""listCount"":0,""watchlistCount"":0,""favoritePeopleCount"":0,""badgesCount"":2,""interestCount"":0",2025-12-31T09:25:05Z
10,ur212087228,https://www.imdb.com/user/ur212087228/?ref_=tturv_usr_1_t,2025-12-31,1,1,"""reviewCount"":1,""ratingsCount"":1,""checkinCount"":0,""listCount"":0,""watchlistCount"":0,""favoritePeopleCount"":0,""badgesCount"":2,""interestCount"":0",2025-12-31T10:34:58Z
10,ur1977140,https://www.imdb.com/user/ur1977140/?ref_=tturv_usr_1_t,2002-10-09,3,0,"""reviewCount"":3,""ratingsCount"":0,""checkinCount"":0,""listCount"":0,""watchlistCount"":0,""favoritePeopleCount"":0,""badgesCount"":2,""interestCount"":0",2002-10-09T15:10:16Z
10,ur212086421,https://www.imdb.com/user/ur212086421/?ref_=tturv_usr_1_t,2025-12-31,1,1,"""reviewCount"":1,""ratingsCount"":1,""checkinCount"":0,""listCount"":0,""watchlistCount"":0,""favoritePeopleCount"":0,""badgesCount"":2,""interestCount"":0",2025-12-31T09:55:38Z
10,ur172254389,https://www.imdb.com/user/ur172254389/?ref_=tturv_usr_1_t,2023-11-02,2,0,"""reviewCount"":2,""ratingsCount"":0,""checkinCount"":0,""listCount"":0,""watchlistCount"":1,""favoritePeopleCount"":0,""badgesCount"":2,""interestCount"":0",2023-11-02T17:30:28Z
10,ur211953202,https://www.imdb.com/user/ur211953202/?ref_=tturv_usr_1_t,2025-12-27,1,10,"""reviewCount"":1,""ratingsCount"":10,""checkinCount"":0,""listCount"":0,""watchlistCount"":0,""favoritePeopleCount"":0,""badgesCount"":2,""interestCount"":0",2025-12-27T06:16:20Z
10,ur212085948,https://www.imdb.com/user/ur212085948/?ref_=tturv_usr_1_t,2025-12-31,1,7,"""reviewCount"":1,""ratingsCount"":7,""checkinCount"":0,""listCount"":0,""watchlistCount"":0,""favoritePeopleCount"":0,""badgesCount"":2,""interestCount"":0",2025-12-31T08:26:16Z
10,ur212048613,https://www.imdb.com/user/ur212048613/?ref_=tturv_usr_1_t,2025-12-29,5,23,"""reviewCount"":5,""ratingsCount"":23,""checkinCount"":0,""listCount"":0,""watchlistCount"":0,""favoritePeopleCount"":0,""badgesCount"":2,""interestCount"":0",2025-12-29T23:37:52Z
10,ur212085131,https://www.imdb.com/user/ur212085131/?ref_=tturv_usr_1_t,2025-12-31,1,1,"""reviewCount"":1,""ratingsCount"":1,""checkinCount"":0,""listCount"":0,""watchlistCount"":0,""favoritePeopleCount"":0,""badgesCount"":2,""interestCount"":0",2025-12-31T08:14:35Z
10,ur212084453,https://www.imdb.com/user/ur212084453/?ref_=tturv_usr_1_t,2025-12-31,1,3,"""reviewCount"":1,""ratingsCount"":3,""checkinCount"":0,""listCount"":0,""watchlistCount"":2,""favoritePeopleCount"":0,""badgesCount"":2,""interestCount"":0",2025-12-31T08:10:15Z
10,ur170505673,https://www.imdb.com/user/ur170505673/?ref_=tturv_usr_1_t,2023-09-16,1,0,"""reviewCount"":1,""ratingsCount"":0,""checkinCount"":0,""listCount"":0,""watchlistCount"":0,""favoritePeopleCount"":0,""badgesCount"":2,""interestCount"":0",2023-09-16T13:35:59Z
10,ur212085579,https://www.imdb.com/user/ur212085579/?ref_=tturv_usr_1_t,2025-12-31,1,1,"""reviewCount"":1,""ratingsCount"":1,""checkinCount"":0,""listCount"":0,""watchlistCount"":0,""favoritePeopleCount"":0,""badgesCount"":2,""interestCount"":0",2025-12-31T07:59:39Z
10,ur212049910,https://www.imdb.com/user/ur212049910/?ref_=tturv_usr_1_t,2025-12-30,1,13,"""reviewCount"":1,""ratingsCount"":13,""checkinCount"":0,""listCount"":0,""watchlistCount"":0,""favoritePeopleCount"":0,""badgesCount"":2,""interestCount"":0",2025-12-30T00:16:32Z
10,ur212084981,https://www.imdb.com/user/ur212084981/?ref_=tturv_usr_1_t,2025-12-31,1,1,"""reviewCount"":1,""ratingsCount"":1,""checkinCount"":0,""listCount"":0,""watchlistCount"":1,""favoritePeopleCount"":0,""badgesCount"":2,""interestCount"":0",2025-12-31T07:17:16Z
10,ur7530783,https://www.imdb.com/user/ur7530783/?ref_=tturv_usr_1_t,2005-10-13,1,0,"""reviewCount"":1,""ratingsCount"":0,""checkinCount"":0,""listCount"":0,""watchlistCount"":0,""favoritePeopleCount"":0,""badgesCount"":2,""interestCount"":0",2005-10-13T01:11:38Z
10,ur185654272,https://www.imdb.com/user/ur185654272/?ref_=tturv_usr_1_t,2024-07-27,9,8,"""reviewCount"":9,""ratingsCount"":8,""checkinCount"":0,""listCount"":0,""watchlistCount"":0,""favoritePeopleCount"":0,""badgesCount"":2,""interestCount"":0",2024-07-27T05:23:41Z
10,ur194384796,https://www.imdb.com/user/ur194384796/?ref_=tturv_usr_1_t,2025-01-02,1,2,"""reviewCount"":1,""ratingsCount"":2,""checkinCount"":0,""listCount"":0,""watchlistCount"":0,""favoritePeopleCount"":0,""badgesCount"":2,""interestCount"":0",2025-01-02T18:04:03Z
10,ur185654272,https://www.imdb.com/user/ur185654272/?ref_=tturv_usr_1_t,2024-07-27,9,8,"""reviewCount"":9,""ratingsCount"":8,""checkinCount"":0,""listCount"":0,""watchlistCount"":0,""favoritePeopleCount"":0,""badgesCount"":2,""interestCount"":0",2024-07-27T05:23:41Z
10,ur70026265,https://www.imdb.com/user/ur70026265/?ref_=tturv_usr_1_t,2016-12-03,5,0,"""reviewCount"":5,""ratingsCount"":0,""checkinCount"":0,""listCount"":0,""watchlistCount"":0,""favoritePeopleCount"":0,""badgesCount"":2,""interestCount"":0",2016-12-03T19:54:24Z
10,ur212081336,https://www.imdb.com/user/ur212081336/?ref_=tturv_usr_1_t,2025-12-31,1,1,"""reviewCount"":1,""ratingsCount"":1,""checkinCount"":0,""listCount"":0,""watchlistCount"":0,""favoritePeopleCount"":0,""badgesCount"":2,""interestCount"":0",2025-12-31T05:49:53Z
10,ur211972073,https://www.imdb.com/user/ur211972073/?ref_=tturv_usr_1_t,2025-12-27,1,72,"""reviewCount"":1,""ratingsCount"":72,""checkinCount"":0,""listCount"":0,""watchlistCount"":0,""favoritePeopleCount"":0,""badgesCount"":2,""interestCount"":0",2025-12-27T22:12:54Z
10,ur212082112,https://www.imdb.com/user/ur212082112/?ref_=tturv_usr_1_t,2025-12-31,1,42,"""reviewCount"":1,""ratingsCount"":42,""checkinCount"":0,""listCount"":0,""watchlistCount"":0,""favoritePeopleCount"":0,""badgesCount"":2,""interestCount"":0",2025-12-31T05:07:43Z
10,ur211953082,https://www.imdb.com/user/ur211953082/?ref_=tturv_usr_1_t,2025-12-27,2,10,"""reviewCount"":2,""ratingsCount"":10,""checkinCount"":0,""listCount"":0,""watchlistCount"":0,""favoritePeopleCount"":0,""badgesCount"":2,""interestCount"":0",2025-12-27T06:01:18Z
10,ur96239708,https://www.imdb.com/user/ur96239708/?ref_=tturv_usr_1_t,2018-12-10,1,0,"""reviewCount"":1,""ratingsCount"":0,""checkinCount"":0,""listCount"":0,""watchlistCount"":0,""favoritePeopleCount"":0,""badgesCount"":2,""interestCount"":0",2018-12-10T18:44:40Z
10,ur52563803,https://www.imdb.com/user/ur52563803/?ref_=tturv_usr_1_t,2014-05-07,21,0,"""reviewCount"":21,""ratingsCount"":0,""checkinCount"":0,""listCount"":0,""watchlistCount"":0,""favoritePeopleCount"":0,""badgesCount"":2,""interestCount"":0",2014-05-07T02:21:19Z
10,ur62647117,https://www.imdb.com/user/ur62647117/?ref_=tturv_usr_1_t,2015-09-14,2,501,"""reviewCount"":2,""ratingsCount"":501,""checkinCount"":0,""listCount"":8,""watchlistCount"":0,""favoritePeopleCount"":0,""badgesCount"":2,""interestCount"":0",2015-09-14T16:08:27Z
10,ur212079655,https://www.imdb.com/user/ur212079655/?ref_=tturv_usr_1_t,2025-12-31,1,1,"""reviewCount"":1,""ratingsCount"":1,""checkinCount"":0,""listCount"":0,""watchlistCount"":0,""favoritePeopleCount"":0,""badgesCount"":2,""interestCount"":0",2025-12-31T03:23:14Z
10,ur212081241,https://www.imdb.com/user/ur212081241/?ref_=tturv_usr_1_t,2025-12-31,1,1,"""reviewCount"":1,""ratingsCount"":1,""checkinCount"":0,""listCount"":0,""watchlistCount"":0,""favoritePeopleCount"":0,""badgesCount"":2,""interestCount"":0",2025-12-31T03:15:10Z
10,ur44831751,https://www.imdb.com/user/ur44831751/?ref_=tturv_usr_1_t,2013-07-06,2,0,"""reviewCount"":2,""ratingsCount"":0,""checkinCount"":0,""listCount"":0,""watchlistCount"":0,""favoritePeopleCount"":0,""badgesCount"":3,""interestCount"":0",2013-07-06T03:31:59Z
10,ur212034633,https://www.imdb.com/user/ur212034633/?ref_=tturv_usr_1_t,2025-12-29,1,4,"""reviewCount"":1,""ratingsCount"":4,""checkinCount"":0,""listCount"":0,""watchlistCount"":2,""favoritePeopleCount"":0,""badgesCount"":2,""interestCount"":0",2025-12-29T16:09:11Z
10,ur89420096,https://www.imdb.com/user/ur89420096/?ref_=tturv_usr_1_t,2018-06-24,6,0,"""reviewCount"":6,""ratingsCount"":0,""checkinCount"":0,""listCount"":0,""watchlistCount"":0,""favoritePeopleCount"":0,""badgesCount"":2,""interestCount"":0",2018-06-24T22:47:43Z
10,ur8055112,https://www.imdb.com/user/ur8055112/?ref_=tturv_usr_1_t,2005-11-19,1,0,"""reviewCount"":1,""ratingsCount"":0,""checkinCount"":0,""listCount"":0,""watchlistCount"":0,""favoritePeopleCount"":0,""badgesCount"":2,""interestCount"":0",2005-11-19T20:10:22Z
10,ur67924426,https://www.imdb.com/user/ur67924426/?ref_=tturv_usr_1_t,2016-07-11,1,0,"""reviewCount"":1,""ratingsCount"":0,""checkinCount"":0,""listCount"":0,""watchlistCount"":0,""favoritePeopleCount"":0,""badgesCount"":2,""interestCount"":0",2016-07-11T06:36:45Z
10,ur212033002,https://www.imdb.com/user/ur212033002/?ref_=tturv_usr_1_t,2025-12-29,1,6,"""reviewCount"":1,""ratingsCount"":6,""checkinCount"":0,""listCount"":0,""watchlistCount"":0,""favoritePeopleCount"":0,""badgesCount"":2,""interestCount"":0",2025-12-29T15:43:28Z
10,ur123540943,https://www.imdb.com/user/ur123540943/?ref_=tturv_usr_1_t,2020-08-24,2,0,"""reviewCount"":2,""ratingsCount"":0,""checkinCount"":0,""listCount"":0,""watchlistCount"":0,""favoritePeopleCount"":0,""badgesCount"":2,""interestCount"":0",2020-08-24T22:41:39Z
10,ur208319429,https://www.imdb.com/user/ur208319429/?ref_=tturv_usr_1_t,2025-09-07,1,3,"""reviewCount"":1,""ratingsCount"":3,""checkinCount"":0,""listCount"":0,""watchlistCount"":0,""favoritePeopleCount"":0,""badgesCount"":2,""interestCount"":0",2025-09-07T21:38:54Z
10,ur212079905,https://www.imdb.com/user/ur212079905/?ref_=tturv_usr_1_t,2025-12-31,1,1,"""reviewCount"":1,""ratingsCount"":1,""checkinCount"":0,""listCount"":0,""watchlistCount"":0,""favoritePeopleCount"":0,""badgesCount"":2,""interestCount"":0",2025-12-31T01:56:51Z
10,ur212079800,https://www.imdb.com/user/ur212079800/?ref_=tturv_usr_1_t,2025-12-31,2,3,"""reviewCount"":2,""ratingsCount"":3,""checkinCount"":0,""listCount"":0,""watchlistCount"":0,""favoritePeopleCount"":0,""badgesCount"":2,""interestCount"":0",2025-12-31T01:17:27Z
10,ur193643338,https://www.imdb.com/user/ur193643338/?ref_=tturv_usr_1_t,2024-12-21,1,1,"""reviewCount"":1,""ratingsCount"":1,""checkinCount"":0,""listCount"":0,""watchlistCount"":1,""favoritePeopleCount"":0,""badgesCount"":2,""interestCount"":0",2024-12-21T14:31:35Z
10,ur107078727,https://www.imdb.com/user/ur107078727/?ref_=tturv_usr_1_t,2019-08-26,2,0,"""reviewCount"":2,""ratingsCount"":0,""checkinCount"":0,""listCount"":0,""watchlistCount"":0,""favoritePeopleCount"":0,""badgesCount"":2,""interestCount"":0",2019-08-26T22:28:55Z
10,ur39525540,https://www.imdb.com/user/ur39525540/?ref_=tturv_usr_1_t,2013-01-04,1,0,"""reviewCount"":1,""ratingsCount"":0,""checkinCount"":0,""listCount"":0,""watchlistCount"":0,""favoritePeopleCount"":0,""badgesCount"":4,""interestCount"":0",2013-01-04T21:34:28Z
10,ur6275030,https://www.imdb.com/user/ur6275030/?ref_=tturv_usr_1_t,2005-07-13,1,0,"""reviewCount"":1,""ratingsCount"":0,""checkinCount"":0,""listCount"":0,""watchlistCount"":0,""favoritePeopleCount"":0,""badgesCount"":2,""interestCount"":0",2005-07-13T16:11:02Z
10,ur212077356,https://www.imdb.com/user/ur212077356/?ref_=tturv_usr_1_t,2025-12-31,2,3,"""reviewCount"":2,""ratingsCount"":3,""checkinCount"":0,""listCount"":0,""watchlistCount"":0,""favoritePeopleCount"":0,""badgesCount"":2,""interestCount"":0",2025-12-31T00:20:11Z
10,ur212078921,https://www.imdb.com/user/ur212078921/?ref_=tturv_usr_1_t,2025-12-31,1,1,"""reviewCount"":1,""ratingsCount"":1,""checkinCount"":0,""listCount"":0,""watchlistCount"":0,""favoritePeopleCount"":0,""badgesCount"":2,""interestCount"":0",2025-12-31T00:18:00Z
10,ur212077563,https://www.imdb.com/user/ur212077563/?ref_=tturv_usr_1_t,2025-12-31,1,3,"""reviewCount"":1,""ratingsCount"":3,""checkinCount"":0,""listCount"":0,""watchlistCount"":0,""favoritePeopleCount"":0,""badgesCount"":2,""interestCount"":0",2025-12-31T00:12:04Z
10,ur212077775,https://www.imdb.com/user/ur212077775/?ref_=tturv_usr_1_t,2025-12-31,1,1,"""reviewCount"":1,""ratingsCount"":1,""checkinCount"":0,""listCount"":0,""watchlistCount"":0,""favoritePeopleCount"":0,""badgesCount"":2,""interestCount"":0",2025-12-31T00:11:06Z
10,ur211657495,https://www.imdb.com/user/ur211657495/?ref_=tturv_usr_1_t,2025-12-13,1,2,"""reviewCount"":1,""ratingsCount"":2,""checkinCount"":0,""listCount"":0,""watchlistCount"":3,""favoritePeopleCount"":0,""badgesCount"":2,""interestCount"":0",2025-12-13T02:54:43Z
10,ur168690984,https://www.imdb.com/user/ur168690984/?ref_=tturv_usr_1_t,2023-07-30,1,0,"""reviewCount"":1,""ratingsCount"":0,""checkinCount"":0,""listCount"":4,""watchlistCount"":0,""favoritePeopleCount"":0,""badgesCount"":2,""interestCount"":0",2023-07-30T17:57:16Z
10,ur212054032,https://www.imdb.com/user/ur212054032/?ref_=tturv_usr_1_t,2025-12-30,2,63,"""reviewCount"":2,""ratingsCount"":63,""checkinCount"":0,""listCount"":0,""watchlistCount"":10,""favoritePeopleCount"":0,""badgesCount"":2,""interestCount"":0",2025-12-30T03:39:03Z
10,ur45946541,https://www.imdb.com/user/ur45946541/?ref_=tturv_usr_1_t,2013-08-17,2,0,"""reviewCount"":2,""ratingsCount"":0,""checkinCount"":0,""listCount"":0,""watchlistCount"":0,""favoritePeopleCount"":0,""badgesCount"":3,""interestCount"":0",2013-08-17T21:29:36Z
10,ur212078029,https://www.imdb.com/user/ur212078029/?ref_=tturv_usr_1_t,2025-12-30,2,2,"""reviewCount"":2,""ratingsCount"":2,""checkinCount"":0,""listCount"":0,""watchlistCount"":2,""favoritePeopleCount"":0,""badgesCount"":2,""interestCount"":0",2025-12-30T23:23:23Z
10,ur135792816,https://www.imdb.com/user/ur135792816/?ref_=tturv_usr_1_t,2021-08-21,5,0,"""reviewCount"":5,""ratingsCount"":0,""checkinCount"":0,""listCount"":0,""watchlistCount"":0,""favoritePeopleCount"":0,""badgesCount"":2,""interestCount"":0",2021-08-21T14:31:04Z
10,ur11530847,https://www.imdb.com/user/ur11530847/?ref_=tturv_usr_1_t,2006-07-23,1,0,"""reviewCount"":1,""ratingsCount"":0,""checkinCount"":0,""listCount"":0,""watchlistCount"":0,""favoritePeopleCount"":0,""badgesCount"":2,""interestCount"":0",2006-07-23T01:07:51Z
10,ur212076353,https://www.imdb.com/user/ur212076353/?ref_=tturv_usr_1_t,2025-12-30,2,1,"""reviewCount"":2,""ratingsCount"":1,""checkinCount"":0,""listCount"":0,""watchlistCount"":1,""favoritePeopleCount"":0,""badgesCount"":2,""interestCount"":0",2025-12-30T23:11:43Z
10,ur212076353,https://www.imdb.com/user/ur212076353/?ref_=tturv_usr_1_t,2025-12-30,2,1,"""reviewCount"":2,""ratingsCount"":1,""checkinCount"":0,""listCount"":0,""watchlistCount"":1,""favoritePeopleCount"":0,""badgesCount"":2,""interestCount"":0",2025-12-30T23:11:43Z
10,ur212077338,https://www.imdb.com/user/ur212077338/?ref_=tturv_usr_1_t,2025-12-30,1,11,"""reviewCount"":1,""ratingsCount"":11,""checkinCount"":0,""listCount"":0,""watchlistCount"":2,""favoritePeopleCount"":0,""badgesCount"":2,""interestCount"":0",2025-12-30T22:30:39Z
10,ur212050598,https://www.imdb.com/user/ur212050598/?ref_=tturv_usr_1_t,2025-12-30,1,4,"""reviewCount"":1,""ratingsCount"":4,""checkinCount"":0,""listCount"":0,""watchlistCount"":0,""favoritePeopleCount"":0,""badgesCount"":2,""interestCount"":0",2025-12-30T00:02:14Z
10,ur211995515,https://www.imdb.com/user/ur211995515/?ref_=tturv_usr_1_t,2025-12-28,3,3,"""reviewCount"":3,""ratingsCount"":3,""checkinCount"":0,""listCount"":0,""watchlistCount"":1,""favoritePeopleCount"":0,""badgesCount"":2,""interestCount"":0",2025-12-28T15:50:28Z
10,ur156091252,https://www.imdb.com/user/ur156091252/?ref_=tturv_usr_1_t,2022-08-24,1,0,"""reviewCount"":1,""ratingsCount"":0,""checkinCount"":25,""listCount"":0,""watchlistCount"":83,""favoritePeopleCount"":0,""badgesCount"":2,""interestCount"":0",2022-08-24T07:28:50Z
10,ur212011114,https://www.imdb.com/user/ur212011114/?ref_=tturv_usr_1_t,2025-12-28,1,7,"""reviewCount"":1,""ratingsCount"":7,""checkinCount"":0,""listCount"":0,""watchlistCount"":0,""favoritePeopleCount"":0,""badgesCount"":2,""interestCount"":0",2025-12-28T23:36:46Z
10,ur212077168,https://www.imdb.com/user/ur212077168/?ref_=tturv_usr_1_t,2025-12-30,1,2,"""reviewCount"":1,""ratingsCount"":2,""checkinCount"":0,""listCount"":0,""watchlistCount"":0,""favoritePeopleCount"":0,""badgesCount"":2,""interestCount"":0",2025-12-30T22:24:32Z
10,ur212076619,https://www.imdb.com/user/ur212076619/?ref_=tturv_usr_1_t,2025-12-30,1,1,"""reviewCount"":1,""ratingsCount"":1,""checkinCount"":0,""listCount"":0,""watchlistCount"":1,""favoritePeopleCount"":0,""badgesCount"":2,""interestCount"":0",2025-12-30T22:06:22Z
10,ur212076541,https://www.imdb.com/user/ur212076541/?ref_=tturv_usr_1_t,2025-12-30,1,1,"""reviewCount"":1,""ratingsCount"":1,""checkinCount"":0,""listCount"":0,""watchlistCount"":0,""favoritePeopleCount"":0,""badgesCount"":2,""interestCount"":0",2025-12-30T22:08:03Z
10,ur109013830,https://www.imdb.com/user/ur109013830/?ref_=tturv_usr_1_t,2019-10-20,1,0,"""reviewCount"":1,""ratingsCount"":0,""checkinCount"":0,""listCount"":0,""watchlistCount"":0,""favoritePeopleCount"":0,""badgesCount"":2,""interestCount"":0",2019-10-20T17:14:05Z
10,ur103577213,https://www.imdb.com/user/ur103577213/?ref_=tturv_usr_1_t,2019-05-27,1,0,"""reviewCount"":1,""ratingsCount"":0,""checkinCount"":0,""listCount"":0,""watchlistCount"":0,""favoritePeopleCount"":0,""badgesCount"":2,""interestCount"":0",2019-05-27T22:50:24Z
10,ur212075670,https://www.imdb.com/user/ur212075670/?ref_=tturv_usr_1_t,2025-12-30,1,2,"""reviewCount"":1,""ratingsCount"":2,""checkinCount"":0,""listCount"":0,""watchlistCount"":0,""favoritePeopleCount"":0,""badgesCount"":2,""interestCount"":0",2025-12-30T21:43:29Z
10,ur212075191,https://www.imdb.com/user/ur212075191/?ref_=tturv_usr_1_t,2025-12-30,1,7,"""reviewCount"":1,""ratingsCount"":7,""checkinCount"":0,""listCount"":0,""watchlistCount"":0,""favoritePeopleCount"":0,""badgesCount"":2,""interestCount"":0",2025-12-30T21:38:41Z
10,ur211982661,https://www.imdb.com/user/ur211982661/?ref_=tturv_usr_1_t,2025-12-28,2,5,"""reviewCount"":2,""ratingsCount"":5,""checkinCount"":0,""listCount"":0,""watchlistCount"":0,""favoritePeopleCount"":0,""badgesCount"":2,""interestCount"":0",2025-12-28T06:50:00Z
10,ur212074182,https://www.imdb.com/user/ur212074182/?ref_=tturv_usr_1_t,2025-12-30,1,1,"""reviewCount"":1,""ratingsCount"":1,""checkinCount"":0,""listCount"":0,""watchlistCount"":0,""favoritePeopleCount"":0,""badgesCount"":2,""interestCount"":0",2025-12-30T21:22:46Z
10,ur212073854,https://www.imdb.com/user/ur212073854/?ref_=tturv_usr_1_t,2025-12-30,1,10,"""reviewCount"":1,""ratingsCount"":10,""checkinCount"":0,""listCount"":0,""watchlistCount"":3,""favoritePeopleCount"":0,""badgesCount"":2,""interestCount"":0",2025-12-30T21:02:28Z
10,ur12826751,https://www.imdb.com/user/ur12826751/?ref_=tturv_usr_1_t,2006-10-31,4,2239,"""reviewCount"":4,""ratingsCount"":2239,""checkinCount"":187,""listCount"":1,""watchlistCount"":0,""favoritePeopleCount"":0,""badgesCount"":3,""interestCount"":0",2006-10-31T23:29:41Z
10,ur112260965,https://www.imdb.com/user/ur112260965/?ref_=tturv_usr_1_t,2020-01-11,8,0,"""reviewCount"":8,""ratingsCount"":0,""checkinCount"":0,""listCount"":0,""watchlistCount"":0,""favoritePeopleCount"":0,""badgesCount"":2,""interestCount"":0",2020-01-11T09:45:52Z
10,ur212072688,https://www.imdb.com/user/ur212072688/?ref_=tturv_usr_1_t,2025-12-30,1,5,"""reviewCount"":1,""ratingsCount"":5,""checkinCount"":0,""listCount"":0,""watchlistCount"":2,""favoritePeopleCount"":0,""badgesCount"":2,""interestCount"":0",2025-12-30T19:27:47Z
10,ur212074039,https://www.imdb.com/user/ur212074039/?ref_=tturv_usr_1_t,2025-12-30,1,1,"""reviewCount"":1,""ratingsCount"":1,""checkinCount"":0,""listCount"":0,""watchlistCount"":0,""favoritePeopleCount"":0,""badgesCount"":2,""interestCount"":0",2025-12-30T20:49:51Z
10,ur195470963,https://www.imdb.com/user/ur195470963/?ref_=tturv_usr_1_t,2025-01-19,1,1,"""reviewCount"":1,""ratingsCount"":1,""checkinCount"":0,""listCount"":0,""watchlistCount"":1,""favoritePeopleCount"":0,""badgesCount"":2,""interestCount"":0",2025-01-19T21:26:58Z
10,ur212072284,https://www.imdb.com/user/ur212072284/?ref_=tturv_usr_1_t,2025-12-30,1,1,"""reviewCount"":1,""ratingsCount"":1,""checkinCount"":0,""listCount"":0,""watchlistCount"":0,""favoritePeopleCount"":0,""badgesCount"":2,""interestCount"":0",2025-12-30T20:25:00Z
10,ur211977585,https://www.imdb.com/user/ur211977585/?ref_=tturv_usr_1_t,2025-12-28,3,2,"""reviewCount"":3,""ratingsCount"":2,""checkinCount"":0,""listCount"":0,""watchlistCount"":0,""favoritePeopleCount"":0,""badgesCount"":2,""interestCount"":0",2025-12-28T03:34:21Z
10,ur212071233,https://www.imdb.com/user/ur212071233/?ref_=tturv_usr_1_t,2025-12-30,1,2,"""reviewCount"":1,""ratingsCount"":2,""checkinCount"":0,""listCount"":0,""watchlistCount"":0,""favoritePeopleCount"":0,""badgesCount"":2,""interestCount"":0",2025-12-30T19:36:45Z
10,ur208651335,https://www.imdb.com/user/ur208651335/?ref_=tturv_usr_1_t,2025-09-13,1,9,"""reviewCount"":1,""ratingsCount"":9,""checkinCount"":0,""listCount"":0,""watchlistCount"":0,""favoritePeopleCount"":0,""badgesCount"":2,""interestCount"":0",2025-09-13T12:25:25Z
10,ur212070314,https://www.imdb.com/user/ur212070314/?ref_=tturv_usr_1_t,2025-12-30,1,3,"""reviewCount"":1,""ratingsCount"":3,""checkinCount"":0,""listCount"":0,""watchlistCount"":1,""favoritePeopleCount"":0,""badgesCount"":2,""interestCount"":0",2025-12-30T18:44:04Z
10,ur212071009,https://www.imdb.com/user/ur212071009/?ref_=tturv_usr_1_t,2025-12-30,2,2,"""reviewCount"":2,""ratingsCount"":2,""checkinCount"":0,""listCount"":0,""watchlistCount"":0,""favoritePeopleCount"":0,""badgesCount"":2,""interestCount"":0",2025-12-30T18:40:11Z
10,ur23607749,https://www.imdb.com/user/ur23607749/?ref_=tturv_usr_1_t,2010-07-26,1,0,"""reviewCount"":1,""ratingsCount"":0,""checkinCount"":0,""listCount"":0,""watchlistCount"":0,""favoritePeopleCount"":0,""badgesCount"":2,""interestCount"":0",2010-07-26T18:47:26Z
10,ur211432388,https://www.imdb.com/user/ur211432388/?ref_=tturv_usr_1_t,2025-11-30,1,22,"""reviewCount"":1,""ratingsCount"":22,""checkinCount"":0,""listCount"":0,""watchlistCount"":0,""favoritePeopleCount"":0,""badgesCount"":2,""interestCount"":0",2025-11-30T13:17:17Z
10,ur167687132,https://www.imdb.com/user/ur167687132/?ref_=tturv_usr_1_t,2023-07-10,1,0,"""reviewCount"":1,""ratingsCount"":0,""checkinCount"":0,""listCount"":0,""watchlistCount"":0,""favoritePeopleCount"":0,""badgesCount"":2,""interestCount"":0",2023-07-10T03:07:21Z
10,ur212068105,https://www.imdb.com/user/ur212068105/?ref_=tturv_usr_1_t,2025-12-30,1,1,"""reviewCount"":1,""ratingsCount"":1,""checkinCount"":0,""listCount"":0,""watchlistCount"":0,""favoritePeopleCount"":0,""badgesCount"":2,""interestCount"":0",2025-12-30T18:09:40Z
10,ur211448927,https://www.imdb.com/user/ur211448927/?ref_=tturv_usr_1_t,2025-12-01,1,3,"""reviewCount"":1,""ratingsCount"":3,""checkinCount"":0,""listCount"":0,""watchlistCount"":0,""favoritePeopleCount"":0,""badgesCount"":2,""interestCount"":0",2025-12-01T15:24:51Z
10,ur187362567,https://www.imdb.com/user/ur187362567/?ref_=tturv_usr_1_t,2024-08-28,1,1,"""reviewCount"":1,""ratingsCount"":1,""checkinCount"":0,""listCount"":0,""watchlistCount"":0,""favoritePeopleCount"":0,""badgesCount"":2,""interestCount"":0",2024-08-28T21:58:40Z
10,ur69807875,https://www.imdb.com/user/ur69807875/?ref_=tturv_usr_1_t,2016-11-19,1,0,"""reviewCount"":1,""ratingsCount"":0,""checkinCount"":0,""listCount"":0,""watchlistCount"":0,""favoritePeopleCount"":0,""badgesCount"":2,""interestCount"":0",2016-11-19T18:52:13Z
10,ur212067623,https://www.imdb.com/user/ur212067623/?ref_=tturv_usr_1_t,2025-12-30,1,2,"""reviewCount"":1,""ratingsCount"":2,""checkinCount"":0,""listCount"":0,""watchlistCount"":0,""favoritePeopleCount"":0,""badgesCount"":2,""interestCount"":0",2025-12-30T17:28:50Z
10,ur212067786,https://www.imdb.com/user/ur212067786/?ref_=tturv_usr_1_t,2025-12-30,1,1,"""reviewCount"":1,""ratingsCount"":1,""checkinCount"":0,""listCount"":0,""watchlistCount"":0,""favoritePeopleCount"":0,""badgesCount"":2,""interestCount"":0",2025-12-30T17:15:33Z
10,ur212047976,https://www.imdb.com/user/ur212047976/?ref_=tturv_usr_1_t,2025-12-29,1,3,"""reviewCount"":1,""ratingsCount"":3,""checkinCount"":0,""listCount"":0,""watchlistCount"":0,""favoritePeopleCount"":0,""badgesCount"":2,""interestCount"":0",2025-12-29T22:56:47Z
10,ur212066896,https://www.imdb.com/user/ur212066896/?ref_=tturv_usr_1_t,2025-12-30,1,1,"""reviewCount"":1,""ratingsCount"":1,""checkinCount"":0,""listCount"":0,""watchlistCount"":0,""favoritePeopleCount"":0,""badgesCount"":2,""interestCount"":0",2025-12-30T16:50:28Z
10,ur212068349,https://www.imdb.com/user/ur212068349/?ref_=tturv_usr_1_t,2025-12-30,1,1,"""reviewCount"":1,""ratingsCount"":1,""checkinCount"":0,""listCount"":0,""watchlistCount"":0,""favoritePeopleCount"":0,""badgesCount"":2,""interestCount"":0",2025-12-30T16:57:04Z
10,ur212066137,https://www.imdb.com/user/ur212066137/?ref_=tturv_usr_1_t,2025-12-30,1,1,"""reviewCount"":1,""ratingsCount"":1,""checkinCount"":0,""listCount"":0,""watchlistCount"":0,""favoritePeopleCount"":0,""badgesCount"":2,""interestCount"":0",2025-12-30T16:55:21Z
10,ur212067492,https://www.imdb.com/user/ur212067492/?ref_=tturv_usr_1_t,2025-12-30,1,2,"""reviewCount"":1,""ratingsCount"":2,""checkinCount"":0,""listCount"":0,""watchlistCount"":0,""favoritePeopleCount"":0,""badgesCount"":2,""interestCount"":0",2025-12-30T16:43:00Z
10,ur212065834,https://www.imdb.com/user/ur212065834/?ref_=tturv_usr_1_t,2025-12-30,1,1,"""reviewCount"":1,""ratingsCount"":1,""checkinCount"":0,""listCount"":0,""watchlistCount"":0,""favoritePeopleCount"":0,""badgesCount"":2,""interestCount"":0",2025-12-30T16:29:39Z
10,ur59822049,https://www.imdb.com/user/ur59822049/?ref_=tturv_usr_1_t,2015-04-12,1,292,"""reviewCount"":1,""ratingsCount"":292,""checkinCount"":5,""listCount"":0,""watchlistCount"":0,""favoritePeopleCount"":0,""badgesCount"":27,""interestCount"":0",2015-04-12T19:05:26Z
10,ur181129694,https://www.imdb.com/user/ur181129694/?ref_=tturv_usr_1_t,2024-05-04,2,3,"""reviewCount"":2,""ratingsCount"":3,""checkinCount"":0,""listCount"":0,""watchlistCount"":0,""favoritePeopleCount"":0,""badgesCount"":2,""interestCount"":0",2024-05-04T19:27:45Z
10,ur212066332,https://www.imdb.com/user/ur212066332/?ref_=tturv_usr_1_t,2025-12-30,1,1,"""reviewCount"":1,""ratingsCount"":1,""checkinCount"":0,""listCount"":0,""watchlistCount"":0,""favoritePeopleCount"":0,""badgesCount"":2,""interestCount"":0",2025-12-30T15:49:41Z
10,ur212066501,https://www.imdb.com/user/ur212066501/?ref_=tturv_usr_1_t,2025-12-30,1,2,"""reviewCount"":1,""ratingsCount"":2,""checkinCount"":0,""listCount"":0,""watchlistCount"":0,""favoritePeopleCount"":0,""badgesCount"":2,""interestCount"":0",2025-12-30T15:45:29Z
10,ur212023555,https://www.imdb.com/user/ur212023555/?ref_=tturv_usr_1_t,2025-12-29,2,9,"""reviewCount"":2,""ratingsCount"":9,""checkinCount"":0,""listCount"":0,""watchlistCount"":0,""favoritePeopleCount"":0,""badgesCount"":2,""interestCount"":0",2025-12-29T08:41:16Z
10,ur212065394,https://www.imdb.com/user/ur212065394/?ref_=tturv_usr_1_t,2025-12-30,1,1,"""reviewCount"":1,""ratingsCount"":1,""checkinCount"":0,""listCount"":0,""watchlistCount"":0,""favoritePeopleCount"":0,""badgesCount"":2,""interestCount"":0",2025-12-30T15:24:03Z
10,ur200749373,https://www.imdb.com/user/ur200749373/?ref_=tturv_usr_1_t,2025-05-01,1,21,"""reviewCount"":1,""ratingsCount"":21,""checkinCount"":0,""listCount"":0,""watchlistCount"":0,""favoritePeopleCount"":0,""badgesCount"":2,""interestCount"":0",2025-05-01T10:41:47Z
10,ur212064307,https://www.imdb.com/user/ur212064307/?ref_=tturv_usr_1_t,2025-12-30,1,1,"""reviewCount"":1,""ratingsCount"":1,""checkinCount"":0,""listCount"":0,""watchlistCount"":0,""favoritePeopleCount"":0,""badgesCount"":2,""interestCount"":0",2025-12-30T15:09:26Z
10,ur212065192,https://www.imdb.com/user/ur212065192/?ref_=tturv_usr_1_t,2025-12-30,1,3,"""reviewCount"":1,""ratingsCount"":3,""checkinCount"":0,""listCount"":0,""watchlistCount"":0,""favoritePeopleCount"":0,""badgesCount"":2,""interestCount"":0",2025-12-30T15:03:57Z
10,ur212065323,https://www.imdb.com/user/ur212065323/?ref_=tturv_usr_1_t,2025-12-30,6,101,"""reviewCount"":6,""ratingsCount"":101,""checkinCount"":0,""listCount"":0,""watchlistCount"":0,""favoritePeopleCount"":0,""badgesCount"":2,""interestCount"":0",2025-12-30T15:08:21Z
10,ur128470690,https://www.imdb.com/user/ur128470690/?ref_=tturv_usr_1_t,2021-01-17,1,0,"""reviewCount"":1,""ratingsCount"":0,""checkinCount"":0,""listCount"":0,""watchlistCount"":0,""favoritePeopleCount"":0,""badgesCount"":2,""interestCount"":0",2021-01-17T23:04:31Z
10,ur100876727,https://www.imdb.com/user/ur100876727/?ref_=tturv_usr_1_t,2019-03-25,2,0,"""reviewCount"":2,""ratingsCount"":0,""checkinCount"":0,""listCount"":0,""watchlistCount"":0,""favoritePeopleCount"":0,""badgesCount"":2,""interestCount"":0",2019-03-25T22:40:25Z
10,ur212065232,https://www.imdb.com/user/ur212065232/?ref_=tturv_usr_1_t,2025-12-30,1,1,"""reviewCount"":1,""ratingsCount"":1,""checkinCount"":0,""listCount"":0,""watchlistCount"":0,""favoritePeopleCount"":0,""badgesCount"":2,""interestCount"":0",2025-12-30T14:48:04Z
10,ur212064417,https://www.imdb.com/user/ur212064417/?ref_=tturv_usr_1_t,2025-12-30,1,2,"""reviewCount"":1,""ratingsCount"":2,""checkinCount"":0,""listCount"":0,""watchlistCount"":0,""favoritePeopleCount"":0,""badgesCount"":2,""interestCount"":0",2025-12-30T14:44:53Z
10,ur212060441,https://www.imdb.com/user/ur212060441/?ref_=tturv_usr_1_t,2025-12-30,1,3,"""reviewCount"":1,""ratingsCount"":3,""checkinCount"":0,""listCount"":0,""watchlistCount"":0,""favoritePeopleCount"":0,""badgesCount"":2,""interestCount"":0",2025-12-30T10:34:12Z
10,ur159587458,https://www.imdb.com/user/ur159587458/?ref_=tturv_usr_1_t,2022-12-05,2,0,"""reviewCount"":2,""ratingsCount"":0,""checkinCount"":0,""listCount"":0,""watchlistCount"":7,""favoritePeopleCount"":0,""badgesCount"":2,""interestCount"":0",2022-12-05T01:51:34Z
10,ur100359640,https://www.imdb.com/user/ur100359640/?ref_=tturv_usr_1_t,2019-03-13,1,0,"""reviewCount"":1,""ratingsCount"":0,""checkinCount"":0,""listCount"":0,""watchlistCount"":0,""favoritePeopleCount"":0,""badgesCount"":2,""interestCount"":0",2019-03-13T03:01:50Z
10,ur103225540,https://www.imdb.com/user/ur103225540/?ref_=tturv_usr_1_t,2019-05-20,2,0,"""reviewCount"":2,""ratingsCount"":0,""checkinCount"":0,""listCount"":3,""watchlistCount"":0,""favoritePeopleCount"":0,""badgesCount"":2,""interestCount"":0",2019-05-20T15:17:31Z
10,ur212063227,https://www.imdb.com/user/ur212063227/?ref_=tturv_usr_1_t,2025-12-30,1,2,"""reviewCount"":1,""ratingsCount"":2,""checkinCount"":0,""listCount"":0,""watchlistCount"":0,""favoritePeopleCount"":0,""badgesCount"":2,""interestCount"":0",2025-12-30T14:02:56Z
10,ur212064053,https://www.imdb.com/user/ur212064053/?ref_=tturv_usr_1_t,2025-12-30,1,1,"""reviewCount"":1,""ratingsCount"":1,""checkinCount"":0,""listCount"":0,""watchlistCount"":0,""favoritePeopleCount"":0,""badgesCount"":2,""interestCount"":0",2025-12-30T13:59:49Z
10,ur212062314,https://www.imdb.com/user/ur212062314/?ref_=tturv_usr_1_t,2025-12-30,1,7,"""reviewCount"":1,""ratingsCount"":7,""checkinCount"":0,""listCount"":0,""watchlistCount"":0,""favoritePeopleCount"":0,""badgesCount"":2,""interestCount"":0",2025-12-30T13:45:21Z
10,ur212063281,https://www.imdb.com/user/ur212063281/?ref_=tturv_usr_1_t,2025-12-30,1,10,"""reviewCount"":1,""ratingsCount"":10,""checkinCount"":0,""listCount"":0,""watchlistCount"":0,""favoritePeopleCount"":0,""badgesCount"":2,""interestCount"":0",2025-12-30T13:36:11Z
10,ur212064189,https://www.imdb.com/user/ur212064189/?ref_=tturv_usr_1_t,2025-12-30,1,1,"""reviewCount"":1,""ratingsCount"":1,""checkinCount"":0,""listCount"":0,""watchlistCount"":0,""favoritePeopleCount"":0,""badgesCount"":2,""interestCount"":0",2025-12-30T13:35:47Z
10,ur212061927,https://www.imdb.com/user/ur212061927/?ref_=tturv_usr_1_t,2025-12-30,1,2,"""reviewCount"":1,""ratingsCount"":2,""checkinCount"":0,""listCount"":0,""watchlistCount"":0,""favoritePeopleCount"":0,""badgesCount"":2,""interestCount"":0",2025-12-30T13:31:13Z
10,ur192365892,https://www.imdb.com/user/ur192365892/?ref_=tturv_usr_1_t,2024-11-29,1,10,"""reviewCount"":1,""ratingsCount"":10,""checkinCount"":0,""listCount"":0,""watchlistCount"":0,""favoritePeopleCount"":0,""badgesCount"":2,""interestCount"":0",2024-11-29T22:35:17Z
10,ur212044976,https://www.imdb.com/user/ur212044976/?ref_=tturv_usr_1_t,2025-12-29,3,10,"""reviewCount"":3,""ratingsCount"":10,""checkinCount"":0,""listCount"":0,""watchlistCount"":3,""favoritePeopleCount"":0,""badgesCount"":2,""interestCount"":0",2025-12-29T21:08:34Z
10,ur212063929,https://www.imdb.com/user/ur212063929/?ref_=tturv_usr_1_t,2025-12-30,1,1,"""reviewCount"":1,""ratingsCount"":1,""checkinCount"":0,""listCount"":0,""watchlistCount"":0,""favoritePeopleCount"":0,""badgesCount"":2,""interestCount"":0",2025-12-30T13:19:16Z
10,ur212063798,https://www.imdb.com/user/ur212063798/?ref_=tturv_usr_1_t,2025-12-30,1,1,"""reviewCount"":1,""ratingsCount"":1,""checkinCount"":0,""listCount"":0,""watchlistCount"":0,""favoritePeopleCount"":0,""badgesCount"":2,""interestCount"":0",2025-12-30T13:11:44Z
10,ur180424782,https://www.imdb.com/user/ur180424782/?ref_=tturv_usr_1_t,2024-04-19,1,1,"""reviewCount"":1,""ratingsCount"":1,""checkinCount"":0,""listCount"":0,""watchlistCount"":1,""favoritePeopleCount"":0,""badgesCount"":2,""interestCount"":0",2024-04-19T12:01:30Z
10,ur212061881,https://www.imdb.com/user/ur212061881/?ref_=tturv_usr_1_t,2025-12-30,2,3,"""reviewCount"":2,""ratingsCount"":3,""checkinCount"":0,""listCount"":0,""watchlistCount"":0,""favoritePeopleCount"":0,""badgesCount"":2,""interestCount"":0",2025-12-30T13:02:15Z
10,ur212063163,https://www.imdb.com/user/ur212063163/?ref_=tturv_usr_1_t,2025-12-30,1,1,"""reviewCount"":1,""ratingsCount"":1,""checkinCount"":0,""listCount"":0,""watchlistCount"":0,""favoritePeopleCount"":0,""badgesCount"":2,""interestCount"":0",2025-12-30T13:02:41Z
10,ur212062572,https://www.imdb.com/user/ur212062572/?ref_=tturv_usr_1_t,2025-12-30,1,1,"""reviewCount"":1,""ratingsCount"":1,""checkinCount"":0,""listCount"":0,""watchlistCount"":0,""favoritePeopleCount"":0,""badgesCount"":2,""interestCount"":0",2025-12-30T12:50:15Z
10,ur212061526,https://www.imdb.com/user/ur212061526/?ref_=tturv_usr_1_t,2025-12-30,1,1,"""reviewCount"":1,""ratingsCount"":1,""checkinCount"":0,""listCount"":0,""watchlistCount"":0,""favoritePeopleCount"":0,""badgesCount"":2,""interestCount"":0",2025-12-30T12:40:41Z
10,ur212061157,https://www.imdb.com/user/ur212061157/?ref_=tturv_usr_1_t,2025-12-30,2,3,"""reviewCount"":2,""ratingsCount"":3,""checkinCount"":0,""listCount"":0,""watchlistCount"":0,""favoritePeopleCount"":0,""badgesCount"":2,""interestCount"":0",2025-12-30T12:41:35Z
10,ur212061356,https://www.imdb.com/user/ur212061356/?ref_=tturv_usr_1_t,2025-12-30,1,1,"""reviewCount"":1,""ratingsCount"":1,""checkinCount"":0,""listCount"":0,""watchlistCount"":0,""favoritePeopleCount"":0,""badgesCount"":2,""interestCount"":0",2025-12-30T12:09:14Z
10,ur175500983,https://www.imdb.com/user/ur175500983/?ref_=tturv_usr_1_t,2024-01-07,1,0,"""reviewCount"":1,""ratingsCount"":0,""checkinCount"":0,""listCount"":0,""watchlistCount"":0,""favoritePeopleCount"":0,""badgesCount"":2,""interestCount"":0",2024-01-07T08:39:15Z
10,ur185305496,https://www.imdb.com/user/ur185305496/?ref_=tturv_usr_1_t,2024-07-20,1,10,"""reviewCount"":1,""ratingsCount"":10,""checkinCount"":0,""listCount"":0,""watchlistCount"":1,""favoritePeopleCount"":0,""badgesCount"":2,""interestCount"":0",2024-07-20T19:22:35Z
10,ur212006403,https://www.imdb.com/user/ur212006403/?ref_=tturv_usr_1_t,2025-12-28,1,2,"""reviewCount"":1,""ratingsCount"":2,""checkinCount"":0,""listCount"":0,""watchlistCount"":0,""favoritePeopleCount"":0,""badgesCount"":2,""interestCount"":0",2025-12-28T21:26:58Z
10,ur26216829,https://www.imdb.com/user/ur26216829/?ref_=tturv_usr_1_t,2011-05-18,2,0,"""reviewCount"":2,""ratingsCount"":0,""checkinCount"":0,""listCount"":0,""watchlistCount"":0,""favoritePeopleCount"":0,""badgesCount"":2,""interestCount"":0",2011-05-18T16:47:10Z
10,ur161125413,https://www.imdb.com/user/ur161125413/?ref_=tturv_usr_1_t,2023-01-14,1,0,"""reviewCount"":1,""ratingsCount"":0,""checkinCount"":0,""listCount"":0,""watchlistCount"":0,""favoritePeopleCount"":0,""badgesCount"":2,""interestCount"":0",2023-01-14T18:23:25Z
10,ur74514193,https://www.imdb.com/user/ur74514193/?ref_=tturv_usr_1_t,2017-03-30,1,0,"""reviewCount"":1,""ratingsCount"":0,""checkinCount"":0,""listCount"":0,""watchlistCount"":0,""favoritePeopleCount"":0,""badgesCount"":2,""interestCount"":0",2017-03-30T18:59:21Z
10,ur212019993,https://www.imdb.com/user/ur212019993/?ref_=tturv_usr_1_t,2025-12-29,1,1,"""reviewCount"":1,""ratingsCount"":1,""checkinCount"":0,""listCount"":0,""watchlistCount"":0,""favoritePeopleCount"":0,""badgesCount"":2,""interestCount"":0",2025-12-29T05:59:13Z
10,ur212061204,https://www.imdb.com/user/ur212061204/?ref_=tturv_usr_1_t,2025-12-30,1,2,"""reviewCount"":1,""ratingsCount"":2,""checkinCount"":0,""listCount"":0,""watchlistCount"":0,""favoritePeopleCount"":0,""badgesCount"":2,""interestCount"":0",2025-12-30T11:25:34Z
10,ur212061790,https://www.imdb.com/user/ur212061790/?ref_=tturv_usr_1_t,2025-12-30,1,1,"""reviewCount"":1,""ratingsCount"":1,""checkinCount"":0,""listCount"":0,""watchlistCount"":0,""favoritePeopleCount"":0,""badgesCount"":2,""interestCount"":0",2025-12-30T11:18:18Z
10,ur212061690,https://www.imdb.com/user/ur212061690/?ref_=tturv_usr_1_t,2025-12-30,1,6,"""reviewCount"":1,""ratingsCount"":6,""checkinCount"":0,""listCount"":0,""watchlistCount"":0,""favoritePeopleCount"":0,""badgesCount"":2,""interestCount"":0",2025-12-30T11:13:12Z
10,ur136417929,https://www.imdb.com/user/ur136417929/?ref_=tturv_usr_1_t,2021-09-07,1,0,"""reviewCount"":1,""ratingsCount"":0,""checkinCount"":0,""listCount"":0,""watchlistCount"":0,""favoritePeopleCount"":0,""badgesCount"":2,""interestCount"":0",2021-09-07T16:32:58Z
10,ur63442475,https://www.imdb.com/user/ur63442475/?ref_=tturv_usr_1_t,2015-10-26,1,0,"""reviewCount"":1,""ratingsCount"":0,""checkinCount"":0,""listCount"":0,""watchlistCount"":0,""favoritePeopleCount"":0,""badgesCount"":3,""interestCount"":0",2015-10-26T23:19:30Z
10,ur212060204,https://www.imdb.com/user/ur212060204/?ref_=tturv_usr_1_t,2025-12-30,1,1,"""reviewCount"":1,""ratingsCount"":1,""checkinCount"":0,""listCount"":0,""watchlistCount"":0,""favoritePeopleCount"":0,""badgesCount"":2,""interestCount"":0",2025-12-30T10:47:41Z
10,ur212030298,https://www.imdb.com/user/ur212030298/?ref_=tturv_usr_1_t,2025-12-29,1,1,"""reviewCount"":1,""ratingsCount"":1,""checkinCount"":0,""listCount"":0,""watchlistCount"":0,""favoritePeopleCount"":0,""badgesCount"":2,""interestCount"":0",2025-12-29T13:28:26Z
10,ur169078659,https://www.imdb.com/user/ur169078659/?ref_=tturv_usr_1_t,2023-08-10,1,0,"""reviewCount"":1,""ratingsCount"":0,""checkinCount"":0,""listCount"":0,""watchlistCount"":0,""favoritePeopleCount"":0,""badgesCount"":2,""interestCount"":0",2023-08-10T12:04:08Z
10,ur212060537,https://www.imdb.com/user/ur212060537/?ref_=tturv_usr_1_t,2025-12-30,1,2,"""reviewCount"":1,""ratingsCount"":2,""checkinCount"":0,""listCount"":0,""watchlistCount"":0,""favoritePeopleCount"":0,""badgesCount"":2,""interestCount"":0",2025-12-30T10:17:38Z
10,ur212059704,https://www.imdb.com/user/ur212059704/?ref_=tturv_usr_1_t,2025-12-30,1,3,"""reviewCount"":1,""ratingsCount"":3,""checkinCount"":0,""listCount"":0,""watchlistCount"":1,""favoritePeopleCount"":0,""badgesCount"":2,""interestCount"":0",2025-12-30T10:09:48Z
10,ur212060452,https://www.imdb.com/user/ur212060452/?ref_=tturv_usr_1_t,2025-12-30,1,41,"""reviewCount"":1,""ratingsCount"":41,""checkinCount"":0,""listCount"":0,""watchlistCount"":1,""favoritePeopleCount"":0,""badgesCount"":2,""interestCount"":0",2025-12-30T09:55:57Z
10,ur212060330,https://www.imdb.com/user/ur212060330/?ref_=tturv_usr_1_t,2025-12-30,1,1,"""reviewCount"":1,""ratingsCount"":1,""checkinCount"":0,""listCount"":0,""watchlistCount"":0,""favoritePeopleCount"":0,""badgesCount"":2,""interestCount"":0",2025-12-30T09:39:13Z
10,ur183923231,https://www.imdb.com/user/ur183923231/?ref_=tturv_usr_1_t,2024-06-25,1,1,"""reviewCount"":1,""ratingsCount"":1,""checkinCount"":0,""listCount"":0,""watchlistCount"":5,""favoritePeopleCount"":0,""badgesCount"":3,""interestCount"":0",2024-06-25T18:44:26Z
10,ur212059667,https://www.imdb.com/user/ur212059667/?ref_=tturv_usr_1_t,2025-12-30,1,1,"""reviewCount"":1,""ratingsCount"":1,""checkinCount"":0,""listCount"":0,""watchlistCount"":0,""favoritePeopleCount"":0,""badgesCount"":2,""interestCount"":0",2025-12-30T09:25:26Z
10,ur212060080,https://www.imdb.com/user/ur212060080/?ref_=tturv_usr_1_t,2025-12-30,1,6,"""reviewCount"":1,""ratingsCount"":6,""checkinCount"":0,""listCount"":0,""watchlistCount"":0,""favoritePeopleCount"":0,""badgesCount"":2,""interestCount"":0",2025-12-30T09:26:01Z
10,ur212059790,https://www.imdb.com/user/ur212059790/?ref_=tturv_usr_1_t,2025-12-30,1,1,"""reviewCount"":1,""ratingsCount"":1,""checkinCount"":0,""listCount"":0,""watchlistCount"":0,""favoritePeopleCount"":0,""badgesCount"":2,""interestCount"":0",2025-12-30T09:14:39Z
10,ur212060019,https://www.imdb.com/user/ur212060019/?ref_=tturv_usr_1_t,2025-12-30,2,2,"""reviewCount"":2,""ratingsCount"":2,""checkinCount"":0,""listCount"":0,""watchlistCount"":0,""favoritePeopleCount"":0,""badgesCount"":2,""interestCount"":0",2025-12-30T09:09:57Z
10,ur211462325,https://www.imdb.com/user/ur211462325/?ref_=tturv_usr_1_t,2025-12-02,1,9,"""reviewCount"":1,""ratingsCount"":9,""checkinCount"":0,""listCount"":0,""watchlistCount"":0,""favoritePeopleCount"":0,""badgesCount"":2,""interestCount"":0",2025-12-02T06:36:45Z
10,ur212058027,https://www.imdb.com/user/ur212058027/?ref_=tturv_usr_1_t,2025-12-30,1,7,"""reviewCount"":1,""ratingsCount"":7,""checkinCount"":0,""listCount"":0,""watchlistCount"":0,""favoritePeopleCount"":0,""badgesCount"":2,""interestCount"":0",2025-12-30T08:43:43Z
10,ur212059510,https://www.imdb.com/user/ur212059510/?ref_=tturv_usr_1_t,2025-12-30,1,1,"""reviewCount"":1,""ratingsCount"":1,""checkinCount"":0,""listCount"":0,""watchlistCount"":0,""favoritePeopleCount"":0,""badgesCount"":2,""interestCount"":0",2025-12-30T08:43:36Z
10,ur212057992,https://www.imdb.com/user/ur212057992/?ref_=tturv_usr_1_t,2025-12-30,1,1,"""reviewCount"":1,""ratingsCount"":1,""checkinCount"":0,""listCount"":0,""watchlistCount"":0,""favoritePeopleCount"":0,""badgesCount"":2,""interestCount"":0",2025-12-30T08:36:01Z
10,ur84411555,https://www.imdb.com/user/ur84411555/?ref_=tturv_usr_1_t,2018-01-15,1,0,"""reviewCount"":1,""ratingsCount"":0,""checkinCount"":0,""listCount"":0,""watchlistCount"":0,""favoritePeopleCount"":0,""badgesCount"":2,""interestCount"":0",2018-01-15T08:44:59Z
10,ur212058732,https://www.imdb.com/user/ur212058732/?ref_=tturv_usr_1_t,2025-12-30,1,4,"""reviewCount"":1,""ratingsCount"":4,""checkinCount"":0,""listCount"":0,""watchlistCount"":0,""favoritePeopleCount"":0,""badgesCount"":2,""interestCount"":0",2025-12-30T07:51:45Z
10,ur194063070,https://www.imdb.com/user/ur194063070/?ref_=tturv_usr_1_t,2024-12-28,2,3,"""reviewCount"":2,""ratingsCount"":3,""checkinCount"":0,""listCount"":0,""watchlistCount"":0,""favoritePeopleCount"":0,""badgesCount"":2,""interestCount"":0",2024-12-28T12:37:36Z
10,ur211410676,https://www.imdb.com/user/ur211410676/?ref_=tturv_usr_1_t,2025-11-29,1,13,"""reviewCount"":1,""ratingsCount"":13,""checkinCount"":0,""listCount"":0,""watchlistCount"":2,""favoritePeopleCount"":0,""badgesCount"":2,""interestCount"":0",2025-11-29T11:37:07Z
10,ur212058442,https://www.imdb.com/user/ur212058442/?ref_=tturv_usr_1_t,2025-12-30,1,1,"""reviewCount"":1,""ratingsCount"":1,""checkinCount"":0,""listCount"":0,""watchlistCount"":0,""favoritePeopleCount"":0,""badgesCount"":2,""interestCount"":0",2025-12-30T07:49:14Z
10,ur212057625,https://www.imdb.com/user/ur212057625/?ref_=tturv_usr_1_t,2025-12-30,1,8,"""reviewCount"":1,""ratingsCount"":8,""checkinCount"":0,""listCount"":0,""watchlistCount"":0,""favoritePeopleCount"":0,""badgesCount"":2,""interestCount"":0",2025-12-30T07:35:42Z
10,ur212056985,https://www.imdb.com/user/ur212056985/?ref_=tturv_usr_1_t,2025-12-30,1,13,"""reviewCount"":1,""ratingsCount"":13,""checkinCount"":0,""listCount"":0,""watchlistCount"":1,""favoritePeopleCount"":0,""badgesCount"":2,""interestCount"":0",2025-12-30T07:40:13Z
10,ur212058908,https://www.imdb.com/user/ur212058908/?ref_=tturv_usr_1_t,2025-12-30,1,2,"""reviewCount"":1,""ratingsCount"":2,""checkinCount"":0,""listCount"":0,""watchlistCount"":0,""favoritePeopleCount"":0,""badgesCount"":2,""interestCount"":0",2025-12-30T07:45:13Z
10,ur160572325,https://www.imdb.com/user/ur160572325/?ref_=tturv_usr_1_t,2022-12-30,1,0,"""reviewCount"":1,""ratingsCount"":0,""checkinCount"":0,""listCount"":0,""watchlistCount"":0,""favoritePeopleCount"":0,""badgesCount"":2,""interestCount"":0",2022-12-30T14:59:56Z
10,ur212024175,https://www.imdb.com/user/ur212024175/?ref_=tturv_usr_1_t,2025-12-29,1,35,"""reviewCount"":1,""ratingsCount"":35,""checkinCount"":0,""listCount"":0,""watchlistCount"":0,""favoritePeopleCount"":0,""badgesCount"":2,""interestCount"":0",2025-12-29T09:35:53Z
10,ur212057336,https://www.imdb.com/user/ur212057336/?ref_=tturv_usr_1_t,2025-12-30,1,1,"""reviewCount"":1,""ratingsCount"":1,""checkinCount"":0,""listCount"":0,""watchlistCount"":0,""favoritePeopleCount"":0,""badgesCount"":2,""interestCount"":0",2025-12-30T07:07:25Z
10,ur212058240,https://www.imdb.com/user/ur212058240/?ref_=tturv_usr_1_t,2025-12-30,1,2,"""reviewCount"":1,""ratingsCount"":2,""checkinCount"":0,""listCount"":0,""watchlistCount"":0,""favoritePeopleCount"":0,""badgesCount"":2,""interestCount"":0",2025-12-30T07:09:37Z
10,ur164943757,https://www.imdb.com/user/ur164943757/?ref_=tturv_usr_1_t,2023-04-28,1,0,"""reviewCount"":1,""ratingsCount"":0,""checkinCount"":0,""listCount"":0,""watchlistCount"":0,""favoritePeopleCount"":0,""badgesCount"":2,""interestCount"":0",2023-04-28T13:16:45Z
10,ur212057475,https://www.imdb.com/user/ur212057475/?ref_=tturv_usr_1_t,2025-12-30,1,1,"""reviewCount"":1,""ratingsCount"":1,""checkinCount"":0,""listCount"":0,""watchlistCount"":0,""favoritePeopleCount"":0,""badgesCount"":2,""interestCount"":0",2025-12-30T06:53:24Z
10,ur120848079,https://www.imdb.com/user/ur120848079/?ref_=tturv_usr_1_t,2020-07-11,1,0,"""reviewCount"":1,""ratingsCount"":0,""checkinCount"":0,""listCount"":0,""watchlistCount"":0,""favoritePeopleCount"":0,""badgesCount"":2,""interestCount"":0",2020-07-11T03:18:56Z
10,ur182018726,https://www.imdb.com/user/ur182018726/?ref_=tturv_usr_1_t,2024-05-21,1,71,"""reviewCount"":1,""ratingsCount"":71,""checkinCount"":0,""listCount"":0,""watchlistCount"":53,""favoritePeopleCount"":0,""badgesCount"":2,""interestCount"":0",2024-05-21T02:27:43Z
10,ur212057898,https://www.imdb.com/user/ur212057898/?ref_=tturv_usr_1_t,2025-12-30,1,2,"""reviewCount"":1,""ratingsCount"":2,""checkinCount"":0,""listCount"":0,""watchlistCount"":0,""favoritePeopleCount"":0,""badgesCount"":2,""interestCount"":0",2025-12-30T06:35:55Z
10,ur212057639,https://www.imdb.com/user/ur212057639/?ref_=tturv_usr_1_t,2025-12-30,1,2,"""reviewCount"":1,""ratingsCount"":2,""checkinCount"":0,""listCount"":0,""watchlistCount"":0,""favoritePeopleCount"":0,""badgesCount"":2,""interestCount"":0",2025-12-30T06:24:13Z
10,ur126161756,https://www.imdb.com/user/ur126161756/?ref_=tturv_usr_1_t,2020-11-12,2,0,"""reviewCount"":2,""ratingsCount"":0,""checkinCount"":0,""listCount"":0,""watchlistCount"":0,""favoritePeopleCount"":0,""badgesCount"":2,""interestCount"":0",2020-11-12T12:46:44Z
10,ur211984353,https://www.imdb.com/user/ur211984353/?ref_=tturv_usr_1_t,2025-12-28,1,2,"""reviewCount"":1,""ratingsCount"":2,""checkinCount"":0,""listCount"":0,""watchlistCount"":0,""favoritePeopleCount"":0,""badgesCount"":2,""interestCount"":0",2025-12-28T08:32:08Z
10,ur212057388,https://www.imdb.com/user/ur212057388/?ref_=tturv_usr_1_t,2025-12-30,1,1,"""reviewCount"":1,""ratingsCount"":1,""checkinCount"":0,""listCount"":0,""watchlistCount"":0,""favoritePeopleCount"":0,""badgesCount"":2,""interestCount"":0",2025-12-30T05:57:50Z
10,ur163699275,https://www.imdb.com/user/ur163699275/?ref_=tturv_usr_1_t,2023-03-25,2,0,"""reviewCount"":2,""ratingsCount"":0,""checkinCount"":0,""listCount"":0,""watchlistCount"":1,""favoritePeopleCount"":0,""badgesCount"":2,""interestCount"":0",2023-03-25T09:09:17Z
10,ur212056989,https://www.imdb.com/user/ur212056989/?ref_=tturv_usr_1_t,2025-12-30,1,1,"""reviewCount"":1,""ratingsCount"":1,""checkinCount"":0,""listCount"":0,""watchlistCount"":0,""favoritePeopleCount"":0,""badgesCount"":2,""interestCount"":0",2025-12-30T05:43:17Z
10,ur212057118,https://www.imdb.com/user/ur212057118/?ref_=tturv_usr_1_t,2025-12-30,1,2,"""reviewCount"":1,""ratingsCount"":2,""checkinCount"":0,""listCount"":0,""watchlistCount"":0,""favoritePeopleCount"":0,""badgesCount"":2,""interestCount"":0",2025-12-30T05:42:10Z
10,ur211995050,https://www.imdb.com/user/ur211995050/?ref_=tturv_usr_1_t,2025-12-28,1,4,"""reviewCount"":1,""ratingsCount"":4,""checkinCount"":0,""listCount"":0,""watchlistCount"":1,""favoritePeopleCount"":0,""badgesCount"":2,""interestCount"":0",2025-12-28T15:34:45Z
10,ur147391830,https://www.imdb.com/user/ur147391830/?ref_=tturv_usr_1_t,2021-12-20,23,0,"""reviewCount"":23,""ratingsCount"":0,""checkinCount"":0,""listCount"":0,""watchlistCount"":0,""favoritePeopleCount"":0,""badgesCount"":2,""interestCount"":0",2021-12-20T08:21:26Z
10,ur212055165,https://www.imdb.com/user/ur212055165/?ref_=tturv_usr_1_t,2025-12-30,1,1,"""reviewCount"":1,""ratingsCount"":1,""checkinCount"":0,""listCount"":0,""watchlistCount"":0,""favoritePeopleCount"":0,""badgesCount"":2,""interestCount"":0",2025-12-30T05:18:05Z
10,ur212056120,https://www.imdb.com/user/ur212056120/?ref_=tturv_usr_1_t,2025-12-30,1,1,"""reviewCount"":1,""ratingsCount"":1,""checkinCount"":0,""listCount"":0,""watchlistCount"":0,""favoritePeopleCount"":0,""badgesCount"":2,""interestCount"":0",2025-12-30T05:16:29Z
10,ur212008910,https://www.imdb.com/user/ur212008910/?ref_=tturv_usr_1_t,2025-12-28,1,43,"""reviewCount"":1,""ratingsCount"":43,""checkinCount"":0,""listCount"":0,""watchlistCount"":0,""favoritePeopleCount"":0,""badgesCount"":2,""interestCount"":0",2025-12-28T22:24:26Z
10,ur212055062,https://www.imdb.com/user/ur212055062/?ref_=tturv_usr_1_t,2025-12-30,1,1,"""reviewCount"":1,""ratingsCount"":1,""checkinCount"":0,""listCount"":0,""watchlistCount"":0,""favoritePeopleCount"":0,""badgesCount"":2,""interestCount"":0",2025-12-30T04:53:18Z
10,ur212054413,https://www.imdb.com/user/ur212054413/?ref_=tturv_usr_1_t,2025-12-30,1,1,"""reviewCount"":1,""ratingsCount"":1,""checkinCount"":0,""listCount"":0,""watchlistCount"":1,""favoritePeopleCount"":0,""badgesCount"":2,""interestCount"":0",2025-12-30T04:26:14Z
10,ur134118538,https://www.imdb.com/user/ur134118538/?ref_=tturv_usr_1_t,2021-06-29,1,0,"""reviewCount"":1,""ratingsCount"":0,""checkinCount"":0,""listCount"":0,""watchlistCount"":75,""favoritePeopleCount"":0,""badgesCount"":2,""interestCount"":0",2021-06-29T16:32:06Z
10,ur212055729,https://www.imdb.com/user/ur212055729/?ref_=tturv_usr_1_t,2025-12-30,1,1,"""reviewCount"":1,""ratingsCount"":1,""checkinCount"":0,""listCount"":0,""watchlistCount"":1,""favoritePeopleCount"":0,""badgesCount"":2,""interestCount"":0",2025-12-30T04:30:00Z
10,ur212054954,https://www.imdb.com/user/ur212054954/?ref_=tturv_usr_1_t,2025-12-30,2,5,"""reviewCount"":2,""ratingsCount"":5,""checkinCount"":0,""listCount"":0,""watchlistCount"":0,""favoritePeopleCount"":0,""badgesCount"":2,""interestCount"":0",2025-12-30T04:25:16Z
10,ur212019022,https://www.imdb.com/user/ur212019022/?ref_=tturv_usr_1_t,2025-12-29,1,42,"""reviewCount"":1,""ratingsCount"":42,""checkinCount"":0,""listCount"":0,""watchlistCount"":0,""favoritePeopleCount"":0,""badgesCount"":2,""interestCount"":0",2025-12-29T05:05:36Z
10,ur5756611,https://www.imdb.com/user/ur5756611/?ref_=tturv_usr_1_t,2005-06-11,1,0,"""reviewCount"":1,""ratingsCount"":0,""checkinCount"":0,""listCount"":0,""watchlistCount"":0,""favoritePeopleCount"":0,""badgesCount"":2,""interestCount"":0",2005-06-11T05:51:27Z
10,ur70307463,https://www.imdb.com/user/ur70307463/?ref_=tturv_usr_1_t,2016-12-12,3,0,"""reviewCount"":3,""ratingsCount"":0,""checkinCount"":0,""listCount"":0,""watchlistCount"":0,""favoritePeopleCount"":0,""badgesCount"":3,""interestCount"":0",2016-12-12T03:37:25Z
10,ur212055648,https://www.imdb.com/user/ur212055648/?ref_=tturv_usr_1_t,2025-12-30,1,1,"""reviewCount"":1,""ratingsCount"":1,""checkinCount"":0,""listCount"":0,""watchlistCount"":0,""favoritePeopleCount"":0,""badgesCount"":2,""interestCount"":0",2025-12-30T04:12:19Z
10,ur212055251,https://www.imdb.com/user/ur212055251/?ref_=tturv_usr_1_t,2025-12-30,1,1,"""reviewCount"":1,""ratingsCount"":1,""checkinCount"":0,""listCount"":0,""watchlistCount"":0,""favoritePeopleCount"":0,""badgesCount"":2,""interestCount"":0",2025-12-30T04:12:04Z
10,ur27725570,https://www.imdb.com/user/ur27725570/?ref_=tturv_usr_1_t,2011-08-22,1,0,"""reviewCount"":1,""ratingsCount"":0,""checkinCount"":0,""listCount"":0,""watchlistCount"":0,""favoritePeopleCount"":0,""badgesCount"":2,""interestCount"":0",2011-08-22T14:18:04Z
10,ur38062576,https://www.imdb.com/user/ur38062576/?ref_=tturv_usr_1_t,2012-11-26,2,0,"""reviewCount"":2,""ratingsCount"":0,""checkinCount"":0,""listCount"":0,""watchlistCount"":0,""favoritePeopleCount"":0,""badgesCount"":2,""interestCount"":0",2012-11-26T06:27:05Z
10,ur128196048,https://www.imdb.com/user/ur128196048/?ref_=tturv_usr_1_t,2021-01-11,1,0,"""reviewCount"":1,""ratingsCount"":0,""checkinCount"":0,""listCount"":0,""watchlistCount"":0,""favoritePeopleCount"":0,""badgesCount"":2,""interestCount"":0",2021-01-11T17:50:25Z
10,ur212053631,https://www.imdb.com/user/ur212053631/?ref_=tturv_usr_1_t,2025-12-30,1,1,"""reviewCount"":1,""ratingsCount"":1,""checkinCount"":0,""listCount"":0,""watchlistCount"":0,""favoritePeopleCount"":0,""badgesCount"":2,""interestCount"":0",2025-12-30T03:12:20Z
10,ur96682117,https://www.imdb.com/user/ur96682117/?ref_=tturv_usr_1_t,2018-12-22,2,0,"""reviewCount"":2,""ratingsCount"":0,""checkinCount"":0,""listCount"":0,""watchlistCount"":0,""favoritePeopleCount"":0,""badgesCount"":2,""interestCount"":0",2018-12-22T03:56:40Z
10,ur212054398,https://www.imdb.com/user/ur212054398/?ref_=tturv_usr_1_t,2025-12-30,1,1,"""reviewCount"":1,""ratingsCount"":1,""checkinCount"":0,""listCount"":0,""watchlistCount"":0,""favoritePeopleCount"":0,""badgesCount"":2,""interestCount"":0",2025-12-30T03:04:29Z
10,ur183290829,https://www.imdb.com/user/ur183290829/?ref_=tturv_usr_1_t,2024-06-15,1,2,"""reviewCount"":1,""ratingsCount"":2,""checkinCount"":0,""listCount"":0,""watchlistCount"":0,""favoritePeopleCount"":0,""badgesCount"":2,""interestCount"":0",2024-06-15T11:46:34Z
10,ur212053550,https://www.imdb.com/user/ur212053550/?ref_=tturv_usr_1_t,2025-12-30,1,1,"""reviewCount"":1,""ratingsCount"":1,""checkinCount"":0,""listCount"":0,""watchlistCount"":0,""favoritePeopleCount"":0,""badgesCount"":2,""interestCount"":0",2025-12-30T02:41:12Z
10,ur212053032,https://www.imdb.com/user/ur212053032/?ref_=tturv_usr_1_t,2025-12-30,1,1,"""reviewCount"":1,""ratingsCount"":1,""checkinCount"":0,""listCount"":0,""watchlistCount"":0,""favoritePeopleCount"":0,""badgesCount"":2,""interestCount"":0",2025-12-30T02:50:53Z
10,ur177748376,https://www.imdb.com/user/ur177748376/?ref_=tturv_usr_1_t,2024-02-21,1,0,"""reviewCount"":1,""ratingsCount"":0,""checkinCount"":0,""listCount"":0,""watchlistCount"":0,""favoritePeopleCount"":0,""badgesCount"":2,""interestCount"":0",2024-02-21T12:25:50Z
10,ur168566109,https://www.imdb.com/user/ur168566109/?ref_=tturv_usr_1_t,2023-07-27,1,0,"""reviewCount"":1,""ratingsCount"":0,""checkinCount"":0,""listCount"":0,""watchlistCount"":0,""favoritePeopleCount"":0,""badgesCount"":2,""interestCount"":0",2023-07-27T21:18:03Z
10,ur111704109,https://www.imdb.com/user/ur111704109/?ref_=tturv_usr_1_t,2019-12-29,2,0,"""reviewCount"":2,""ratingsCount"":0,""checkinCount"":0,""listCount"":0,""watchlistCount"":0,""favoritePeopleCount"":0,""badgesCount"":2,""interestCount"":0",2019-12-29T03:53:08Z
10,ur212052628,https://www.imdb.com/user/ur212052628/?ref_=tturv_usr_1_t,2025-12-30,1,1,"""reviewCount"":1,""ratingsCount"":1,""checkinCount"":0,""listCount"":0,""watchlistCount"":0,""favoritePeopleCount"":0,""badgesCount"":2,""interestCount"":0",2025-12-30T01:29:09Z
10,ur212052353,https://www.imdb.com/user/ur212052353/?ref_=tturv_usr_1_t,2025-12-30,1,1,"""reviewCount"":1,""ratingsCount"":1,""checkinCount"":0,""listCount"":0,""watchlistCount"":0,""favoritePeopleCount"":0,""badgesCount"":2,""interestCount"":0",2025-12-30T01:56:14Z
10,ur212052733,https://www.imdb.com/user/ur212052733/?ref_=tturv_usr_1_t,2025-12-30,1,7,"""reviewCount"":1,""ratingsCount"":7,""checkinCount"":0,""listCount"":0,""watchlistCount"":0,""favoritePeopleCount"":0,""badgesCount"":2,""interestCount"":0",2025-12-30T01:54:18Z
10,ur212051273,https://www.imdb.com/user/ur212051273/?ref_=tturv_usr_1_t,2025-12-30,1,2,"""reviewCount"":1,""ratingsCount"":2,""checkinCount"":0,""listCount"":0,""watchlistCount"":0,""favoritePeopleCount"":0,""badgesCount"":2,""interestCount"":0",2025-12-30T01:22:07Z
10,ur92008826,https://www.imdb.com/user/ur92008826/?ref_=tturv_usr_1_t,2018-09-03,13,0,"""reviewCount"":13,""ratingsCount"":0,""checkinCount"":0,""listCount"":0,""watchlistCount"":0,""favoritePeopleCount"":0,""badgesCount"":2,""interestCount"":0",2018-09-03T01:18:44Z
10,ur160541829,https://www.imdb.com/user/ur160541829/?ref_=tturv_usr_1_t,2022-12-29,2,0,"""reviewCount"":2,""ratingsCount"":0,""checkinCount"":0,""listCount"":0,""watchlistCount"":0,""favoritePeopleCount"":0,""badgesCount"":3,""interestCount"":0",2022-12-29T16:22:18Z
10,ur212050716,https://www.imdb.com/user/ur212050716/?ref_=tturv_usr_1_t,2025-12-30,1,1,"""reviewCount"":1,""ratingsCount"":1,""checkinCount"":0,""listCount"":0,""watchlistCount"":0,""favoritePeopleCount"":0,""badgesCount"":2,""interestCount"":0",2025-12-30T01:13:55Z
10,ur212050924,https://www.imdb.com/user/ur212050924/?ref_=tturv_usr_1_t,2025-12-30,1,8,"""reviewCount"":1,""ratingsCount"":8,""checkinCount"":0,""listCount"":0,""watchlistCount"":1,""favoritePeopleCount"":0,""badgesCount"":2,""interestCount"":0",2025-12-30T01:06:21Z
10,ur212051094,https://www.imdb.com/user/ur212051094/?ref_=tturv_usr_1_t,2025-12-30,1,1,"""reviewCount"":1,""ratingsCount"":1,""checkinCount"":0,""listCount"":0,""watchlistCount"":0,""favoritePeopleCount"":0,""badgesCount"":2,""interestCount"":0",2025-12-30T01:06:20Z
10,ur212051281,https://www.imdb.com/user/ur212051281/?ref_=tturv_usr_1_t,2025-12-30,1,1,"""reviewCount"":1,""ratingsCount"":1,""checkinCount"":0,""listCount"":0,""watchlistCount"":0,""favoritePeopleCount"":0,""badgesCount"":2,""interestCount"":0",2025-12-30T00:59:06Z
10,ur129478660,https://www.imdb.com/user/ur129478660/?ref_=tturv_usr_1_t,2021-02-14,1,0,"""reviewCount"":1,""ratingsCount"":0,""checkinCount"":0,""listCount"":0,""watchlistCount"":6,""favoritePeopleCount"":0,""badgesCount"":2,""interestCount"":0",2021-02-14T23:13:35Z
10,ur71616955,https://www.imdb.com/user/ur71616955/?ref_=tturv_usr_1_t,2017-01-20,1,0,"""reviewCount"":1,""ratingsCount"":0,""checkinCount"":0,""listCount"":0,""watchlistCount"":0,""favoritePeopleCount"":0,""badgesCount"":2,""interestCount"":0",2017-01-20T01:39:19Z
10,ur212039283,https://www.imdb.com/user/ur212039283/?ref_=tturv_usr_1_t,2025-12-29,1,5,"""reviewCount"":1,""ratingsCount"":5,""checkinCount"":0,""listCount"":0,""watchlistCount"":0,""favoritePeopleCount"":0,""badgesCount"":2,""interestCount"":0",2025-12-29T18:52:34Z
10,ur212026613,https://www.imdb.com/user/ur212026613/?ref_=tturv_usr_1_t,2025-12-29,1,43,"""reviewCount"":1,""ratingsCount"":43,""checkinCount"":0,""listCount"":0,""watchlistCount"":0,""favoritePeopleCount"":0,""badgesCount"":2,""interestCount"":0",2025-12-29T11:06:50Z
10,ur31839205,https://www.imdb.com/user/ur31839205/?ref_=tturv_usr_1_t,2012-02-25,2,0,"""reviewCount"":2,""ratingsCount"":0,""checkinCount"":0,""listCount"":0,""watchlistCount"":0,""favoritePeopleCount"":0,""badgesCount"":2,""interestCount"":0",2012-02-25T03:25:19Z
10,ur212050234,https://www.imdb.com/user/ur212050234/?ref_=tturv_usr_1_t,2025-12-30,1,1,"""reviewCount"":1,""ratingsCount"":1,""checkinCount"":0,""listCount"":0,""watchlistCount"":0,""favoritePeopleCount"":0,""badgesCount"":2,""interestCount"":0",2025-12-30T00:39:49Z
10,ur212050681,https://www.imdb.com/user/ur212050681/?ref_=tturv_usr_1_t,2025-12-30,1,1,"""reviewCount"":1,""ratingsCount"":1,""checkinCount"":0,""listCount"":0,""watchlistCount"":0,""favoritePeopleCount"":0,""badgesCount"":2,""interestCount"":0",2025-12-30T00:38:25Z
10,ur212049695,https://www.imdb.com/user/ur212049695/?ref_=tturv_usr_1_t,2025-12-30,1,2,"""reviewCount"":1,""ratingsCount"":2,""checkinCount"":0,""listCount"":0,""watchlistCount"":0,""favoritePeopleCount"":0,""badgesCount"":2,""interestCount"":0",2025-12-30T00:35:06Z
10,ur108626596,https://www.imdb.com/user/ur108626596/?ref_=tturv_usr_1_t,2019-10-10,1,0,"""reviewCount"":1,""ratingsCount"":0,""checkinCount"":0,""listCount"":0,""watchlistCount"":0,""favoritePeopleCount"":0,""badgesCount"":2,""interestCount"":0",2019-10-10T17:19:11Z
10,ur212049880,https://www.imdb.com/user/ur212049880/?ref_=tturv_usr_1_t,2025-12-29,1,10,"""reviewCount"":1,""ratingsCount"":10,""checkinCount"":0,""listCount"":0,""watchlistCount"":1,""favoritePeopleCount"":0,""badgesCount"":2,""interestCount"":0",2025-12-29T23:31:34Z
10,ur212048537,https://www.imdb.com/user/ur212048537/?ref_=tturv_usr_1_t,2025-12-30,1,2,"""reviewCount"":1,""ratingsCount"":2,""checkinCount"":0,""listCount"":0,""watchlistCount"":1,""favoritePeopleCount"":0,""badgesCount"":2,""interestCount"":0",2025-12-30T00:00:14Z
10,ur212050770,https://www.imdb.com/user/ur212050770/?ref_=tturv_usr_1_t,2025-12-30,1,1,"""reviewCount"":1,""ratingsCount"":1,""checkinCount"":0,""listCount"":0,""watchlistCount"":0,""favoritePeopleCount"":0,""badgesCount"":2,""interestCount"":0",2025-12-30T00:14:24Z
10,ur212047143,https://www.imdb.com/user/ur212047143/?ref_=tturv_usr_1_t,2025-12-30,1,1,"""reviewCount"":1,""ratingsCount"":1,""checkinCount"":0,""listCount"":0,""watchlistCount"":0,""favoritePeopleCount"":0,""badgesCount"":2,""interestCount"":0",2025-12-30T00:16:47Z
10,ur156178999,https://www.imdb.com/user/ur156178999/?ref_=tturv_usr_1_t,2022-08-26,1,0,"""reviewCount"":1,""ratingsCount"":0,""checkinCount"":0,""listCount"":0,""watchlistCount"":0,""favoritePeopleCount"":0,""badgesCount"":2,""interestCount"":0",2022-08-26T21:02:05Z
10,ur212015936,https://www.imdb.com/user/ur212015936/?ref_=tturv_usr_1_t,2025-12-29,1,2,"""reviewCount"":1,""ratingsCount"":2,""checkinCount"":0,""listCount"":0,""watchlistCount"":1,""favoritePeopleCount"":0,""badgesCount"":2,""interestCount"":0",2025-12-29T03:24:36Z
10,ur212048957,https://www.imdb.com/user/ur212048957/?ref_=tturv_usr_1_t,2025-12-30,1,2,"""reviewCount"":1,""ratingsCount"":2,""checkinCount"":0,""listCount"":0,""watchlistCount"":0,""favoritePeopleCount"":0,""badgesCount"":2,""interestCount"":0",2025-12-30T00:09:44Z
10,ur212050529,https://www.imdb.com/user/ur212050529/?ref_=tturv_usr_1_t,2025-12-30,1,1,"""reviewCount"":1,""ratingsCount"":1,""checkinCount"":0,""listCount"":0,""watchlistCount"":0,""favoritePeopleCount"":0,""badgesCount"":2,""interestCount"":0",2025-12-30T00:04:31Z
10,ur212049935,https://www.imdb.com/user/ur212049935/?ref_=tturv_usr_1_t,2025-12-29,1,2,"""reviewCount"":1,""ratingsCount"":2,""checkinCount"":0,""listCount"":0,""watchlistCount"":0,""favoritePeopleCount"":0,""badgesCount"":2,""interestCount"":0",2025-12-29T23:57:21Z
10,ur212050368,https://www.imdb.com/user/ur212050368/?ref_=tturv_usr_1_t,2025-12-29,1,1,"""reviewCount"":1,""ratingsCount"":1,""checkinCount"":0,""listCount"":0,""watchlistCount"":0,""favoritePeopleCount"":0,""badgesCount"":2,""interestCount"":0",2025-12-29T23:51:47Z
10,ur212048934,https://www.imdb.com/user/ur212048934/?ref_=tturv_usr_1_t,2025-12-29,1,42,"""reviewCount"":1,""ratingsCount"":42,""checkinCount"":0,""listCount"":0,""watchlistCount"":0,""favoritePeopleCount"":0,""badgesCount"":2,""interestCount"":0",2025-12-29T23:39:38Z
10,ur212050098,https://www.imdb.com/user/ur212050098/?ref_=tturv_usr_1_t,2025-12-29,1,1,"""reviewCount"":1,""ratingsCount"":1,""checkinCount"":0,""listCount"":0,""watchlistCount"":0,""favoritePeopleCount"":0,""badgesCount"":2,""interestCount"":0",2025-12-29T23:34:40Z
10,ur194540662,https://www.imdb.com/user/ur194540662/?ref_=tturv_usr_1_t,2025-01-05,3,5,"""reviewCount"":3,""ratingsCount"":5,""checkinCount"":0,""listCount"":0,""watchlistCount"":0,""favoritePeopleCount"":0,""badgesCount"":2,""interestCount"":0",2025-01-05T04:31:47Z
10,ur212049769,https://www.imdb.com/user/ur212049769/?ref_=tturv_usr_1_t,2025-12-29,1,2,"""reviewCount"":1,""ratingsCount"":2,""checkinCount"":0,""listCount"":0,""watchlistCount"":0,""favoritePeopleCount"":0,""badgesCount"":2,""interestCount"":0",2025-12-29T23:31:55Z
10,ur13877767,https://www.imdb.com/user/ur13877767/?ref_=tturv_usr_1_t,2007-01-19,5,1790,"""reviewCount"":5,""ratingsCount"":1790,""checkinCount"":0,""listCount"":0,""watchlistCount"":0,""favoritePeopleCount"":0,""badgesCount"":8,""interestCount"":0",2007-01-19T19:34:22Z
10,ur212047985,https://www.imdb.com/user/ur212047985/?ref_=tturv_usr_1_t,2025-12-29,1,2,"""reviewCount"":1,""ratingsCount"":2,""checkinCount"":0,""listCount"":0,""watchlistCount"":0,""favoritePeopleCount"":0,""badgesCount"":2,""interestCount"":0",2025-12-29T23:23:44Z
10,ur152942432,https://www.imdb.com/user/ur152942432/?ref_=tturv_usr_1_t,2022-05-16,1,0,"""reviewCount"":1,""ratingsCount"":0,""checkinCount"":93,""listCount"":5,""watchlistCount"":0,""favoritePeopleCount"":0,""badgesCount"":2,""interestCount"":0",2022-05-16T17:21:35Z
10,ur125692931,https://www.imdb.com/user/ur125692931/?ref_=tturv_usr_1_t,2020-10-30,1,0,"""reviewCount"":1,""ratingsCount"":0,""checkinCount"":0,""listCount"":0,""watchlistCount"":1,""favoritePeopleCount"":0,""badgesCount"":2,""interestCount"":0",2020-10-30T20:26:34Z
10,ur212048286,https://www.imdb.com/user/ur212048286/?ref_=tturv_usr_1_t,2025-12-29,1,2,"""reviewCount"":1,""ratingsCount"":2,""checkinCount"":0,""listCount"":0,""watchlistCount"":0,""favoritePeopleCount"":0,""badgesCount"":2,""interestCount"":0",2025-12-29T23:14:12Z
10,ur68930486,https://www.imdb.com/user/ur68930486/?ref_=tturv_usr_1_t,2016-09-19,2,0,"""reviewCount"":2,""ratingsCount"":0,""checkinCount"":0,""listCount"":0,""watchlistCount"":0,""favoritePeopleCount"":0,""badgesCount"":2,""interestCount"":0",2016-09-19T05:45:16Z
10,ur141528613,https://www.imdb.com/user/ur141528613/?ref_=tturv_usr_1_t,2021-10-25,1,0,"""reviewCount"":1,""ratingsCount"":0,""checkinCount"":0,""listCount"":0,""watchlistCount"":0,""favoritePeopleCount"":0,""badgesCount"":2,""interestCount"":0",2021-10-25T21:00:18Z
10,ur211069086,https://www.imdb.com/user/ur211069086/?ref_=tturv_usr_1_t,2025-11-09,1,5,"""reviewCount"":1,""ratingsCount"":5,""checkinCount"":0,""listCount"":0,""watchlistCount"":0,""favoritePeopleCount"":0,""badgesCount"":2,""interestCount"":0",2025-11-09T17:09:02Z
10,ur188747102,https://www.imdb.com/user/ur188747102/?ref_=tturv_usr_1_t,2024-09-22,1,20,"""reviewCount"":1,""ratingsCount"":20,""checkinCount"":0,""listCount"":0,""watchlistCount"":0,""favoritePeopleCount"":0,""badgesCount"":2,""interestCount"":0",2024-09-22T18:51:59Z
10,ur212048642,https://www.imdb.com/user/ur212048642/?ref_=tturv_usr_1_t,2025-12-29,1,1,"""reviewCount"":1,""ratingsCount"":1,""checkinCount"":0,""listCount"":0,""watchlistCount"":0,""favoritePeopleCount"":0,""badgesCount"":2,""interestCount"":0",2025-12-29T23:07:12Z
10,ur211390668,https://www.imdb.com/user/ur211390668/?ref_=tturv_usr_1_t,2025-11-28,1,6,"""reviewCount"":1,""ratingsCount"":6,""checkinCount"":0,""listCount"":0,""watchlistCount"":0,""favoritePeopleCount"":0,""badgesCount"":2,""interestCount"":0",2025-11-28T03:45:21Z
10,ur94522962,https://www.imdb.com/user/ur94522962/?ref_=tturv_usr_1_t,2018-10-29,2,0,"""reviewCount"":2,""ratingsCount"":0,""checkinCount"":0,""listCount"":0,""watchlistCount"":0,""favoritePeopleCount"":0,""badgesCount"":2,""interestCount"":0",2018-10-29T23:57:40Z
10,ur212048123,https://www.imdb.com/user/ur212048123/?ref_=tturv_usr_1_t,2025-12-29,1,1,"""reviewCount"":1,""ratingsCount"":1,""checkinCount"":0,""listCount"":0,""watchlistCount"":0,""favoritePeopleCount"":0,""badgesCount"":2,""interestCount"":0",2025-12-29T23:03:10Z
10,ur212047685,https://www.imdb.com/user/ur212047685/?ref_=tturv_usr_1_t,2025-12-29,1,1,"""reviewCount"":1,""ratingsCount"":1,""checkinCount"":0,""listCount"":0,""watchlistCount"":0,""favoritePeopleCount"":0,""badgesCount"":2,""interestCount"":0",2025-12-29T22:59:32Z
10,ur212047507,https://www.imdb.com/user/ur212047507/?ref_=tturv_usr_1_t,2025-12-29,1,1,"""reviewCount"":1,""ratingsCount"":1,""checkinCount"":0,""listCount"":0,""watchlistCount"":0,""favoritePeopleCount"":0,""badgesCount"":2,""interestCount"":0",2025-12-29T22:52:45Z
10,ur212048839,https://www.imdb.com/user/ur212048839/?ref_=tturv_usr_1_t,2025-12-29,1,3,"""reviewCount"":1,""ratingsCount"":3,""checkinCount"":0,""listCount"":0,""watchlistCount"":0,""favoritePeopleCount"":0,""badgesCount"":2,""interestCount"":0",2025-12-29T22:58:32Z
10,ur212048858,https://www.imdb.com/user/ur212048858/?ref_=tturv_usr_1_t,2025-12-29,1,2,"""reviewCount"":1,""ratingsCount"":2,""checkinCount"":0,""listCount"":0,""watchlistCount"":0,""favoritePeopleCount"":0,""badgesCount"":2,""interestCount"":0",2025-12-29T22:47:13Z
10,ur212048002,https://www.imdb.com/user/ur212048002/?ref_=tturv_usr_1_t,2025-12-29,1,6,"""reviewCount"":1,""ratingsCount"":6,""checkinCount"":0,""listCount"":0,""watchlistCount"":1,""favoritePeopleCount"":0,""badgesCount"":2,""interestCount"":0",2025-12-29T22:35:42Z
10,ur212046405,https://www.imdb.com/user/ur212046405/?ref_=tturv_usr_1_t,2025-12-29,1,1,"""reviewCount"":1,""ratingsCount"":1,""checkinCount"":0,""listCount"":0,""watchlistCount"":0,""favoritePeopleCount"":0,""badgesCount"":2,""interestCount"":0",2025-12-29T22:50:14Z
10,ur212047892,https://www.imdb.com/user/ur212047892/?ref_=tturv_usr_1_t,2025-12-29,1,2,"""reviewCount"":1,""ratingsCount"":2,""checkinCount"":0,""listCount"":0,""watchlistCount"":0,""favoritePeopleCount"":0,""badgesCount"":2,""interestCount"":0",2025-12-29T22:49:05Z
10,ur24188581,https://www.imdb.com/user/ur24188581/?ref_=tturv_usr_1_t,2010-11-03,1,0,"""reviewCount"":1,""ratingsCount"":0,""checkinCount"":0,""listCount"":0,""watchlistCount"":0,""favoritePeopleCount"":0,""badgesCount"":7,""interestCount"":0",2010-11-03T16:14:45Z
10,ur212045883,https://www.imdb.com/user/ur212045883/?ref_=tturv_usr_1_t,2025-12-29,1,1,"""reviewCount"":1,""ratingsCount"":1,""checkinCount"":0,""listCount"":0,""watchlistCount"":0,""favoritePeopleCount"":0,""badgesCount"":2,""interestCount"":0",2025-12-29T22:41:28Z
10,ur114607087,https://www.imdb.com/user/ur114607087/?ref_=tturv_usr_1_t,2020-03-11,1,0,"""reviewCount"":1,""ratingsCount"":0,""checkinCount"":0,""listCount"":0,""watchlistCount"":0,""favoritePeopleCount"":0,""badgesCount"":2,""interestCount"":0",2020-03-11T19:07:08Z
10,ur211596345,https://www.imdb.com/user/ur211596345/?ref_=tturv_usr_1_t,2025-12-09,1,3,"""reviewCount"":1,""ratingsCount"":3,""checkinCount"":0,""listCount"":0,""watchlistCount"":1,""favoritePeopleCount"":0,""badgesCount"":2,""interestCount"":0",2025-12-09T19:06:11Z
10,ur201843100,https://www.imdb.com/user/ur201843100/?ref_=tturv_usr_1_t,2025-05-23,1,190,"""reviewCount"":1,""ratingsCount"":190,""checkinCount"":0,""listCount"":0,""watchlistCount"":5,""favoritePeopleCount"":0,""badgesCount"":2,""interestCount"":0",2025-05-23T21:43:44Z
10,ur212047382,https://www.imdb.com/user/ur212047382/?ref_=tturv_usr_1_t,2025-12-29,1,2,"""reviewCount"":1,""ratingsCount"":2,""checkinCount"":0,""listCount"":0,""watchlistCount"":0,""favoritePeopleCount"":0,""badgesCount"":2,""interestCount"":0",2025-12-29T22:21:37Z
10,ur212047286,https://www.imdb.com/user/ur212047286/?ref_=tturv_usr_1_t,2025-12-29,1,1,"""reviewCount"":1,""ratingsCount"":1,""checkinCount"":0,""listCount"":0,""watchlistCount"":0,""favoritePeopleCount"":0,""badgesCount"":2,""interestCount"":0",2025-12-29T22:28:27Z
10,ur212046777,https://www.imdb.com/user/ur212046777/?ref_=tturv_usr_1_t,2025-12-29,1,1,"""reviewCount"":1,""ratingsCount"":1,""checkinCount"":0,""listCount"":0,""watchlistCount"":0,""favoritePeopleCount"":0,""badgesCount"":2,""interestCount"":0",2025-12-29T22:30:17Z
10,ur162864308,https://www.imdb.com/user/ur162864308/?ref_=tturv_usr_1_t,2023-03-01,2,0,"""reviewCount"":2,""ratingsCount"":0,""checkinCount"":0,""listCount"":0,""watchlistCount"":0,""favoritePeopleCount"":0,""badgesCount"":2,""interestCount"":0",2023-03-01T20:59:43Z
10,ur212047582,https://www.imdb.com/user/ur212047582/?ref_=tturv_usr_1_t,2025-12-29,1,1,"""reviewCount"":1,""ratingsCount"":1,""checkinCount"":0,""listCount"":0,""watchlistCount"":0,""favoritePeopleCount"":0,""badgesCount"":2,""interestCount"":0",2025-12-29T22:10:19Z
10,ur19348693,https://www.imdb.com/user/ur19348693/?ref_=tturv_usr_1_t,2008-05-17,2,0,"""reviewCount"":2,""ratingsCount"":0,""checkinCount"":0,""listCount"":0,""watchlistCount"":0,""favoritePeopleCount"":0,""badgesCount"":2,""interestCount"":0",2008-05-17T22:57:45Z
10,ur212046726,https://www.imdb.com/user/ur212046726/?ref_=tturv_usr_1_t,2025-12-29,1,1,"""reviewCount"":1,""ratingsCount"":1,""checkinCount"":0,""listCount"":0,""watchlistCount"":0,""favoritePeopleCount"":0,""badgesCount"":2,""interestCount"":0",2025-12-29T22:12:02Z
10,ur1863829,https://www.imdb.com/user/ur1863829/?ref_=tturv_usr_1_t,2002-07-27,4,0,"""reviewCount"":4,""ratingsCount"":0,""checkinCount"":0,""listCount"":0,""watchlistCount"":0,""favoritePeopleCount"":0,""badgesCount"":2,""interestCount"":0",2002-07-27T15:32:04Z
10,ur36364373,https://www.imdb.com/user/ur36364373/?ref_=tturv_usr_1_t,2012-09-15,6,0,"""reviewCount"":6,""ratingsCount"":0,""checkinCount"":0,""listCount"":0,""watchlistCount"":0,""favoritePeopleCount"":0,""badgesCount"":2,""interestCount"":0",2012-09-15T01:27:50Z
10,ur212045526,https://www.imdb.com/user/ur212045526/?ref_=tturv_usr_1_t,2025-12-29,1,7,"""reviewCount"":1,""ratingsCount"":7,""checkinCount"":0,""listCount"":0,""watchlistCount"":0,""favoritePeopleCount"":0,""badgesCount"":2,""interestCount"":0",2025-12-29T22:08:19Z
10,ur206314066,https://www.imdb.com/user/ur206314066/?ref_=tturv_usr_1_t,2025-07-31,1,2,"""reviewCount"":1,""ratingsCount"":2,""checkinCount"":0,""listCount"":0,""watchlistCount"":0,""favoritePeopleCount"":0,""badgesCount"":2,""interestCount"":0",2025-07-31T21:41:32Z
10,ur212017324,https://www.imdb.com/user/ur212017324/?ref_=tturv_usr_1_t,2025-12-29,1,10,"""reviewCount"":1,""ratingsCount"":10,""checkinCount"":0,""listCount"":0,""watchlistCount"":0,""favoritePeopleCount"":0,""badgesCount"":2,""interestCount"":0",2025-12-29T04:01:43Z
10,ur212047528,https://www.imdb.com/user/ur212047528/?ref_=tturv_usr_1_t,2025-12-29,1,1,"""reviewCount"":1,""ratingsCount"":1,""checkinCount"":0,""listCount"":0,""watchlistCount"":0,""favoritePeopleCount"":0,""badgesCount"":2,""interestCount"":0",2025-12-29T22:01:47Z
10,ur212047459,https://www.imdb.com/user/ur212047459/?ref_=tturv_usr_1_t,2025-12-29,2,8,"""reviewCount"":2,""ratingsCount"":8,""checkinCount"":0,""listCount"":0,""watchlistCount"":0,""favoritePeopleCount"":0,""badgesCount"":2,""interestCount"":0",2025-12-29T22:01:00Z
10,ur151320327,https://www.imdb.com/user/ur151320327/?ref_=tturv_usr_1_t,2022-03-20,2,0,"""reviewCount"":2,""ratingsCount"":0,""checkinCount"":0,""listCount"":0,""watchlistCount"":0,""favoritePeopleCount"":0,""badgesCount"":2,""interestCount"":0",2022-03-20T20:56:49Z
10,ur53142849,https://www.imdb.com/user/ur53142849/?ref_=tturv_usr_1_t,2014-06-02,1,0,"""reviewCount"":1,""ratingsCount"":0,""checkinCount"":1,""listCount"":0,""watchlistCount"":0,""favoritePeopleCount"":0,""badgesCount"":2,""interestCount"":0",2014-06-02T19:40:10Z
10,ur212047239,https://www.imdb.com/user/ur212047239/?ref_=tturv_usr_1_t,2025-12-29,1,1,"""reviewCount"":1,""ratingsCount"":1,""checkinCount"":0,""listCount"":0,""watchlistCount"":0,""favoritePeopleCount"":0,""badgesCount"":2,""interestCount"":0",2025-12-29T21:49:23Z
10,ur1154299,https://www.imdb.com/user/ur1154299/?ref_=tturv_usr_1_t,2001-04-23,6,0,"""reviewCount"":6,""ratingsCount"":0,""checkinCount"":0,""listCount"":0,""watchlistCount"":0,""favoritePeopleCount"":0,""badgesCount"":4,""interestCount"":0",2001-04-23T08:33:26Z
10,ur212046780,https://www.imdb.com/user/ur212046780/?ref_=tturv_usr_1_t,2025-12-29,1,3,"""reviewCount"":1,""ratingsCount"":3,""checkinCount"":0,""listCount"":0,""watchlistCount"":0,""favoritePeopleCount"":0,""badgesCount"":2,""interestCount"":0",2025-12-29T21:41:13Z
10,ur97097518,https://www.imdb.com/user/ur97097518/?ref_=tturv_usr_1_t,2018-12-30,1,0,"""reviewCount"":1,""ratingsCount"":0,""checkinCount"":0,""listCount"":0,""watchlistCount"":0,""favoritePeopleCount"":0,""badgesCount"":2,""interestCount"":0",2018-12-30T19:36:10Z
10,ur212046112,https://www.imdb.com/user/ur212046112/?ref_=tturv_usr_1_t,2025-12-29,1,43,"""reviewCount"":1,""ratingsCount"":43,""checkinCount"":0,""listCount"":0,""watchlistCount"":0,""favoritePeopleCount"":0,""badgesCount"":2,""interestCount"":0",2025-12-29T21:27:32Z
10,ur127879079,https://www.imdb.com/user/ur127879079/?ref_=tturv_usr_1_t,2021-01-03,1,0,"""reviewCount"":1,""ratingsCount"":0,""checkinCount"":0,""listCount"":0,""watchlistCount"":0,""favoritePeopleCount"":0,""badgesCount"":3,""interestCount"":0",2021-01-03T02:10:08Z
10,ur212046328,https://www.imdb.com/user/ur212046328/?ref_=tturv_usr_1_t,2025-12-29,1,1,"""reviewCount"":1,""ratingsCount"":1,""checkinCount"":0,""listCount"":0,""watchlistCount"":0,""favoritePeopleCount"":0,""badgesCount"":2,""interestCount"":0",2025-12-29T21:16:36Z
10,ur212045543,https://www.imdb.com/user/ur212045543/?ref_=tturv_usr_1_t,2025-12-29,1,1,"""reviewCount"":1,""ratingsCount"":1,""checkinCount"":0,""listCount"":0,""watchlistCount"":0,""favoritePeopleCount"":0,""badgesCount"":2,""interestCount"":0",2025-12-29T21:34:14Z
10,ur212046178,https://www.imdb.com/user/ur212046178/?ref_=tturv_usr_1_t,2025-12-29,1,48,"""reviewCount"":1,""ratingsCount"":48,""checkinCount"":0,""listCount"":0,""watchlistCount"":0,""favoritePeopleCount"":0,""badgesCount"":2,""interestCount"":0",2025-12-29T21:13:20Z
10,ur212012997,https://www.imdb.com/user/ur212012997/?ref_=tturv_usr_1_t,2025-12-29,1,3,"""reviewCount"":1,""ratingsCount"":3,""checkinCount"":0,""listCount"":0,""watchlistCount"":0,""favoritePeopleCount"":0,""badgesCount"":2,""interestCount"":0",2025-12-29T01:04:12Z
10,ur164700043,https://www.imdb.com/user/ur164700043/?ref_=tturv_usr_1_t,2023-04-21,1,0,"""reviewCount"":1,""ratingsCount"":0,""checkinCount"":0,""listCount"":0,""watchlistCount"":10,""favoritePeopleCount"":0,""badgesCount"":2,""interestCount"":0",2023-04-21T19:08:39Z
10,ur212045435,https://www.imdb.com/user/ur212045435/?ref_=tturv_usr_1_t,2025-12-29,1,1,"""reviewCount"":1,""ratingsCount"":1,""checkinCount"":0,""listCount"":0,""watchlistCount"":1,""favoritePeopleCount"":0,""badgesCount"":2,""interestCount"":0",2025-12-29T21:16:20Z
10,ur156523612,https://www.imdb.com/user/ur156523612/?ref_=tturv_usr_1_t,2022-09-06,1,0,"""reviewCount"":1,""ratingsCount"":0,""checkinCount"":0,""listCount"":0,""watchlistCount"":0,""favoritePeopleCount"":0,""badgesCount"":2,""interestCount"":0",2022-09-06T14:14:00Z
10,ur43678023,https://www.imdb.com/user/ur43678023/?ref_=tturv_usr_1_t,2013-05-23,1,0,"""reviewCount"":1,""ratingsCount"":0,""checkinCount"":0,""listCount"":0,""watchlistCount"":2,""favoritePeopleCount"":0,""badgesCount"":2,""interestCount"":0",2013-05-23T13:25:58Z
10,ur211973284,https://www.imdb.com/user/ur211973284/?ref_=tturv_usr_1_t,2025-12-27,1,1,"""reviewCount"":1,""ratingsCount"":1,""checkinCount"":0,""listCount"":0,""watchlistCount"":0,""favoritePeopleCount"":0,""badgesCount"":2,""interestCount"":0",2025-12-27T23:35:42Z
10,ur212033486,https://www.imdb.com/user/ur212033486/?ref_=tturv_usr_1_t,2025-12-29,1,43,"""reviewCount"":1,""ratingsCount"":43,""checkinCount"":0,""listCount"":0,""watchlistCount"":1,""favoritePeopleCount"":0,""badgesCount"":2,""interestCount"":0",2025-12-29T16:09:25Z
10,ur211993843,https://www.imdb.com/user/ur211993843/?ref_=tturv_usr_1_t,2025-12-28,1,5,"""reviewCount"":1,""ratingsCount"":5,""checkinCount"":0,""listCount"":0,""watchlistCount"":0,""favoritePeopleCount"":0,""badgesCount"":2,""interestCount"":0",2025-12-28T15:30:00Z
10,ur212044103,https://www.imdb.com/user/ur212044103/?ref_=tturv_usr_1_t,2025-12-29,2,3,"""reviewCount"":2,""ratingsCount"":3,""checkinCount"":0,""listCount"":0,""watchlistCount"":0,""favoritePeopleCount"":0,""badgesCount"":2,""interestCount"":0",2025-12-29T21:02:46Z
10,ur212044742,https://www.imdb.com/user/ur212044742/?ref_=tturv_usr_1_t,2025-12-29,1,7,"""reviewCount"":1,""ratingsCount"":7,""checkinCount"":0,""listCount"":0,""watchlistCount"":0,""favoritePeopleCount"":0,""badgesCount"":2,""interestCount"":0",2025-12-29T20:59:25Z
10,ur212045090,https://www.imdb.com/user/ur212045090/?ref_=tturv_usr_1_t,2025-12-29,1,1,"""reviewCount"":1,""ratingsCount"":1,""checkinCount"":0,""listCount"":0,""watchlistCount"":0,""favoritePeopleCount"":0,""badgesCount"":2,""interestCount"":0",2025-12-29T20:48:57Z
10,ur212044384,https://www.imdb.com/user/ur212044384/?ref_=tturv_usr_1_t,2025-12-29,1,2,"""reviewCount"":1,""ratingsCount"":2,""checkinCount"":0,""listCount"":0,""watchlistCount"":0,""favoritePeopleCount"":0,""badgesCount"":2,""interestCount"":0",2025-12-29T20:56:02Z
10,ur212043864,https://www.imdb.com/user/ur212043864/?ref_=tturv_usr_1_t,2025-12-29,2,43,"""reviewCount"":2,""ratingsCount"":43,""checkinCount"":0,""listCount"":0,""watchlistCount"":0,""favoritePeopleCount"":0,""badgesCount"":2,""interestCount"":0",2025-12-29T20:43:22Z
10,ur212044780,https://www.imdb.com/user/ur212044780/?ref_=tturv_usr_1_t,2025-12-29,1,9,"""reviewCount"":1,""ratingsCount"":9,""checkinCount"":0,""listCount"":0,""watchlistCount"":0,""favoritePeopleCount"":0,""badgesCount"":2,""interestCount"":0",2025-12-29T20:45:04Z
10,ur212021697,https://www.imdb.com/user/ur212021697/?ref_=tturv_usr_1_t,2025-12-29,1,3,"""reviewCount"":1,""ratingsCount"":3,""checkinCount"":0,""listCount"":0,""watchlistCount"":0,""favoritePeopleCount"":0,""badgesCount"":2,""interestCount"":0",2025-12-29T08:28:24Z
10,ur212044680,https://www.imdb.com/user/ur212044680/?ref_=tturv_usr_1_t,2025-12-29,2,2,"""reviewCount"":2,""ratingsCount"":2,""checkinCount"":0,""listCount"":0,""watchlistCount"":0,""favoritePeopleCount"":0,""badgesCount"":2,""interestCount"":0",2025-12-29T20:43:21Z
10,ur103161816,https://www.imdb.com/user/ur103161816/?ref_=tturv_usr_1_t,2019-05-19,1,0,"""reviewCount"":1,""ratingsCount"":0,""checkinCount"":0,""listCount"":0,""watchlistCount"":0,""favoritePeopleCount"":0,""badgesCount"":2,""interestCount"":0",2019-05-19T14:48:18Z
10,ur212044470,https://www.imdb.com/user/ur212044470/?ref_=tturv_usr_1_t,2025-12-29,1,9,"""reviewCount"":1,""ratingsCount"":9,""checkinCount"":0,""listCount"":0,""watchlistCount"":1,""favoritePeopleCount"":0,""badgesCount"":2,""interestCount"":0",2025-12-29T20:42:19Z
10,ur212043040,https://www.imdb.com/user/ur212043040/?ref_=tturv_usr_1_t,2025-12-29,2,2,"""reviewCount"":2,""ratingsCount"":2,""checkinCount"":0,""listCount"":0,""watchlistCount"":0,""favoritePeopleCount"":0,""badgesCount"":2,""interestCount"":0",2025-12-29T20:09:16Z
10,ur190593485,https://www.imdb.com/user/ur190593485/?ref_=tturv_usr_1_t,2024-10-26,18,25,"""reviewCount"":18,""ratingsCount"":25,""checkinCount"":0,""listCount"":1,""watchlistCount"":0,""favoritePeopleCount"":0,""badgesCount"":3,""interestCount"":0",2024-10-26T19:09:43Z
10,ur71924153,https://www.imdb.com/user/ur71924153/?ref_=tturv_usr_1_t,2017-01-25,1,0,"""reviewCount"":1,""ratingsCount"":0,""checkinCount"":0,""listCount"":0,""watchlistCount"":0,""favoritePeopleCount"":0,""badgesCount"":2,""interestCount"":0",2017-01-25T04:43:11Z
10,ur212043553,https://www.imdb.com/user/ur212043553/?ref_=tturv_usr_1_t,2025-12-29,1,1,"""reviewCount"":1,""ratingsCount"":1,""checkinCount"":0,""listCount"":0,""watchlistCount"":0,""favoritePeopleCount"":0,""badgesCount"":2,""interestCount"":0",2025-12-29T20:26:56Z
10,ur212015719,https://www.imdb.com/user/ur212015719/?ref_=tturv_usr_1_t,2025-12-29,2,1,"""reviewCount"":2,""ratingsCount"":1,""checkinCount"":0,""listCount"":0,""watchlistCount"":0,""favoritePeopleCount"":0,""badgesCount"":2,""interestCount"":0",2025-12-29T02:17:40Z
10,ur211939144,https://www.imdb.com/user/ur211939144/?ref_=tturv_usr_1_t,2025-12-26,3,7,"""reviewCount"":3,""ratingsCount"":7,""checkinCount"":0,""listCount"":0,""watchlistCount"":0,""favoritePeopleCount"":0,""badgesCount"":2,""interestCount"":0",2025-12-26T19:34:15Z
10,ur212022615,https://www.imdb.com/user/ur212022615/?ref_=tturv_usr_1_t,2025-12-29,1,8,"""reviewCount"":1,""ratingsCount"":8,""checkinCount"":0,""listCount"":0,""watchlistCount"":0,""favoritePeopleCount"":0,""badgesCount"":2,""interestCount"":0",2025-12-29T08:46:34Z
10,ur59859043,https://www.imdb.com/user/ur59859043/?ref_=tturv_usr_1_t,2015-04-14,2,0,"""reviewCount"":2,""ratingsCount"":0,""checkinCount"":0,""listCount"":0,""watchlistCount"":0,""favoritePeopleCount"":0,""badgesCount"":2,""interestCount"":0",2015-04-14T17:21:01Z
10,ur212042533,https://www.imdb.com/user/ur212042533/?ref_=tturv_usr_1_t,2025-12-29,1,2,"""reviewCount"":1,""ratingsCount"":2,""checkinCount"":0,""listCount"":0,""watchlistCount"":0,""favoritePeopleCount"":0,""badgesCount"":2,""interestCount"":0",2025-12-29T20:12:33Z
10,ur212041535,https://www.imdb.com/user/ur212041535/?ref_=tturv_usr_1_t,2025-12-29,2,3,"""reviewCount"":2,""ratingsCount"":3,""checkinCount"":0,""listCount"":0,""watchlistCount"":0,""favoritePeopleCount"":0,""badgesCount"":2,""interestCount"":0",2025-12-29T20:18:22Z
10,ur212042673,https://www.imdb.com/user/ur212042673/?ref_=tturv_usr_1_t,2025-12-29,1,1,"""reviewCount"":1,""ratingsCount"":1,""checkinCount"":0,""listCount"":0,""watchlistCount"":0,""favoritePeopleCount"":0,""badgesCount"":2,""interestCount"":0",2025-12-29T20:18:58Z
10,ur23675095,https://www.imdb.com/user/ur23675095/?ref_=tturv_usr_1_t,2010-08-07,1,0,"""reviewCount"":1,""ratingsCount"":0,""checkinCount"":0,""listCount"":0,""watchlistCount"":0,""favoritePeopleCount"":0,""badgesCount"":7,""interestCount"":0",2010-08-07T20:15:13Z
10,ur212042645,https://www.imdb.com/user/ur212042645/?ref_=tturv_usr_1_t,2025-12-29,1,1,"""reviewCount"":1,""ratingsCount"":1,""checkinCount"":0,""listCount"":0,""watchlistCount"":0,""favoritePeopleCount"":0,""badgesCount"":2,""interestCount"":0",2025-12-29T20:13:34Z
10,ur212041399,https://www.imdb.com/user/ur212041399/?ref_=tturv_usr_1_t,2025-12-29,1,1,"""reviewCount"":1,""ratingsCount"":1,""checkinCount"":0,""listCount"":0,""watchlistCount"":0,""favoritePeopleCount"":0,""badgesCount"":2,""interestCount"":0",2025-12-29T19:08:24Z
10,ur212035980,https://www.imdb.com/user/ur212035980/?ref_=tturv_usr_1_t,2025-12-29,1,5,"""reviewCount"":1,""ratingsCount"":5,""checkinCount"":0,""listCount"":0,""watchlistCount"":3,""favoritePeopleCount"":0,""badgesCount"":2,""interestCount"":0",2025-12-29T16:59:02Z
10,ur210810155,https://www.imdb.com/user/ur210810155/?ref_=tturv_usr_1_t,2025-10-26,1,7,"""reviewCount"":1,""ratingsCount"":7,""checkinCount"":0,""listCount"":0,""watchlistCount"":2,""favoritePeopleCount"":0,""badgesCount"":2,""interestCount"":0",2025-10-26T19:27:49Z
10,ur212042889,https://www.imdb.com/user/ur212042889/?ref_=tturv_usr_1_t,2025-12-29,1,3,"""reviewCount"":1,""ratingsCount"":3,""checkinCount"":0,""listCount"":0,""watchlistCount"":0,""favoritePeopleCount"":0,""badgesCount"":2,""interestCount"":0",2025-12-29T19:51:39Z
10,ur182133527,https://www.imdb.com/user/ur182133527/?ref_=tturv_usr_1_t,2024-05-23,1,4,"""reviewCount"":1,""ratingsCount"":4,""checkinCount"":0,""listCount"":0,""watchlistCount"":0,""favoritePeopleCount"":0,""badgesCount"":2,""interestCount"":0",2024-05-23T16:39:22Z
10,ur212042614,https://www.imdb.com/user/ur212042614/?ref_=tturv_usr_1_t,2025-12-29,2,6,"""reviewCount"":2,""ratingsCount"":6,""checkinCount"":0,""listCount"":0,""watchlistCount"":0,""favoritePeopleCount"":0,""badgesCount"":2,""interestCount"":0",2025-12-29T20:02:37Z
10,ur212042353,https://www.imdb.com/user/ur212042353/?ref_=tturv_usr_1_t,2025-12-29,1,1,"""reviewCount"":1,""ratingsCount"":1,""checkinCount"":0,""listCount"":0,""watchlistCount"":0,""favoritePeopleCount"":0,""badgesCount"":2,""interestCount"":0",2025-12-29T19:51:54Z
10,ur212042182,https://www.imdb.com/user/ur212042182/?ref_=tturv_usr_1_t,2025-12-29,2,3,"""reviewCount"":2,""ratingsCount"":3,""checkinCount"":0,""listCount"":0,""watchlistCount"":0,""favoritePeopleCount"":0,""badgesCount"":2,""interestCount"":0",2025-12-29T19:48:15Z
10,ur212040797,https://www.imdb.com/user/ur212040797/?ref_=tturv_usr_1_t,2025-12-29,1,3,"""reviewCount"":1,""ratingsCount"":3,""checkinCount"":0,""listCount"":0,""watchlistCount"":0,""favoritePeopleCount"":0,""badgesCount"":2,""interestCount"":0",2025-12-29T19:18:41Z
10,ur212041883,https://www.imdb.com/user/ur212041883/?ref_=tturv_usr_1_t,2025-12-29,1,4,"""reviewCount"":1,""ratingsCount"":4,""checkinCount"":0,""listCount"":0,""watchlistCount"":0,""favoritePeopleCount"":0,""badgesCount"":2,""interestCount"":0",2025-12-29T19:44:33Z
10,ur89003093,https://www.imdb.com/user/ur89003093/?ref_=tturv_usr_1_t,2018-06-10,1,19,"""reviewCount"":1,""ratingsCount"":19,""checkinCount"":0,""listCount"":0,""watchlistCount"":0,""favoritePeopleCount"":0,""badgesCount"":5,""interestCount"":0",2018-06-10T04:29:52Z
10,ur212041524,https://www.imdb.com/user/ur212041524/?ref_=tturv_usr_1_t,2025-12-29,1,1,"""reviewCount"":1,""ratingsCount"":1,""checkinCount"":0,""listCount"":0,""watchlistCount"":0,""favoritePeopleCount"":0,""badgesCount"":2,""interestCount"":0",2025-12-29T19:34:30Z
10,ur212041126,https://www.imdb.com/user/ur212041126/?ref_=tturv_usr_1_t,2025-12-29,1,5,"""reviewCount"":1,""ratingsCount"":5,""checkinCount"":0,""listCount"":0,""watchlistCount"":0,""favoritePeopleCount"":0,""badgesCount"":2,""interestCount"":0",2025-12-29T19:34:27Z
10,ur197745690,https://www.imdb.com/user/ur197745690/?ref_=tturv_usr_1_t,2025-03-03,1,2,"""reviewCount"":1,""ratingsCount"":2,""checkinCount"":0,""listCount"":0,""watchlistCount"":0,""favoritePeopleCount"":0,""badgesCount"":2,""interestCount"":0",2025-03-03T19:24:01Z
10,ur212041532,https://www.imdb.com/user/ur212041532/?ref_=tturv_usr_1_t,2025-12-29,1,1,"""reviewCount"":1,""ratingsCount"":1,""checkinCount"":0,""listCount"":0,""watchlistCount"":0,""favoritePeopleCount"":0,""badgesCount"":2,""interestCount"":0",2025-12-29T19:28:37Z
10,ur3129575,https://www.imdb.com/user/ur3129575/?ref_=tturv_usr_1_t,2004-02-23,15,0,"""reviewCount"":15,""ratingsCount"":0,""checkinCount"":0,""listCount"":0,""watchlistCount"":0,""favoritePeopleCount"":0,""badgesCount"":2,""interestCount"":0",2004-02-23T03:12:30Z
10,ur212040673,https://www.imdb.com/user/ur212040673/?ref_=tturv_usr_1_t,2025-12-29,1,1,"""reviewCount"":1,""ratingsCount"":1,""checkinCount"":0,""listCount"":0,""watchlistCount"":0,""favoritePeopleCount"":0,""badgesCount"":2,""interestCount"":0",2025-12-29T19:34:53Z
10,ur167475371,https://www.imdb.com/user/ur167475371/?ref_=tturv_usr_1_t,2023-07-06,1,0,"""reviewCount"":1,""ratingsCount"":0,""checkinCount"":0,""listCount"":0,""watchlistCount"":0,""favoritePeopleCount"":0,""badgesCount"":2,""interestCount"":0",2023-07-06T16:40:01Z
10,ur212041337,https://www.imdb.com/user/ur212041337/?ref_=tturv_usr_1_t,2025-12-29,2,2,"""reviewCount"":2,""ratingsCount"":2,""checkinCount"":0,""listCount"":0,""watchlistCount"":0,""favoritePeopleCount"":0,""badgesCount"":2,""interestCount"":0",2025-12-29T19:31:15Z
10,ur212041390,https://www.imdb.com/user/ur212041390/?ref_=tturv_usr_1_t,2025-12-29,1,2,"""reviewCount"":1,""ratingsCount"":2,""checkinCount"":0,""listCount"":0,""watchlistCount"":0,""favoritePeopleCount"":0,""badgesCount"":2,""interestCount"":0",2025-12-29T19:24:45Z
10,ur212041982,https://www.imdb.com/user/ur212041982/?ref_=tturv_usr_1_t,2025-12-29,1,5,"""reviewCount"":1,""ratingsCount"":5,""checkinCount"":0,""listCount"":0,""watchlistCount"":1,""favoritePeopleCount"":0,""badgesCount"":2,""interestCount"":0",2025-12-29T19:24:19Z
10,ur212029359,https://www.imdb.com/user/ur212029359/?ref_=tturv_usr_1_t,2025-12-29,1,45,"""reviewCount"":1,""ratingsCount"":45,""checkinCount"":0,""listCount"":0,""watchlistCount"":1,""favoritePeopleCount"":0,""badgesCount"":2,""interestCount"":0",2025-12-29T12:47:03Z
10,ur74871424,https://www.imdb.com/user/ur74871424/?ref_=tturv_usr_1_t,2017-04-09,5,0,"""reviewCount"":5,""ratingsCount"":0,""checkinCount"":0,""listCount"":0,""watchlistCount"":0,""favoritePeopleCount"":0,""badgesCount"":2,""interestCount"":0",2017-04-09T21:07:21Z
10,ur212041213,https://www.imdb.com/user/ur212041213/?ref_=tturv_usr_1_t,2025-12-29,1,1,"""reviewCount"":1,""ratingsCount"":1,""checkinCount"":0,""listCount"":0,""watchlistCount"":0,""favoritePeopleCount"":0,""badgesCount"":2,""interestCount"":0",2025-12-29T19:18:05Z
10,ur212041578,https://www.imdb.com/user/ur212041578/?ref_=tturv_usr_1_t,2025-12-29,1,1,"""reviewCount"":1,""ratingsCount"":1,""checkinCount"":0,""listCount"":0,""watchlistCount"":0,""favoritePeopleCount"":0,""badgesCount"":2,""interestCount"":0",2025-12-29T19:12:02Z
10,ur124660168,https://www.imdb.com/user/ur124660168/?ref_=tturv_usr_1_t,2020-09-27,1,0,"""reviewCount"":1,""ratingsCount"":0,""checkinCount"":0,""listCount"":0,""watchlistCount"":0,""favoritePeopleCount"":0,""badgesCount"":2,""interestCount"":0",2020-09-27T17:31:04Z
10,ur211999657,https://www.imdb.com/user/ur211999657/?ref_=tturv_usr_1_t,2025-12-28,1,3,"""reviewCount"":1,""ratingsCount"":3,""checkinCount"":0,""listCount"":0,""watchlistCount"":0,""favoritePeopleCount"":0,""badgesCount"":2,""interestCount"":0",2025-12-28T18:44:10Z
10,ur211990258,https://www.imdb.com/user/ur211990258/?ref_=tturv_usr_1_t,2025-12-28,2,5,"""reviewCount"":2,""ratingsCount"":5,""checkinCount"":0,""listCount"":0,""watchlistCount"":0,""favoritePeopleCount"":0,""badgesCount"":2,""interestCount"":0",2025-12-28T12:21:32Z
10,ur107947578,https://www.imdb.com/user/ur107947578/?ref_=tturv_usr_1_t,2019-09-21,17,0,"""reviewCount"":17,""ratingsCount"":0,""checkinCount"":0,""listCount"":0,""watchlistCount"":0,""favoritePeopleCount"":0,""badgesCount"":2,""interestCount"":0",2019-09-21T18:06:18Z
10,ur212040448,https://www.imdb.com/user/ur212040448/?ref_=tturv_usr_1_t,2025-12-29,1,8,"""reviewCount"":1,""ratingsCount"":8,""checkinCount"":0,""listCount"":0,""watchlistCount"":0,""favoritePeopleCount"":0,""badgesCount"":2,""interestCount"":0",2025-12-29T18:41:43Z
10,ur212040457,https://www.imdb.com/user/ur212040457/?ref_=tturv_usr_1_t,2025-12-29,1,1,"""reviewCount"":1,""ratingsCount"":1,""checkinCount"":0,""listCount"":0,""watchlistCount"":0,""favoritePeopleCount"":0,""badgesCount"":2,""interestCount"":0",2025-12-29T19:07:30Z
10,ur211560131,https://www.imdb.com/user/ur211560131/?ref_=tturv_usr_1_t,2025-12-07,2,78,"""reviewCount"":2,""ratingsCount"":78,""checkinCount"":0,""listCount"":1,""watchlistCount"":0,""favoritePeopleCount"":0,""badgesCount"":2,""interestCount"":0",2025-12-07T22:37:53Z
10,ur212040310,https://www.imdb.com/user/ur212040310/?ref_=tturv_usr_1_t,2025-12-29,1,1,"""reviewCount"":1,""ratingsCount"":1,""checkinCount"":0,""listCount"":0,""watchlistCount"":0,""favoritePeopleCount"":0,""badgesCount"":2,""interestCount"":0",2025-12-29T18:51:52Z
10,ur212040549,https://www.imdb.com/user/ur212040549/?ref_=tturv_usr_1_t,2025-12-29,2,2,"""reviewCount"":2,""ratingsCount"":2,""checkinCount"":0,""listCount"":0,""watchlistCount"":2,""favoritePeopleCount"":0,""badgesCount"":2,""interestCount"":0",2025-12-29T18:46:11Z
10,ur211989509,https://www.imdb.com/user/ur211989509/?ref_=tturv_usr_1_t,2025-12-28,2,10,"""reviewCount"":2,""ratingsCount"":10,""checkinCount"":0,""listCount"":0,""watchlistCount"":0,""favoritePeopleCount"":0,""badgesCount"":2,""interestCount"":0",2025-12-28T11:54:15Z
10,ur212039343,https://www.imdb.com/user/ur212039343/?ref_=tturv_usr_1_t,2025-12-29,1,1,"""reviewCount"":1,""ratingsCount"":1,""checkinCount"":0,""listCount"":0,""watchlistCount"":0,""favoritePeopleCount"":0,""badgesCount"":2,""interestCount"":0",2025-12-29T18:42:30Z
10,ur212040208,https://www.imdb.com/user/ur212040208/?ref_=tturv_usr_1_t,2025-12-29,1,1,"""reviewCount"":1,""ratingsCount"":1,""checkinCount"":0,""listCount"":0,""watchlistCount"":0,""favoritePeopleCount"":0,""badgesCount"":2,""interestCount"":0",2025-12-29T18:36:44Z
10,ur212038772,https://www.imdb.com/user/ur212038772/?ref_=tturv_usr_1_t,2025-12-29,1,8,"""reviewCount"":1,""ratingsCount"":8,""checkinCount"":0,""listCount"":0,""watchlistCount"":0,""favoritePeopleCount"":0,""badgesCount"":2,""interestCount"":0",2025-12-29T18:35:52Z
10,ur7143427,https://www.imdb.com/user/ur7143427/?ref_=tturv_usr_1_t,2005-09-13,1,0,"""reviewCount"":1,""ratingsCount"":0,""checkinCount"":0,""listCount"":0,""watchlistCount"":0,""favoritePeopleCount"":0,""badgesCount"":2,""interestCount"":0",2005-09-13T21:00:27Z
10,ur211420442,https://www.imdb.com/user/ur211420442/?ref_=tturv_usr_1_t,2025-11-29,1,2,"""reviewCount"":1,""ratingsCount"":2,""checkinCount"":0,""listCount"":0,""watchlistCount"":0,""favoritePeopleCount"":0,""badgesCount"":2,""interestCount"":0",2025-11-29T21:30:43Z
10,ur144335296,https://www.imdb.com/user/ur144335296/?ref_=tturv_usr_1_t,2021-11-21,1,0,"""reviewCount"":1,""ratingsCount"":0,""checkinCount"":0,""listCount"":0,""watchlistCount"":0,""favoritePeopleCount"":0,""badgesCount"":2,""interestCount"":0",2021-11-21T10:47:53Z
10,ur212039380,https://www.imdb.com/user/ur212039380/?ref_=tturv_usr_1_t,2025-12-29,1,7,"""reviewCount"":1,""ratingsCount"":7,""checkinCount"":0,""listCount"":0,""watchlistCount"":0,""favoritePeopleCount"":0,""badgesCount"":2,""interestCount"":0",2025-12-29T18:23:28Z
10,ur177079701,https://www.imdb.com/user/ur177079701/?ref_=tturv_usr_1_t,2024-02-07,1,0,"""reviewCount"":1,""ratingsCount"":0,""checkinCount"":0,""listCount"":0,""watchlistCount"":0,""favoritePeopleCount"":0,""badgesCount"":2,""interestCount"":0",2024-02-07T12:35:40Z
10,ur161598872,https://www.imdb.com/user/ur161598872/?ref_=tturv_usr_1_t,2023-01-26,1,0,"""reviewCount"":1,""ratingsCount"":0,""checkinCount"":0,""listCount"":0,""watchlistCount"":0,""favoritePeopleCount"":0,""badgesCount"":2,""interestCount"":0",2023-01-26T20:35:14Z
10,ur212037305,https://www.imdb.com/user/ur212037305/?ref_=tturv_usr_1_t,2025-12-29,1,14,"""reviewCount"":1,""ratingsCount"":14,""checkinCount"":0,""listCount"":0,""watchlistCount"":0,""favoritePeopleCount"":0,""badgesCount"":2,""interestCount"":0",2025-12-29T17:51:49Z
10,ur200401660,https://www.imdb.com/user/ur200401660/?ref_=tturv_usr_1_t,2025-04-23,1,11,"""reviewCount"":1,""ratingsCount"":11,""checkinCount"":0,""listCount"":0,""watchlistCount"":2,""favoritePeopleCount"":0,""badgesCount"":2,""interestCount"":0",2025-04-23T14:24:49Z
10,ur212038428,https://www.imdb.com/user/ur212038428/?ref_=tturv_usr_1_t,2025-12-29,1,9,"""reviewCount"":1,""ratingsCount"":9,""checkinCount"":0,""listCount"":0,""watchlistCount"":0,""favoritePeopleCount"":0,""badgesCount"":2,""interestCount"":0",2025-12-29T17:56:47Z
10,ur212002961,https://www.imdb.com/user/ur212002961/?ref_=tturv_usr_1_t,2025-12-28,1,10,"""reviewCount"":1,""ratingsCount"":10,""checkinCount"":0,""listCount"":0,""watchlistCount"":0,""favoritePeopleCount"":0,""badgesCount"":2,""interestCount"":0",2025-12-28T19:34:16Z
10,ur212037985,https://www.imdb.com/user/ur212037985/?ref_=tturv_usr_1_t,2025-12-29,3,9,"""reviewCount"":3,""ratingsCount"":9,""checkinCount"":0,""listCount"":0,""watchlistCount"":0,""favoritePeopleCount"":0,""badgesCount"":2,""interestCount"":0",2025-12-29T18:08:46Z
10,ur211995491,https://www.imdb.com/user/ur211995491/?ref_=tturv_usr_1_t,2025-12-28,1,2,"""reviewCount"":1,""ratingsCount"":2,""checkinCount"":0,""listCount"":0,""watchlistCount"":0,""favoritePeopleCount"":0,""badgesCount"":2,""interestCount"":0",2025-12-28T15:43:12Z
10,ur212030715,https://www.imdb.com/user/ur212030715/?ref_=tturv_usr_1_t,2025-12-29,1,39,"""reviewCount"":1,""ratingsCount"":39,""checkinCount"":0,""listCount"":0,""watchlistCount"":0,""favoritePeopleCount"":0,""badgesCount"":2,""interestCount"":0",2025-12-29T14:22:41Z
10,ur35353646,https://www.imdb.com/user/ur35353646/?ref_=tturv_usr_1_t,2012-07-28,1,0,"""reviewCount"":1,""ratingsCount"":0,""checkinCount"":0,""listCount"":0,""watchlistCount"":0,""favoritePeopleCount"":0,""badgesCount"":2,""interestCount"":0",2012-07-28T11:50:24Z
10,ur151983982,https://www.imdb.com/user/ur151983982/?ref_=tturv_usr_1_t,2022-04-13,1,0,"""reviewCount"":1,""ratingsCount"":0,""checkinCount"":0,""listCount"":0,""watchlistCount"":0,""favoritePeopleCount"":0,""badgesCount"":2,""interestCount"":0",2022-04-13T20:02:41Z
10,ur212027532,https://www.imdb.com/user/ur212027532/?ref_=tturv_usr_1_t,2025-12-29,1,9,"""reviewCount"":1,""ratingsCount"":9,""checkinCount"":0,""listCount"":0,""watchlistCount"":0,""favoritePeopleCount"":0,""badgesCount"":2,""interestCount"":0",2025-12-29T11:59:01Z
10,ur212038568,https://www.imdb.com/user/ur212038568/?ref_=tturv_usr_1_t,2025-12-29,1,1,"""reviewCount"":1,""ratingsCount"":1,""checkinCount"":0,""listCount"":0,""watchlistCount"":0,""favoritePeopleCount"":0,""badgesCount"":2,""interestCount"":0",2025-12-29T18:02:14Z
10,ur212037055,https://www.imdb.com/user/ur212037055/?ref_=tturv_usr_1_t,2025-12-29,2,3,"""reviewCount"":2,""ratingsCount"":3,""checkinCount"":0,""listCount"":0,""watchlistCount"":1,""favoritePeopleCount"":0,""badgesCount"":2,""interestCount"":0",2025-12-29T17:58:28Z
10,ur212034576,https://www.imdb.com/user/ur212034576/?ref_=tturv_usr_1_t,2025-12-29,1,7,"""reviewCount"":1,""ratingsCount"":7,""checkinCount"":0,""listCount"":0,""watchlistCount"":0,""favoritePeopleCount"":0,""badgesCount"":2,""interestCount"":0",2025-12-29T17:04:29Z
10,ur211999841,https://www.imdb.com/user/ur211999841/?ref_=tturv_usr_1_t,2025-12-28,1,43,"""reviewCount"":1,""ratingsCount"":43,""checkinCount"":0,""listCount"":0,""watchlistCount"":0,""favoritePeopleCount"":0,""badgesCount"":2,""interestCount"":0",2025-12-28T17:59:18Z
10,ur212038068,https://www.imdb.com/user/ur212038068/?ref_=tturv_usr_1_t,2025-12-29,1,1,"""reviewCount"":1,""ratingsCount"":1,""checkinCount"":0,""listCount"":0,""watchlistCount"":0,""favoritePeopleCount"":0,""badgesCount"":2,""interestCount"":0",2025-12-29T17:46:51Z
10,ur212037938,https://www.imdb.com/user/ur212037938/?ref_=tturv_usr_1_t,2025-12-29,1,2,"""reviewCount"":1,""ratingsCount"":2,""checkinCount"":0,""listCount"":0,""watchlistCount"":0,""favoritePeopleCount"":0,""badgesCount"":2,""interestCount"":0",2025-12-29T17:43:19Z
10,ur35515000,https://www.imdb.com/user/ur35515000/?ref_=tturv_usr_1_t,2012-08-05,18,38,"""reviewCount"":18,""ratingsCount"":38,""checkinCount"":0,""listCount"":0,""watchlistCount"":0,""favoritePeopleCount"":0,""badgesCount"":2,""interestCount"":0",2012-08-05T02:31:21Z
10,ur212036052,https://www.imdb.com/user/ur212036052/?ref_=tturv_usr_1_t,2025-12-29,1,1,"""reviewCount"":1,""ratingsCount"":1,""checkinCount"":0,""listCount"":0,""watchlistCount"":0,""favoritePeopleCount"":0,""badgesCount"":2,""interestCount"":0",2025-12-29T17:38:10Z
10,ur212037072,https://www.imdb.com/user/ur212037072/?ref_=tturv_usr_1_t,2025-12-29,1,3,"""reviewCount"":1,""ratingsCount"":3,""checkinCount"":0,""listCount"":0,""watchlistCount"":0,""favoritePeopleCount"":0,""badgesCount"":2,""interestCount"":0",2025-12-29T17:40:10Z
10,ur131579776,https://www.imdb.com/user/ur131579776/?ref_=tturv_usr_1_t,2021-04-20,1,0,"""reviewCount"":1,""ratingsCount"":0,""checkinCount"":0,""listCount"":0,""watchlistCount"":0,""favoritePeopleCount"":0,""badgesCount"":2,""interestCount"":0",2021-04-20T09:18:52Z
10,ur212036858,https://www.imdb.com/user/ur212036858/?ref_=tturv_usr_1_t,2025-12-29,1,2,"""reviewCount"":1,""ratingsCount"":2,""checkinCount"":0,""listCount"":0,""watchlistCount"":0,""favoritePeopleCount"":0,""badgesCount"":2,""interestCount"":0",2025-12-29T17:10:28Z
10,ur212037099,https://www.imdb.com/user/ur212037099/?ref_=tturv_usr_1_t,2025-12-29,1,2,"""reviewCount"":1,""ratingsCount"":2,""checkinCount"":0,""listCount"":0,""watchlistCount"":0,""favoritePeopleCount"":0,""badgesCount"":2,""interestCount"":0",2025-12-29T17:29:28Z
10,ur101258523,https://www.imdb.com/user/ur101258523/?ref_=tturv_usr_1_t,2019-04-04,1,0,"""reviewCount"":1,""ratingsCount"":0,""checkinCount"":0,""listCount"":0,""watchlistCount"":0,""favoritePeopleCount"":0,""badgesCount"":2,""interestCount"":0",2019-04-04T02:39:44Z
10,ur212013880,https://www.imdb.com/user/ur212013880/?ref_=tturv_usr_1_t,2025-12-29,1,4,"""reviewCount"":1,""ratingsCount"":4,""checkinCount"":0,""listCount"":0,""watchlistCount"":0,""favoritePeopleCount"":0,""badgesCount"":2,""interestCount"":0",2025-12-29T01:06:09Z
10,ur106478063,https://www.imdb.com/user/ur106478063/?ref_=tturv_usr_1_t,2019-08-10,1,0,"""reviewCount"":1,""ratingsCount"":0,""checkinCount"":0,""listCount"":0,""watchlistCount"":0,""favoritePeopleCount"":0,""badgesCount"":2,""interestCount"":0",2019-08-10T21:37:53Z
10,ur160748006,https://www.imdb.com/user/ur160748006/?ref_=tturv_usr_1_t,2023-01-04,1,0,"""reviewCount"":1,""ratingsCount"":0,""checkinCount"":0,""listCount"":0,""watchlistCount"":0,""favoritePeopleCount"":0,""badgesCount"":2,""interestCount"":0",2023-01-04T22:28:03Z
10,ur212036678,https://www.imdb.com/user/ur212036678/?ref_=tturv_usr_1_t,2025-12-29,1,21,"""reviewCount"":1,""ratingsCount"":21,""checkinCount"":0,""listCount"":0,""watchlistCount"":0,""favoritePeopleCount"":0,""badgesCount"":2,""interestCount"":0",2025-12-29T17:05:50Z
10,ur212036649,https://www.imdb.com/user/ur212036649/?ref_=tturv_usr_1_t,2025-12-29,1,1,"""reviewCount"":1,""ratingsCount"":1,""checkinCount"":0,""listCount"":0,""watchlistCount"":0,""favoritePeopleCount"":0,""badgesCount"":2,""interestCount"":0",2025-12-29T17:11:04Z
10,ur211137505,https://www.imdb.com/user/ur211137505/?ref_=tturv_usr_1_t,2025-11-13,1,3,"""reviewCount"":1,""ratingsCount"":3,""checkinCount"":0,""listCount"":0,""watchlistCount"":0,""favoritePeopleCount"":0,""badgesCount"":2,""interestCount"":0",2025-11-13T20:27:51Z
10,ur212036558,https://www.imdb.com/user/ur212036558/?ref_=tturv_usr_1_t,2025-12-29,1,1,"""reviewCount"":1,""ratingsCount"":1,""checkinCount"":0,""listCount"":0,""watchlistCount"":0,""favoritePeopleCount"":0,""badgesCount"":2,""interestCount"":0",2025-12-29T17:02:36Z
10,ur212035406,https://www.imdb.com/user/ur212035406/?ref_=tturv_usr_1_t,2025-12-29,1,13,"""reviewCount"":1,""ratingsCount"":13,""checkinCount"":0,""listCount"":0,""watchlistCount"":0,""favoritePeopleCount"":0,""badgesCount"":2,""interestCount"":0",2025-12-29T17:00:47Z
10,ur212015152,https://www.imdb.com/user/ur212015152/?ref_=tturv_usr_1_t,2025-12-29,1,2,"""reviewCount"":1,""ratingsCount"":2,""checkinCount"":0,""listCount"":0,""watchlistCount"":1,""favoritePeopleCount"":0,""badgesCount"":2,""interestCount"":0",2025-12-29T02:32:11Z
10,ur212034555,https://www.imdb.com/user/ur212034555/?ref_=tturv_usr_1_t,2025-12-29,1,43,"""reviewCount"":1,""ratingsCount"":43,""checkinCount"":0,""listCount"":0,""watchlistCount"":0,""favoritePeopleCount"":0,""badgesCount"":2,""interestCount"":0",2025-12-29T16:31:32Z
10,ur212036439,https://www.imdb.com/user/ur212036439/?ref_=tturv_usr_1_t,2025-12-29,1,1,"""reviewCount"":1,""ratingsCount"":1,""checkinCount"":0,""listCount"":0,""watchlistCount"":1,""favoritePeopleCount"":0,""badgesCount"":2,""interestCount"":0",2025-12-29T16:59:27Z
10,ur212025480,https://www.imdb.com/user/ur212025480/?ref_=tturv_usr_1_t,2025-12-29,1,9,"""reviewCount"":1,""ratingsCount"":9,""checkinCount"":0,""listCount"":0,""watchlistCount"":0,""favoritePeopleCount"":0,""badgesCount"":2,""interestCount"":0",2025-12-29T10:27:29Z
10,ur111959772,https://www.imdb.com/user/ur111959772/?ref_=tturv_usr_1_t,2020-01-04,4,0,"""reviewCount"":4,""ratingsCount"":0,""checkinCount"":0,""listCount"":0,""watchlistCount"":0,""favoritePeopleCount"":0,""badgesCount"":2,""interestCount"":0",2020-01-04T03:25:07Z
10,ur211997908,https://www.imdb.com/user/ur211997908/?ref_=tturv_usr_1_t,2025-12-28,1,5,"""reviewCount"":1,""ratingsCount"":5,""checkinCount"":0,""listCount"":0,""watchlistCount"":0,""favoritePeopleCount"":0,""badgesCount"":2,""interestCount"":0",2025-12-28T16:45:09Z
10,ur211960079,https://www.imdb.com/user/ur211960079/?ref_=tturv_usr_1_t,2025-12-27,1,45,"""reviewCount"":1,""ratingsCount"":45,""checkinCount"":0,""listCount"":0,""watchlistCount"":1,""favoritePeopleCount"":0,""badgesCount"":2,""interestCount"":0",2025-12-27T12:46:42Z
10,ur102727389,https://www.imdb.com/user/ur102727389/?ref_=tturv_usr_1_t,2019-05-09,1,0,"""reviewCount"":1,""ratingsCount"":0,""checkinCount"":0,""listCount"":0,""watchlistCount"":0,""favoritePeopleCount"":0,""badgesCount"":2,""interestCount"":0",2019-05-09T07:37:23Z
10,ur98146048,https://www.imdb.com/user/ur98146048/?ref_=tturv_usr_1_t,2019-01-23,1,0,"""reviewCount"":1,""ratingsCount"":0,""checkinCount"":0,""listCount"":0,""watchlistCount"":0,""favoritePeopleCount"":0,""badgesCount"":2,""interestCount"":0",2019-01-23T18:46:14Z
10,ur64717473,https://www.imdb.com/user/ur64717473/?ref_=tturv_usr_1_t,2016-01-05,2,86,"""reviewCount"":2,""ratingsCount"":86,""checkinCount"":0,""listCount"":0,""watchlistCount"":0,""favoritePeopleCount"":0,""badgesCount"":2,""interestCount"":0",2016-01-05T22:25:51Z
10,ur212001989,https://www.imdb.com/user/ur212001989/?ref_=tturv_usr_1_t,2025-12-28,1,4,"""reviewCount"":1,""ratingsCount"":4,""checkinCount"":0,""listCount"":0,""watchlistCount"":1,""favoritePeopleCount"":0,""badgesCount"":2,""interestCount"":0",2025-12-28T18:50:41Z
10,ur212034273,https://www.imdb.com/user/ur212034273/?ref_=tturv_usr_1_t,2025-12-29,1,1,"""reviewCount"":1,""ratingsCount"":1,""checkinCount"":0,""listCount"":0,""watchlistCount"":0,""favoritePeopleCount"":0,""badgesCount"":2,""interestCount"":0",2025-12-29T16:21:16Z
10,ur212034420,https://www.imdb.com/user/ur212034420/?ref_=tturv_usr_1_t,2025-12-29,1,1,"""reviewCount"":1,""ratingsCount"":1,""checkinCount"":0,""listCount"":0,""watchlistCount"":0,""favoritePeopleCount"":0,""badgesCount"":2,""interestCount"":0",2025-12-29T16:21:16Z
10,ur198194752,https://www.imdb.com/user/ur198194752/?ref_=tturv_usr_1_t,2025-03-13,1,15,"""reviewCount"":1,""ratingsCount"":15,""checkinCount"":0,""listCount"":0,""watchlistCount"":1,""favoritePeopleCount"":0,""badgesCount"":2,""interestCount"":0",2025-03-13T17:47:40Z
10,ur211995937,https://www.imdb.com/user/ur211995937/?ref_=tturv_usr_1_t,2025-12-28,1,2,"""reviewCount"":1,""ratingsCount"":2,""checkinCount"":0,""listCount"":0,""watchlistCount"":0,""favoritePeopleCount"":0,""badgesCount"":2,""interestCount"":0",2025-12-28T16:56:24Z
10,ur212032575,https://www.imdb.com/user/ur212032575/?ref_=tturv_usr_1_t,2025-12-29,1,2,"""reviewCount"":1,""ratingsCount"":2,""checkinCount"":0,""listCount"":0,""watchlistCount"":0,""favoritePeopleCount"":0,""badgesCount"":2,""interestCount"":0",2025-12-29T15:39:27Z
10,ur212033614,https://www.imdb.com/user/ur212033614/?ref_=tturv_usr_1_t,2025-12-29,1,1,"""reviewCount"":1,""ratingsCount"":1,""checkinCount"":0,""listCount"":0,""watchlistCount"":0,""favoritePeopleCount"":0,""badgesCount"":2,""interestCount"":0",2025-12-29T16:04:05Z
10,ur212033983,https://www.imdb.com/user/ur212033983/?ref_=tturv_usr_1_t,2025-12-29,2,4,"""reviewCount"":2,""ratingsCount"":4,""checkinCount"":0,""listCount"":0,""watchlistCount"":0,""favoritePeopleCount"":0,""badgesCount"":2,""interestCount"":0",2025-12-29T15:47:44Z
10,ur212025196,https://www.imdb.com/user/ur212025196/?ref_=tturv_usr_1_t,2025-12-29,1,9,"""reviewCount"":1,""ratingsCount"":9,""checkinCount"":0,""listCount"":0,""watchlistCount"":0,""favoritePeopleCount"":0,""badgesCount"":2,""interestCount"":0",2025-12-29T10:15:27Z
10,ur133126508,https://www.imdb.com/user/ur133126508/?ref_=tturv_usr_1_t,2021-05-29,1,0,"""reviewCount"":1,""ratingsCount"":0,""checkinCount"":0,""listCount"":0,""watchlistCount"":0,""favoritePeopleCount"":0,""badgesCount"":2,""interestCount"":0",2021-05-29T18:10:59Z
10,ur211973773,https://www.imdb.com/user/ur211973773/?ref_=tturv_usr_1_t,2025-12-27,1,3,"""reviewCount"":1,""ratingsCount"":3,""checkinCount"":0,""listCount"":0,""watchlistCount"":0,""favoritePeopleCount"":0,""badgesCount"":2,""interestCount"":0",2025-12-27T23:53:07Z
10,ur211974008,https://www.imdb.com/user/ur211974008/?ref_=tturv_usr_1_t,2025-12-27,1,5,"""reviewCount"":1,""ratingsCount"":5,""checkinCount"":0,""listCount"":0,""watchlistCount"":0,""favoritePeopleCount"":0,""badgesCount"":2,""interestCount"":0",2025-12-27T23:10:15Z
10,ur77674767,https://www.imdb.com/user/ur77674767/?ref_=tturv_usr_1_t,2017-06-24,1,0,"""reviewCount"":1,""ratingsCount"":0,""checkinCount"":0,""listCount"":0,""watchlistCount"":0,""favoritePeopleCount"":0,""badgesCount"":2,""interestCount"":0",2017-06-24T21:26:04Z
10,ur63290670,https://www.imdb.com/user/ur63290670/?ref_=tturv_usr_1_t,2015-10-19,2,0,"""reviewCount"":2,""ratingsCount"":0,""checkinCount"":0,""listCount"":0,""watchlistCount"":0,""favoritePeopleCount"":0,""badgesCount"":2,""interestCount"":0",2015-10-19T19:58:37Z
10,ur3039531,https://www.imdb.com/user/ur3039531/?ref_=tturv_usr_1_t,2004-01-25,1,0,"""reviewCount"":1,""ratingsCount"":0,""checkinCount"":0,""listCount"":0,""watchlistCount"":0,""favoritePeopleCount"":0,""badgesCount"":2,""interestCount"":0",2004-01-25T05:07:31Z
10,ur198112394,https://www.imdb.com/user/ur198112394/?ref_=tturv_usr_1_t,2025-03-11,1,1,"""reviewCount"":1,""ratingsCount"":1,""checkinCount"":0,""listCount"":0,""watchlistCount"":90,""favoritePeopleCount"":0,""badgesCount"":2,""interestCount"":0",2025-03-11T19:06:00Z
10,ur103978275,https://www.imdb.com/user/ur103978275/?ref_=tturv_usr_1_t,2019-06-05,1,0,"""reviewCount"":1,""ratingsCount"":0,""checkinCount"":0,""listCount"":0,""watchlistCount"":0,""favoritePeopleCount"":0,""badgesCount"":2,""interestCount"":0",2019-06-05T06:10:13Z
10,ur0406475,https://www.imdb.com/user/ur0406475/?ref_=tturv_usr_1_t,1999-08-04,2,0,"""reviewCount"":2,""ratingsCount"":0,""checkinCount"":0,""listCount"":0,""watchlistCount"":0,""favoritePeopleCount"":0,""badgesCount"":2,""interestCount"":0",1999-08-04T02:55:49Z
10,ur212032534,https://www.imdb.com/user/ur212032534/?ref_=tturv_usr_1_t,2025-12-29,1,7,"""reviewCount"":1,""ratingsCount"":7,""checkinCount"":0,""listCount"":0,""watchlistCount"":0,""favoritePeopleCount"":0,""badgesCount"":2,""interestCount"":0",2025-12-29T15:19:12Z
10,ur212033319,https://www.imdb.com/user/ur212033319/?ref_=tturv_usr_1_t,2025-12-29,1,1,"""reviewCount"":1,""ratingsCount"":1,""checkinCount"":0,""listCount"":0,""watchlistCount"":0,""favoritePeopleCount"":0,""badgesCount"":2,""interestCount"":0",2025-12-29T15:25:01Z
10,ur102810059,https://www.imdb.com/user/ur102810059/?ref_=tturv_usr_1_t,2019-05-11,1,0,"""reviewCount"":1,""ratingsCount"":0,""checkinCount"":0,""listCount"":0,""watchlistCount"":0,""favoritePeopleCount"":0,""badgesCount"":2,""interestCount"":0",2019-05-11T09:17:00Z
10,ur152541842,https://www.imdb.com/user/ur152541842/?ref_=tturv_usr_1_t,2022-05-02,1,0,"""reviewCount"":1,""ratingsCount"":0,""checkinCount"":0,""listCount"":0,""watchlistCount"":0,""favoritePeopleCount"":0,""badgesCount"":2,""interestCount"":0",2022-05-02T13:52:37Z
10,ur190221637,https://www.imdb.com/user/ur190221637/?ref_=tturv_usr_1_t,2024-10-19,2,4,"""reviewCount"":2,""ratingsCount"":4,""checkinCount"":0,""listCount"":0,""watchlistCount"":0,""favoritePeopleCount"":0,""badgesCount"":2,""interestCount"":0",2024-10-19T22:46:08Z
10,ur212032570,https://www.imdb.com/user/ur212032570/?ref_=tturv_usr_1_t,2025-12-29,1,3,"""reviewCount"":1,""ratingsCount"":3,""checkinCount"":0,""listCount"":0,""watchlistCount"":0,""favoritePeopleCount"":0,""badgesCount"":2,""interestCount"":0",2025-12-29T14:59:09Z
10,ur212030667,https://www.imdb.com/user/ur212030667/?ref_=tturv_usr_1_t,2025-12-29,1,1,"""reviewCount"":1,""ratingsCount"":1,""checkinCount"":0,""listCount"":0,""watchlistCount"":0,""favoritePeopleCount"":0,""badgesCount"":2,""interestCount"":0",2025-12-29T14:48:17Z
10,ur212030906,https://www.imdb.com/user/ur212030906/?ref_=tturv_usr_1_t,2025-12-29,1,2,"""reviewCount"":1,""ratingsCount"":2,""checkinCount"":0,""listCount"":0,""watchlistCount"":0,""favoritePeopleCount"":0,""badgesCount"":2,""interestCount"":0",2025-12-29T14:47:26Z
10,ur179452193,https://www.imdb.com/user/ur179452193/?ref_=tturv_usr_1_t,2024-03-29,2,48,"""reviewCount"":2,""ratingsCount"":48,""checkinCount"":0,""listCount"":0,""watchlistCount"":0,""favoritePeopleCount"":0,""badgesCount"":2,""interestCount"":0",2024-03-29T12:02:40Z
10,ur212032258,https://www.imdb.com/user/ur212032258/?ref_=tturv_usr_1_t,2025-12-29,1,8,"""reviewCount"":1,""ratingsCount"":8,""checkinCount"":0,""listCount"":0,""watchlistCount"":0,""favoritePeopleCount"":0,""badgesCount"":2,""interestCount"":0",2025-12-29T14:40:45Z
10,ur69814105,https://www.imdb.com/user/ur69814105/?ref_=tturv_usr_1_t,2016-11-20,1,0,"""reviewCount"":1,""ratingsCount"":0,""checkinCount"":0,""listCount"":0,""watchlistCount"":0,""favoritePeopleCount"":0,""badgesCount"":2,""interestCount"":0",2016-11-20T02:54:48Z
10,ur144556504,https://www.imdb.com/user/ur144556504/?ref_=tturv_usr_1_t,2021-11-22,1,0,"""reviewCount"":1,""ratingsCount"":0,""checkinCount"":0,""listCount"":0,""watchlistCount"":0,""favoritePeopleCount"":0,""badgesCount"":2,""interestCount"":0",2021-11-22T18:26:56Z
10,ur126384579,https://www.imdb.com/user/ur126384579/?ref_=tturv_usr_1_t,2020-11-18,1,0,"""reviewCount"":1,""ratingsCount"":0,""checkinCount"":0,""listCount"":0,""watchlistCount"":0,""favoritePeopleCount"":0,""badgesCount"":2,""interestCount"":0",2020-11-18T10:44:25Z
10,ur211953376,https://www.imdb.com/user/ur211953376/?ref_=tturv_usr_1_t,2025-12-27,1,8,"""reviewCount"":1,""ratingsCount"":8,""checkinCount"":0,""listCount"":0,""watchlistCount"":0,""favoritePeopleCount"":0,""badgesCount"":2,""interestCount"":0",2025-12-27T06:56:52Z
10,ur212029955,https://www.imdb.com/user/ur212029955/?ref_=tturv_usr_1_t,2025-12-29,1,2,"""reviewCount"":1,""ratingsCount"":2,""checkinCount"":0,""listCount"":0,""watchlistCount"":0,""favoritePeopleCount"":0,""badgesCount"":2,""interestCount"":0",2025-12-29T14:26:13Z
10,ur212030286,https://www.imdb.com/user/ur212030286/?ref_=tturv_usr_1_t,2025-12-29,1,1,"""reviewCount"":1,""ratingsCount"":1,""checkinCount"":0,""listCount"":0,""watchlistCount"":0,""favoritePeopleCount"":0,""badgesCount"":2,""interestCount"":0",2025-12-29T14:20:23Z
10,ur212031469,https://www.imdb.com/user/ur212031469/?ref_=tturv_usr_1_t,2025-12-29,1,1,"""reviewCount"":1,""ratingsCount"":1,""checkinCount"":0,""listCount"":0,""watchlistCount"":0,""favoritePeopleCount"":0,""badgesCount"":2,""interestCount"":0",2025-12-29T14:21:54Z
10,ur50443210,https://www.imdb.com/user/ur50443210/?ref_=tturv_usr_1_t,2014-02-05,2,0,"""reviewCount"":2,""ratingsCount"":0,""checkinCount"":0,""listCount"":0,""watchlistCount"":0,""favoritePeopleCount"":0,""badgesCount"":2,""interestCount"":0",2014-02-05T17:59:23Z
10,ur212030516,https://www.imdb.com/user/ur212030516/?ref_=tturv_usr_1_t,2025-12-29,1,1,"""reviewCount"":1,""ratingsCount"":1,""checkinCount"":0,""listCount"":0,""watchlistCount"":0,""favoritePeopleCount"":0,""badgesCount"":2,""interestCount"":0",2025-12-29T14:13:04Z
10,ur198912828,https://www.imdb.com/user/ur198912828/?ref_=tturv_usr_1_t,2025-03-27,1,12,"""reviewCount"":1,""ratingsCount"":12,""checkinCount"":0,""listCount"":0,""watchlistCount"":3,""favoritePeopleCount"":0,""badgesCount"":2,""interestCount"":0",2025-03-27T17:31:19Z
10,ur212031250,https://www.imdb.com/user/ur212031250/?ref_=tturv_usr_1_t,2025-12-29,1,2,"""reviewCount"":1,""ratingsCount"":2,""checkinCount"":0,""listCount"":0,""watchlistCount"":0,""favoritePeopleCount"":0,""badgesCount"":2,""interestCount"":0",2025-12-29T14:04:05Z
10,ur191307260,https://www.imdb.com/user/ur191307260/?ref_=tturv_usr_1_t,2024-11-09,2,24,"""reviewCount"":2,""ratingsCount"":24,""checkinCount"":0,""listCount"":0,""watchlistCount"":0,""favoritePeopleCount"":0,""badgesCount"":2,""interestCount"":0",2024-11-09T19:46:29Z
10,ur212030758,https://www.imdb.com/user/ur212030758/?ref_=tturv_usr_1_t,2025-12-29,1,1,"""reviewCount"":1,""ratingsCount"":1,""checkinCount"":0,""listCount"":0,""watchlistCount"":0,""favoritePeopleCount"":0,""badgesCount"":2,""interestCount"":0",2025-12-29T13:42:28Z
10,ur195101298,https://www.imdb.com/user/ur195101298/?ref_=tturv_usr_1_t,2025-01-13,2,9,"""reviewCount"":2,""ratingsCount"":9,""checkinCount"":0,""listCount"":0,""watchlistCount"":0,""favoritePeopleCount"":0,""badgesCount"":2,""interestCount"":0",2025-01-13T14:11:56Z
10,ur33644914,https://www.imdb.com/user/ur33644914/?ref_=tturv_usr_1_t,2012-05-11,1,0,"""reviewCount"":1,""ratingsCount"":0,""checkinCount"":0,""listCount"":0,""watchlistCount"":0,""favoritePeopleCount"":0,""badgesCount"":2,""interestCount"":0",2012-05-11T07:25:59Z
10,ur212029585,https://www.imdb.com/user/ur212029585/?ref_=tturv_usr_1_t,2025-12-29,1,2,"""reviewCount"":1,""ratingsCount"":2,""checkinCount"":0,""listCount"":0,""watchlistCount"":0,""favoritePeopleCount"":0,""badgesCount"":2,""interestCount"":0",2025-12-29T13:50:17Z
10,ur212030788,https://www.imdb.com/user/ur212030788/?ref_=tturv_usr_1_t,2025-12-29,1,2,"""reviewCount"":1,""ratingsCount"":2,""checkinCount"":0,""listCount"":0,""watchlistCount"":0,""favoritePeopleCount"":0,""badgesCount"":2,""interestCount"":0",2025-12-29T13:42:51Z
10,ur171923504,https://www.imdb.com/user/ur171923504/?ref_=tturv_usr_1_t,2023-10-25,1,0,"""reviewCount"":1,""ratingsCount"":0,""checkinCount"":0,""listCount"":0,""watchlistCount"":0,""favoritePeopleCount"":0,""badgesCount"":2,""interestCount"":0",2023-10-25T16:35:02Z
10,ur211940332,https://www.imdb.com/user/ur211940332/?ref_=tturv_usr_1_t,2025-12-26,2,9,"""reviewCount"":2,""ratingsCount"":9,""checkinCount"":0,""listCount"":0,""watchlistCount"":0,""favoritePeopleCount"":0,""badgesCount"":2,""interestCount"":0",2025-12-26T20:11:59Z
10,ur212030448,https://www.imdb.com/user/ur212030448/?ref_=tturv_usr_1_t,2025-12-29,1,1,"""reviewCount"":1,""ratingsCount"":1,""checkinCount"":0,""listCount"":0,""watchlistCount"":0,""favoritePeopleCount"":0,""badgesCount"":2,""interestCount"":0",2025-12-29T13:33:51Z
10,ur212030169,https://www.imdb.com/user/ur212030169/?ref_=tturv_usr_1_t,2025-12-29,1,1,"""reviewCount"":1,""ratingsCount"":1,""checkinCount"":0,""listCount"":0,""watchlistCount"":0,""favoritePeopleCount"":0,""badgesCount"":2,""interestCount"":0",2025-12-29T13:30:57Z
10,ur186788653,https://www.imdb.com/user/ur186788653/?ref_=tturv_usr_1_t,2024-08-18,1,62,"""reviewCount"":1,""ratingsCount"":62,""checkinCount"":0,""listCount"":0,""watchlistCount"":1,""favoritePeopleCount"":0,""badgesCount"":2,""interestCount"":0",2024-08-18T12:27:44Z
10,ur37150357,https://www.imdb.com/user/ur37150357/?ref_=tturv_usr_1_t,2012-10-20,1,0,"""reviewCount"":1,""ratingsCount"":0,""checkinCount"":0,""listCount"":0,""watchlistCount"":0,""favoritePeopleCount"":0,""badgesCount"":2,""interestCount"":0",2012-10-20T19:51:43Z
10,ur211975534,https://www.imdb.com/user/ur211975534/?ref_=tturv_usr_1_t,2025-12-28,1,14,"""reviewCount"":1,""ratingsCount"":14,""checkinCount"":0,""listCount"":0,""watchlistCount"":0,""favoritePeopleCount"":0,""badgesCount"":2,""interestCount"":0",2025-12-28T01:01:50Z
10,ur212028634,https://www.imdb.com/user/ur212028634/?ref_=tturv_usr_1_t,2025-12-29,1,5,"""reviewCount"":1,""ratingsCount"":5,""checkinCount"":0,""listCount"":0,""watchlistCount"":0,""favoritePeopleCount"":0,""badgesCount"":2,""interestCount"":0",2025-12-29T13:16:40Z
10,ur212028436,https://www.imdb.com/user/ur212028436/?ref_=tturv_usr_1_t,2025-12-29,1,8,"""reviewCount"":1,""ratingsCount"":8,""checkinCount"":0,""listCount"":0,""watchlistCount"":2,""favoritePeopleCount"":0,""badgesCount"":2,""interestCount"":0",2025-12-29T12:45:05Z
10,ur212029869,https://www.imdb.com/user/ur212029869/?ref_=tturv_usr_1_t,2025-12-29,1,2,"""reviewCount"":1,""ratingsCount"":2,""checkinCount"":0,""listCount"":0,""watchlistCount"":0,""favoritePeopleCount"":0,""badgesCount"":2,""interestCount"":0",2025-12-29T13:12:02Z
10,ur212029012,https://www.imdb.com/user/ur212029012/?ref_=tturv_usr_1_t,2025-12-29,1,2,"""reviewCount"":1,""ratingsCount"":2,""checkinCount"":0,""listCount"":0,""watchlistCount"":0,""favoritePeopleCount"":0,""badgesCount"":2,""interestCount"":0",2025-12-29T13:04:16Z
10,ur212029351,https://www.imdb.com/user/ur212029351/?ref_=tturv_usr_1_t,2025-12-29,1,45,"""reviewCount"":1,""ratingsCount"":45,""checkinCount"":0,""listCount"":0,""watchlistCount"":1,""favoritePeopleCount"":0,""badgesCount"":2,""interestCount"":0",2025-12-29T13:00:11Z
10,ur212027982,https://www.imdb.com/user/ur212027982/?ref_=tturv_usr_1_t,2025-12-29,1,1,"""reviewCount"":1,""ratingsCount"":1,""checkinCount"":0,""listCount"":0,""watchlistCount"":0,""favoritePeopleCount"":0,""badgesCount"":2,""interestCount"":0",2025-12-29T12:56:19Z
10,ur212029171,https://www.imdb.com/user/ur212029171/?ref_=tturv_usr_1_t,2025-12-29,1,24,"""reviewCount"":1,""ratingsCount"":24,""checkinCount"":0,""listCount"":0,""watchlistCount"":3,""favoritePeopleCount"":0,""badgesCount"":2,""interestCount"":0",2025-12-29T13:00:08Z
10,ur211387216,https://www.imdb.com/user/ur211387216/?ref_=tturv_usr_1_t,2025-11-27,1,2,"""reviewCount"":1,""ratingsCount"":2,""checkinCount"":0,""listCount"":0,""watchlistCount"":0,""favoritePeopleCount"":0,""badgesCount"":2,""interestCount"":0",2025-11-27T23:59:11Z
10,ur212028043,https://www.imdb.com/user/ur212028043/?ref_=tturv_usr_1_t,2025-12-29,1,1,"""reviewCount"":1,""ratingsCount"":1,""checkinCount"":0,""listCount"":0,""watchlistCount"":0,""favoritePeopleCount"":0,""badgesCount"":2,""interestCount"":0",2025-12-29T12:56:37Z
10,ur212029538,https://www.imdb.com/user/ur212029538/?ref_=tturv_usr_1_t,2025-12-29,1,1,"""reviewCount"":1,""ratingsCount"":1,""checkinCount"":0,""listCount"":0,""watchlistCount"":0,""favoritePeopleCount"":0,""badgesCount"":2,""interestCount"":0",2025-12-29T12:53:25Z
10,ur212028412,https://www.imdb.com/user/ur212028412/?ref_=tturv_usr_1_t,2025-12-29,1,1,"""reviewCount"":1,""ratingsCount"":1,""checkinCount"":0,""listCount"":0,""watchlistCount"":0,""favoritePeopleCount"":0,""badgesCount"":2,""interestCount"":0",2025-12-29T12:51:02Z
10,ur212028251,https://www.imdb.com/user/ur212028251/?ref_=tturv_usr_1_t,2025-12-29,1,1,"""reviewCount"":1,""ratingsCount"":1,""checkinCount"":0,""listCount"":0,""watchlistCount"":0,""favoritePeopleCount"":0,""badgesCount"":2,""interestCount"":0",2025-12-29T12:33:39Z
10,ur211992691,https://www.imdb.com/user/ur211992691/?ref_=tturv_usr_1_t,2025-12-28,1,1,"""reviewCount"":1,""ratingsCount"":1,""checkinCount"":0,""listCount"":0,""watchlistCount"":0,""favoritePeopleCount"":0,""badgesCount"":2,""interestCount"":0",2025-12-28T14:23:58Z
10,ur212028560,https://www.imdb.com/user/ur212028560/?ref_=tturv_usr_1_t,2025-12-29,1,3,"""reviewCount"":1,""ratingsCount"":3,""checkinCount"":0,""listCount"":0,""watchlistCount"":0,""favoritePeopleCount"":0,""badgesCount"":2,""interestCount"":0",2025-12-29T12:33:06Z
10,ur33039720,https://www.imdb.com/user/ur33039720/?ref_=tturv_usr_1_t,2012-04-09,17,0,"""reviewCount"":17,""ratingsCount"":0,""checkinCount"":0,""listCount"":0,""watchlistCount"":0,""favoritePeopleCount"":0,""badgesCount"":2,""interestCount"":0",2012-04-09T18:29:14Z
10,ur211899140,https://www.imdb.com/user/ur211899140/?ref_=tturv_usr_1_t,2025-12-24,1,3,"""reviewCount"":1,""ratingsCount"":3,""checkinCount"":0,""listCount"":0,""watchlistCount"":0,""favoritePeopleCount"":0,""badgesCount"":2,""interestCount"":0",2025-12-24T17:32:51Z
10,ur212028239,https://www.imdb.com/user/ur212028239/?ref_=tturv_usr_1_t,2025-12-29,1,2,"""reviewCount"":1,""ratingsCount"":2,""checkinCount"":0,""listCount"":0,""watchlistCount"":0,""favoritePeopleCount"":0,""badgesCount"":2,""interestCount"":0",2025-12-29T12:25:13Z
10,ur212027697,https://www.imdb.com/user/ur212027697/?ref_=tturv_usr_1_t,2025-12-29,1,9,"""reviewCount"":1,""ratingsCount"":9,""checkinCount"":0,""listCount"":0,""watchlistCount"":0,""favoritePeopleCount"":0,""badgesCount"":2,""interestCount"":0",2025-12-29T12:18:16Z
10,ur67332105,https://www.imdb.com/user/ur67332105/?ref_=tturv_usr_1_t,2016-05-22,1,0,"""reviewCount"":1,""ratingsCount"":0,""checkinCount"":0,""listCount"":0,""watchlistCount"":0,""favoritePeopleCount"":0,""badgesCount"":2,""interestCount"":0",2016-05-22T22:57:11Z
10,ur159439975,https://www.imdb.com/user/ur159439975/?ref_=tturv_usr_1_t,2022-12-02,1,0,"""reviewCount"":1,""ratingsCount"":0,""checkinCount"":0,""listCount"":0,""watchlistCount"":0,""favoritePeopleCount"":0,""badgesCount"":2,""interestCount"":0",2022-12-02T06:15:03Z
10,ur196187478,https://www.imdb.com/user/ur196187478/?ref_=tturv_usr_1_t,2025-02-02,1,1,"""reviewCount"":1,""ratingsCount"":1,""checkinCount"":0,""listCount"":0,""watchlistCount"":0,""favoritePeopleCount"":0,""badgesCount"":2,""interestCount"":0",2025-02-02T10:30:16Z
10,ur212026806,https://www.imdb.com/user/ur212026806/?ref_=tturv_usr_1_t,2025-12-29,1,1,"""reviewCount"":1,""ratingsCount"":1,""checkinCount"":0,""listCount"":0,""watchlistCount"":0,""favoritePeopleCount"":0,""badgesCount"":2,""interestCount"":0",2025-12-29T11:59:04Z
10,ur212027530,https://www.imdb.com/user/ur212027530/?ref_=tturv_usr_1_t,2025-12-29,1,1,"""reviewCount"":1,""ratingsCount"":1,""checkinCount"":0,""listCount"":0,""watchlistCount"":0,""favoritePeopleCount"":0,""badgesCount"":2,""interestCount"":0",2025-12-29T11:41:13Z
10,ur211995783,https://www.imdb.com/user/ur211995783/?ref_=tturv_usr_1_t,2025-12-28,1,7,"""reviewCount"":1,""ratingsCount"":7,""checkinCount"":0,""listCount"":0,""watchlistCount"":0,""favoritePeopleCount"":0,""badgesCount"":2,""interestCount"":0",2025-12-28T16:16:35Z
10,ur205267580,https://www.imdb.com/user/ur205267580/?ref_=tturv_usr_1_t,2025-07-14,1,2,"""reviewCount"":1,""ratingsCount"":2,""checkinCount"":0,""listCount"":0,""watchlistCount"":0,""favoritePeopleCount"":0,""badgesCount"":2,""interestCount"":0",2025-07-14T22:10:07Z
10,ur212013764,https://www.imdb.com/user/ur212013764/?ref_=tturv_usr_1_t,2025-12-29,1,1,"""reviewCount"":1,""ratingsCount"":1,""checkinCount"":0,""listCount"":0,""watchlistCount"":0,""favoritePeopleCount"":0,""badgesCount"":2,""interestCount"":0",2025-12-29T01:47:46Z
10,ur212024547,https://www.imdb.com/user/ur212024547/?ref_=tturv_usr_1_t,2025-12-29,1,11,"""reviewCount"":1,""ratingsCount"":11,""checkinCount"":0,""listCount"":0,""watchlistCount"":0,""favoritePeopleCount"":0,""badgesCount"":2,""interestCount"":0",2025-12-29T10:09:38Z
10,ur212016359,https://www.imdb.com/user/ur212016359/?ref_=tturv_usr_1_t,2025-12-29,1,2,"""reviewCount"":1,""ratingsCount"":2,""checkinCount"":0,""listCount"":0,""watchlistCount"":0,""favoritePeopleCount"":0,""badgesCount"":2,""interestCount"":0",2025-12-29T02:41:56Z
10,ur127856454,https://www.imdb.com/user/ur127856454/?ref_=tturv_usr_1_t,2021-01-02,3,0,"""reviewCount"":3,""ratingsCount"":0,""checkinCount"":0,""listCount"":0,""watchlistCount"":0,""favoritePeopleCount"":0,""badgesCount"":2,""interestCount"":0",2021-01-02T14:45:06Z
10,ur212025873,https://www.imdb.com/user/ur212025873/?ref_=tturv_usr_1_t,2025-12-29,1,18,"""reviewCount"":1,""ratingsCount"":18,""checkinCount"":0,""listCount"":0,""watchlistCount"":0,""favoritePeopleCount"":0,""badgesCount"":2,""interestCount"":0",2025-12-29T11:17:01Z
10,ur37136189,https://www.imdb.com/user/ur37136189/?ref_=tturv_usr_1_t,2012-10-20,2,0,"""reviewCount"":2,""ratingsCount"":0,""checkinCount"":0,""listCount"":0,""watchlistCount"":0,""favoritePeopleCount"":0,""badgesCount"":2,""interestCount"":0",2012-10-20T05:04:07Z
10,ur212026862,https://www.imdb.com/user/ur212026862/?ref_=tturv_usr_1_t,2025-12-29,1,1,"""reviewCount"":1,""ratingsCount"":1,""checkinCount"":0,""listCount"":0,""watchlistCount"":0,""favoritePeopleCount"":0,""badgesCount"":2,""interestCount"":0",2025-12-29T11:00:43Z
10,ur211863573,https://www.imdb.com/user/ur211863573/?ref_=tturv_usr_1_t,2025-12-22,2,8,"""reviewCount"":2,""ratingsCount"":8,""checkinCount"":0,""listCount"":0,""watchlistCount"":2,""favoritePeopleCount"":0,""badgesCount"":2,""interestCount"":0",2025-12-22T19:50:49Z
10,ur173538166,https://www.imdb.com/user/ur173538166/?ref_=tturv_usr_1_t,2023-12-02,1,0,"""reviewCount"":1,""ratingsCount"":0,""checkinCount"":0,""listCount"":0,""watchlistCount"":0,""favoritePeopleCount"":0,""badgesCount"":2,""interestCount"":0",2023-12-02T12:15:00Z
10,ur212026428,https://www.imdb.com/user/ur212026428/?ref_=tturv_usr_1_t,2025-12-29,1,0,"""reviewCount"":1,""ratingsCount"":0,""checkinCount"":0,""listCount"":0,""watchlistCount"":0,""favoritePeopleCount"":0,""badgesCount"":2,""interestCount"":0",2025-12-29T10:25:19Z
10,ur212025516,https://www.imdb.com/user/ur212025516/?ref_=tturv_usr_1_t,2025-12-29,1,1,"""reviewCount"":1,""ratingsCount"":1,""checkinCount"":0,""listCount"":0,""watchlistCount"":0,""favoritePeopleCount"":0,""badgesCount"":2,""interestCount"":0",2025-12-29T10:38:31Z
10,ur91499729,https://www.imdb.com/user/ur91499729/?ref_=tturv_usr_1_t,2018-08-21,3,0,"""reviewCount"":3,""ratingsCount"":0,""checkinCount"":0,""listCount"":0,""watchlistCount"":0,""favoritePeopleCount"":0,""badgesCount"":2,""interestCount"":0",2018-08-21T18:10:18Z
10,ur203400335,https://www.imdb.com/user/ur203400335/?ref_=tturv_usr_1_t,2025-06-04,1,3,"""reviewCount"":1,""ratingsCount"":3,""checkinCount"":0,""listCount"":0,""watchlistCount"":2,""favoritePeopleCount"":0,""badgesCount"":2,""interestCount"":0",2025-06-04T18:10:46Z
10,ur212023770,https://www.imdb.com/user/ur212023770/?ref_=tturv_usr_1_t,2025-12-29,2,7,"""reviewCount"":2,""ratingsCount"":7,""checkinCount"":0,""listCount"":0,""watchlistCount"":6,""favoritePeopleCount"":0,""badgesCount"":2,""interestCount"":0",2025-12-29T08:33:55Z
10,ur212013270,https://www.imdb.com/user/ur212013270/?ref_=tturv_usr_1_t,2025-12-29,1,3,"""reviewCount"":1,""ratingsCount"":3,""checkinCount"":0,""listCount"":0,""watchlistCount"":0,""favoritePeopleCount"":0,""badgesCount"":2,""interestCount"":0",2025-12-29T00:44:46Z
10,ur212022074,https://www.imdb.com/user/ur212022074/?ref_=tturv_usr_1_t,2025-12-29,1,3,"""reviewCount"":1,""ratingsCount"":3,""checkinCount"":0,""listCount"":0,""watchlistCount"":0,""favoritePeopleCount"":0,""badgesCount"":2,""interestCount"":0",2025-12-29T08:27:11Z
10,ur212025594,https://www.imdb.com/user/ur212025594/?ref_=tturv_usr_1_t,2025-12-29,2,3,"""reviewCount"":2,""ratingsCount"":3,""checkinCount"":0,""listCount"":0,""watchlistCount"":0,""favoritePeopleCount"":0,""badgesCount"":2,""interestCount"":0",2025-12-29T10:12:55Z
10,ur212025190,https://www.imdb.com/user/ur212025190/?ref_=tturv_usr_1_t,2025-12-29,1,2,"""reviewCount"":1,""ratingsCount"":2,""checkinCount"":0,""listCount"":0,""watchlistCount"":0,""favoritePeopleCount"":0,""badgesCount"":2,""interestCount"":0",2025-12-29T09:37:54Z
10,ur212026019,https://www.imdb.com/user/ur212026019/?ref_=tturv_usr_1_t,2025-12-29,1,4,"""reviewCount"":1,""ratingsCount"":4,""checkinCount"":0,""listCount"":0,""watchlistCount"":1,""favoritePeopleCount"":0,""badgesCount"":2,""interestCount"":0",2025-12-29T10:13:32Z
10,ur212025680,https://www.imdb.com/user/ur212025680/?ref_=tturv_usr_1_t,2025-12-29,1,1,"""reviewCount"":1,""ratingsCount"":1,""checkinCount"":0,""listCount"":0,""watchlistCount"":0,""favoritePeopleCount"":0,""badgesCount"":2,""interestCount"":0",2025-12-29T10:03:59Z
10,ur212024203,https://www.imdb.com/user/ur212024203/?ref_=tturv_usr_1_t,2025-12-29,1,3,"""reviewCount"":1,""ratingsCount"":3,""checkinCount"":0,""listCount"":0,""watchlistCount"":0,""favoritePeopleCount"":0,""badgesCount"":2,""interestCount"":0",2025-12-29T10:01:21Z
10,ur129096574,https://www.imdb.com/user/ur129096574/?ref_=tturv_usr_1_t,2021-02-03,6,0,"""reviewCount"":6,""ratingsCount"":0,""checkinCount"":0,""listCount"":7,""watchlistCount"":0,""favoritePeopleCount"":0,""badgesCount"":2,""interestCount"":0",2021-02-03T14:13:24Z
10,ur211369641,https://www.imdb.com/user/ur211369641/?ref_=tturv_usr_1_t,2025-11-26,1,6,"""reviewCount"":1,""ratingsCount"":6,""checkinCount"":0,""listCount"":0,""watchlistCount"":0,""favoritePeopleCount"":0,""badgesCount"":2,""interestCount"":0",2025-11-26T20:28:27Z
10,ur212025161,https://www.imdb.com/user/ur212025161/?ref_=tturv_usr_1_t,2025-12-29,1,5,"""reviewCount"":1,""ratingsCount"":5,""checkinCount"":0,""listCount"":0,""watchlistCount"":0,""favoritePeopleCount"":0,""badgesCount"":2,""interestCount"":0",2025-12-29T09:45:21Z
10,ur156356442,https://www.imdb.com/user/ur156356442/?ref_=tturv_usr_1_t,2022-09-01,1,0,"""reviewCount"":1,""ratingsCount"":0,""checkinCount"":0,""listCount"":0,""watchlistCount"":0,""favoritePeopleCount"":0,""badgesCount"":2,""interestCount"":0",2022-09-01T09:15:48Z
10,ur212006953,https://www.imdb.com/user/ur212006953/?ref_=tturv_usr_1_t,2025-12-28,1,9,"""reviewCount"":1,""ratingsCount"":9,""checkinCount"":0,""listCount"":0,""watchlistCount"":0,""favoritePeopleCount"":0,""badgesCount"":2,""interestCount"":0",2025-12-28T21:44:23Z
10,ur211668366,https://www.imdb.com/user/ur211668366/?ref_=tturv_usr_1_t,2025-12-13,1,17,"""reviewCount"":1,""ratingsCount"":17,""checkinCount"":0,""listCount"":0,""watchlistCount"":1,""favoritePeopleCount"":0,""badgesCount"":2,""interestCount"":0",2025-12-13T14:01:27Z
10,ur212025269,https://www.imdb.com/user/ur212025269/?ref_=tturv_usr_1_t,2025-12-29,1,1,"""reviewCount"":1,""ratingsCount"":1,""checkinCount"":0,""listCount"":0,""watchlistCount"":0,""favoritePeopleCount"":0,""badgesCount"":2,""interestCount"":0",2025-12-29T09:31:54Z
10,ur211583390,https://www.imdb.com/user/ur211583390/?ref_=tturv_usr_1_t,2025-12-09,1,48,"""reviewCount"":1,""ratingsCount"":48,""checkinCount"":0,""listCount"":0,""watchlistCount"":21,""favoritePeopleCount"":0,""badgesCount"":2,""interestCount"":0",2025-12-09T02:16:12Z
10,ur158085655,https://www.imdb.com/user/ur158085655/?ref_=tturv_usr_1_t,2022-10-25,1,0,"""reviewCount"":1,""ratingsCount"":0,""checkinCount"":0,""listCount"":0,""watchlistCount"":0,""favoritePeopleCount"":0,""badgesCount"":2,""interestCount"":0",2022-10-25T01:48:03Z
10,ur212025048,https://www.imdb.com/user/ur212025048/?ref_=tturv_usr_1_t,2025-12-29,1,8,"""reviewCount"":1,""ratingsCount"":8,""checkinCount"":0,""listCount"":0,""watchlistCount"":0,""favoritePeopleCount"":0,""badgesCount"":2,""interestCount"":0",2025-12-29T09:19:10Z
10,ur212024519,https://www.imdb.com/user/ur212024519/?ref_=tturv_usr_1_t,2025-12-29,2,2,"""reviewCount"":2,""ratingsCount"":2,""checkinCount"":0,""listCount"":0,""watchlistCount"":0,""favoritePeopleCount"":0,""badgesCount"":2,""interestCount"":0",2025-12-29T09:16:37Z
10,ur212024681,https://www.imdb.com/user/ur212024681/?ref_=tturv_usr_1_t,2025-12-29,1,7,"""reviewCount"":1,""ratingsCount"":7,""checkinCount"":0,""listCount"":0,""watchlistCount"":0,""favoritePeopleCount"":0,""badgesCount"":2,""interestCount"":0",2025-12-29T09:13:56Z
10,ur212022957,https://www.imdb.com/user/ur212022957/?ref_=tturv_usr_1_t,2025-12-29,1,1,"""reviewCount"":1,""ratingsCount"":1,""checkinCount"":0,""listCount"":0,""watchlistCount"":0,""favoritePeopleCount"":0,""badgesCount"":2,""interestCount"":0",2025-12-29T09:06:23Z
10,ur212024788,https://www.imdb.com/user/ur212024788/?ref_=tturv_usr_1_t,2025-12-29,1,1,"""reviewCount"":1,""ratingsCount"":1,""checkinCount"":0,""listCount"":0,""watchlistCount"":0,""favoritePeopleCount"":0,""badgesCount"":2,""interestCount"":0",2025-12-29T09:08:01Z
10,ur212024398,https://www.imdb.com/user/ur212024398/?ref_=tturv_usr_1_t,2025-12-29,1,8,"""reviewCount"":1,""ratingsCount"":8,""checkinCount"":0,""listCount"":0,""watchlistCount"":1,""favoritePeopleCount"":0,""badgesCount"":2,""interestCount"":0",2025-12-29T08:50:31Z
10,ur160256183,https://www.imdb.com/user/ur160256183/?ref_=tturv_usr_1_t,2022-12-22,1,0,"""reviewCount"":1,""ratingsCount"":0,""checkinCount"":0,""listCount"":0,""watchlistCount"":0,""favoritePeopleCount"":0,""badgesCount"":2,""interestCount"":0",2022-12-22T01:54:11Z
10,ur212023242,https://www.imdb.com/user/ur212023242/?ref_=tturv_usr_1_t,2025-12-29,1,1,"""reviewCount"":1,""ratingsCount"":1,""checkinCount"":0,""listCount"":0,""watchlistCount"":1,""favoritePeopleCount"":0,""badgesCount"":2,""interestCount"":0",2025-12-29T08:22:23Z
10,ur211990142,https://www.imdb.com/user/ur211990142/?ref_=tturv_usr_1_t,2025-12-28,1,6,"""reviewCount"":1,""ratingsCount"":6,""checkinCount"":0,""listCount"":0,""watchlistCount"":3,""favoritePeopleCount"":0,""badgesCount"":2,""interestCount"":0",2025-12-28T12:51:51Z
10,ur29077213,https://www.imdb.com/user/ur29077213/?ref_=tturv_usr_1_t,2011-11-09,1,0,"""reviewCount"":1,""ratingsCount"":0,""checkinCount"":0,""listCount"":0,""watchlistCount"":0,""favoritePeopleCount"":0,""badgesCount"":2,""interestCount"":0",2011-11-09T06:31:01Z
10,ur212022974,https://www.imdb.com/user/ur212022974/?ref_=tturv_usr_1_t,2025-12-29,1,1,"""reviewCount"":1,""ratingsCount"":1,""checkinCount"":0,""listCount"":0,""watchlistCount"":0,""favoritePeopleCount"":0,""badgesCount"":2,""interestCount"":0",2025-12-29T08:24:43Z
10,ur156156988,https://www.imdb.com/user/ur156156988/?ref_=tturv_usr_1_t,2022-08-26,1,0,"""reviewCount"":1,""ratingsCount"":0,""checkinCount"":0,""listCount"":0,""watchlistCount"":0,""favoritePeopleCount"":0,""badgesCount"":2,""interestCount"":0",2022-08-26T07:02:20Z
10,ur212021835,https://www.imdb.com/user/ur212021835/?ref_=tturv_usr_1_t,2025-12-29,1,1,"""reviewCount"":1,""ratingsCount"":1,""checkinCount"":0,""listCount"":0,""watchlistCount"":1,""favoritePeopleCount"":0,""badgesCount"":2,""interestCount"":0",2025-12-29T08:08:08Z
10,ur212022709,https://www.imdb.com/user/ur212022709/?ref_=tturv_usr_1_t,2025-12-29,1,43,"""reviewCount"":1,""ratingsCount"":43,""checkinCount"":0,""listCount"":0,""watchlistCount"":0,""favoritePeopleCount"":0,""badgesCount"":2,""interestCount"":0",2025-12-29T08:01:44Z
10,ur212023311,https://www.imdb.com/user/ur212023311/?ref_=tturv_usr_1_t,2025-12-29,1,1,"""reviewCount"":1,""ratingsCount"":1,""checkinCount"":0,""listCount"":0,""watchlistCount"":0,""favoritePeopleCount"":0,""badgesCount"":2,""interestCount"":0",2025-12-29T08:16:53Z
10,ur212023211,https://www.imdb.com/user/ur212023211/?ref_=tturv_usr_1_t,2025-12-29,1,1,"""reviewCount"":1,""ratingsCount"":1,""checkinCount"":0,""listCount"":0,""watchlistCount"":0,""favoritePeopleCount"":0,""badgesCount"":2,""interestCount"":0",2025-12-29T08:05:30Z
10,ur212020525,https://www.imdb.com/user/ur212020525/?ref_=tturv_usr_1_t,2025-12-29,1,1,"""reviewCount"":1,""ratingsCount"":1,""checkinCount"":0,""listCount"":0,""watchlistCount"":0,""favoritePeopleCount"":0,""badgesCount"":2,""interestCount"":0",2025-12-29T07:51:44Z
10,ur212022408,https://www.imdb.com/user/ur212022408/?ref_=tturv_usr_1_t,2025-12-29,1,1,"""reviewCount"":1,""ratingsCount"":1,""checkinCount"":0,""listCount"":0,""watchlistCount"":1,""favoritePeopleCount"":0,""badgesCount"":2,""interestCount"":0",2025-12-29T07:09:32Z
10,ur211993070,https://www.imdb.com/user/ur211993070/?ref_=tturv_usr_1_t,2025-12-28,1,42,"""reviewCount"":1,""ratingsCount"":42,""checkinCount"":0,""listCount"":0,""watchlistCount"":0,""favoritePeopleCount"":0,""badgesCount"":2,""interestCount"":0",2025-12-28T14:21:24Z
10,ur194939597,https://www.imdb.com/user/ur194939597/?ref_=tturv_usr_1_t,2025-01-10,2,30,"""reviewCount"":2,""ratingsCount"":30,""checkinCount"":0,""listCount"":0,""watchlistCount"":0,""favoritePeopleCount"":0,""badgesCount"":3,""interestCount"":0",2025-01-10T20:50:48Z
10,ur211625612,https://www.imdb.com/user/ur211625612/?ref_=tturv_usr_1_t,2025-12-11,1,11,"""reviewCount"":1,""ratingsCount"":11,""checkinCount"":0,""listCount"":0,""watchlistCount"":0,""favoritePeopleCount"":0,""badgesCount"":2,""interestCount"":0",2025-12-11T11:08:45Z
10,ur171995403,https://www.imdb.com/user/ur171995403/?ref_=tturv_usr_1_t,2023-10-27,1,0,"""reviewCount"":1,""ratingsCount"":0,""checkinCount"":0,""listCount"":0,""watchlistCount"":38,""favoritePeopleCount"":0,""badgesCount"":2,""interestCount"":0",2023-10-27T13:46:29Z
10,ur129117653,https://www.imdb.com/user/ur129117653/?ref_=tturv_usr_1_t,2021-02-04,2,0,"""reviewCount"":2,""ratingsCount"":0,""checkinCount"":0,""listCount"":0,""watchlistCount"":0,""favoritePeopleCount"":0,""badgesCount"":2,""interestCount"":0",2021-02-04T05:03:11Z
10,ur121241071,https://www.imdb.com/user/ur121241071/?ref_=tturv_usr_1_t,2020-07-19,9,0,"""reviewCount"":9,""ratingsCount"":0,""checkinCount"":0,""listCount"":0,""watchlistCount"":0,""favoritePeopleCount"":0,""badgesCount"":2,""interestCount"":0",2020-07-19T18:54:04Z
10,ur212021789,https://www.imdb.com/user/ur212021789/?ref_=tturv_usr_1_t,2025-12-29,2,2,"""reviewCount"":2,""ratingsCount"":2,""checkinCount"":0,""listCount"":0,""watchlistCount"":0,""favoritePeopleCount"":0,""badgesCount"":2,""interestCount"":0",2025-12-29T07:07:21Z
10,ur212021496,https://www.imdb.com/user/ur212021496/?ref_=tturv_usr_1_t,2025-12-29,1,1,"""reviewCount"":1,""ratingsCount"":1,""checkinCount"":0,""listCount"":0,""watchlistCount"":0,""favoritePeopleCount"":0,""badgesCount"":2,""interestCount"":0",2025-12-29T07:13:22Z
10,ur212021175,https://www.imdb.com/user/ur212021175/?ref_=tturv_usr_1_t,2025-12-29,1,42,"""reviewCount"":1,""ratingsCount"":42,""checkinCount"":0,""listCount"":0,""watchlistCount"":0,""favoritePeopleCount"":0,""badgesCount"":2,""interestCount"":0",2025-12-29T07:12:39Z
10,ur212021639,https://www.imdb.com/user/ur212021639/?ref_=tturv_usr_1_t,2025-12-29,1,1,"""reviewCount"":1,""ratingsCount"":1,""checkinCount"":0,""listCount"":0,""watchlistCount"":0,""favoritePeopleCount"":0,""badgesCount"":2,""interestCount"":0",2025-12-29T06:41:38Z
10,ur212021609,https://www.imdb.com/user/ur212021609/?ref_=tturv_usr_1_t,2025-12-29,1,3,"""reviewCount"":1,""ratingsCount"":3,""checkinCount"":0,""listCount"":0,""watchlistCount"":0,""favoritePeopleCount"":0,""badgesCount"":2,""interestCount"":0",2025-12-29T06:38:46Z
10,ur212020703,https://www.imdb.com/user/ur212020703/?ref_=tturv_usr_1_t,2025-12-29,1,1,"""reviewCount"":1,""ratingsCount"":1,""checkinCount"":0,""listCount"":0,""watchlistCount"":0,""favoritePeopleCount"":0,""badgesCount"":2,""interestCount"":0",2025-12-29T06:34:09Z
10,ur212020672,https://www.imdb.com/user/ur212020672/?ref_=tturv_usr_1_t,2025-12-29,1,4,"""reviewCount"":1,""ratingsCount"":4,""checkinCount"":0,""listCount"":0,""watchlistCount"":0,""favoritePeopleCount"":0,""badgesCount"":2,""interestCount"":0",2025-12-29T06:37:42Z
10,ur211826411,https://www.imdb.com/user/ur211826411/?ref_=tturv_usr_1_t,2025-12-21,1,19,"""reviewCount"":1,""ratingsCount"":19,""checkinCount"":0,""listCount"":0,""watchlistCount"":0,""favoritePeopleCount"":0,""badgesCount"":2,""interestCount"":0",2025-12-21T06:32:40Z
10,ur212020037,https://www.imdb.com/user/ur212020037/?ref_=tturv_usr_1_t,2025-12-29,1,2,"""reviewCount"":1,""ratingsCount"":2,""checkinCount"":0,""listCount"":0,""watchlistCount"":0,""favoritePeopleCount"":0,""badgesCount"":2,""interestCount"":0",2025-12-29T06:39:09Z
10,ur212021458,https://www.imdb.com/user/ur212021458/?ref_=tturv_usr_1_t,2025-12-29,1,1,"""reviewCount"":1,""ratingsCount"":1,""checkinCount"":0,""listCount"":0,""watchlistCount"":0,""favoritePeopleCount"":0,""badgesCount"":2,""interestCount"":0",2025-12-29T06:25:12Z
10,ur212020314,https://www.imdb.com/user/ur212020314/?ref_=tturv_usr_1_t,2025-12-29,1,3,"""reviewCount"":1,""ratingsCount"":3,""checkinCount"":0,""listCount"":0,""watchlistCount"":0,""favoritePeopleCount"":0,""badgesCount"":2,""interestCount"":0",2025-12-29T06:06:59Z
10,ur106820668,https://www.imdb.com/user/ur106820668/?ref_=tturv_usr_1_t,2019-08-19,1,0,"""reviewCount"":1,""ratingsCount"":0,""checkinCount"":0,""listCount"":0,""watchlistCount"":0,""favoritePeopleCount"":0,""badgesCount"":2,""interestCount"":0",2019-08-19T08:33:36Z
10,ur212021078,https://www.imdb.com/user/ur212021078/?ref_=tturv_usr_1_t,2025-12-29,1,8,"""reviewCount"":1,""ratingsCount"":8,""checkinCount"":0,""listCount"":0,""watchlistCount"":1,""favoritePeopleCount"":0,""badgesCount"":2,""interestCount"":0",2025-12-29T06:05:19Z
10,ur130020758,https://www.imdb.com/user/ur130020758/?ref_=tturv_usr_1_t,2021-03-03,1,0,"""reviewCount"":1,""ratingsCount"":0,""checkinCount"":0,""listCount"":0,""watchlistCount"":0,""favoritePeopleCount"":0,""badgesCount"":2,""interestCount"":0",2021-03-03T01:48:13Z
10,ur183688245,https://www.imdb.com/user/ur183688245/?ref_=tturv_usr_1_t,2024-06-21,1,42,"""reviewCount"":1,""ratingsCount"":42,""checkinCount"":0,""listCount"":0,""watchlistCount"":0,""favoritePeopleCount"":0,""badgesCount"":2,""interestCount"":0",2024-06-21T21:19:47Z
10,ur212019402,https://www.imdb.com/user/ur212019402/?ref_=tturv_usr_1_t,2025-12-29,1,8,"""reviewCount"":1,""ratingsCount"":8,""checkinCount"":0,""listCount"":0,""watchlistCount"":1,""favoritePeopleCount"":0,""badgesCount"":2,""interestCount"":0",2025-12-29T05:45:56Z
10,ur212020638,https://www.imdb.com/user/ur212020638/?ref_=tturv_usr_1_t,2025-12-29,1,2,"""reviewCount"":1,""ratingsCount"":2,""checkinCount"":0,""listCount"":0,""watchlistCount"":0,""favoritePeopleCount"":0,""badgesCount"":2,""interestCount"":0",2025-12-29T05:43:04Z
10,ur198814490,https://www.imdb.com/user/ur198814490/?ref_=tturv_usr_1_t,2025-03-26,3,2,"""reviewCount"":3,""ratingsCount"":2,""checkinCount"":0,""listCount"":0,""watchlistCount"":0,""favoritePeopleCount"":0,""badgesCount"":2,""interestCount"":0",2025-03-26T05:56:38Z
10,ur198814490,https://www.imdb.com/user/ur198814490/?ref_=tturv_usr_1_t,2025-03-26,3,2,"""reviewCount"":3,""ratingsCount"":2,""checkinCount"":0,""listCount"":0,""watchlistCount"":0,""favoritePeopleCount"":0,""badgesCount"":2,""interestCount"":0",2025-03-26T05:56:38Z
10,ur212020389,https://www.imdb.com/user/ur212020389/?ref_=tturv_usr_1_t,2025-12-29,1,1,"""reviewCount"":1,""ratingsCount"":1,""checkinCount"":0,""listCount"":0,""watchlistCount"":0,""favoritePeopleCount"":0,""badgesCount"":2,""interestCount"":0",2025-12-29T05:37:43Z
10,ur198814490,https://www.imdb.com/user/ur198814490/?ref_=tturv_usr_1_t,2025-03-26,3,2,"""reviewCount"":3,""ratingsCount"":2,""checkinCount"":0,""listCount"":0,""watchlistCount"":0,""favoritePeopleCount"":0,""badgesCount"":2,""interestCount"":0",2025-03-26T05:56:38Z
10,ur212020378,https://www.imdb.com/user/ur212020378/?ref_=tturv_usr_1_t,2025-12-29,1,1,"""reviewCount"":1,""ratingsCount"":1,""checkinCount"":0,""listCount"":0,""watchlistCount"":0,""favoritePeopleCount"":0,""badgesCount"":2,""interestCount"":0",2025-12-29T05:29:13Z
10,ur212019004,https://www.imdb.com/user/ur212019004/?ref_=tturv_usr_1_t,2025-12-29,1,1,"""reviewCount"":1,""ratingsCount"":1,""checkinCount"":0,""listCount"":0,""watchlistCount"":0,""favoritePeopleCount"":0,""badgesCount"":2,""interestCount"":0",2025-12-29T05:29:03Z
10,ur185928255,https://www.imdb.com/user/ur185928255/?ref_=tturv_usr_1_t,2024-08-01,4,26,"""reviewCount"":4,""ratingsCount"":26,""checkinCount"":0,""listCount"":0,""watchlistCount"":1,""favoritePeopleCount"":0,""badgesCount"":2,""interestCount"":0",2024-08-01T08:49:10Z
10,ur105768768,https://www.imdb.com/user/ur105768768/?ref_=tturv_usr_1_t,2019-07-22,1,0,"""reviewCount"":1,""ratingsCount"":0,""checkinCount"":0,""listCount"":0,""watchlistCount"":0,""favoritePeopleCount"":0,""badgesCount"":2,""interestCount"":0",2019-07-22T23:38:52Z
10,ur212019981,https://www.imdb.com/user/ur212019981/?ref_=tturv_usr_1_t,2025-12-29,1,1,"""reviewCount"":1,""ratingsCount"":1,""checkinCount"":0,""listCount"":0,""watchlistCount"":0,""favoritePeopleCount"":0,""badgesCount"":2,""interestCount"":0",2025-12-29T05:18:09Z
10,ur110749102,https://www.imdb.com/user/ur110749102/?ref_=tturv_usr_1_t,2019-12-05,1,0,"""reviewCount"":1,""ratingsCount"":0,""checkinCount"":0,""listCount"":0,""watchlistCount"":0,""favoritePeopleCount"":0,""badgesCount"":2,""interestCount"":0",2019-12-05T01:36:39Z
10,ur211394404,https://www.imdb.com/user/ur211394404/?ref_=tturv_usr_1_t,2025-11-28,1,5,"""reviewCount"":1,""ratingsCount"":5,""checkinCount"":0,""listCount"":0,""watchlistCount"":0,""favoritePeopleCount"":0,""badgesCount"":2,""interestCount"":0",2025-11-28T11:17:59Z
10,ur212019808,https://www.imdb.com/user/ur212019808/?ref_=tturv_usr_1_t,2025-12-29,1,1,"""reviewCount"":1,""ratingsCount"":1,""checkinCount"":0,""listCount"":0,""watchlistCount"":0,""favoritePeopleCount"":0,""badgesCount"":2,""interestCount"":0",2025-12-29T05:08:57Z
10,ur211975856,https://www.imdb.com/user/ur211975856/?ref_=tturv_usr_1_t,2025-12-28,1,5,"""reviewCount"":1,""ratingsCount"":5,""checkinCount"":0,""listCount"":0,""watchlistCount"":0,""favoritePeopleCount"":0,""badgesCount"":2,""interestCount"":0",2025-12-28T01:25:05Z
10,ur150417383,https://www.imdb.com/user/ur150417383/?ref_=tturv_usr_1_t,2022-03-03,1,0,"""reviewCount"":1,""ratingsCount"":0,""checkinCount"":0,""listCount"":0,""watchlistCount"":0,""favoritePeopleCount"":0,""badgesCount"":2,""interestCount"":0",2022-03-03T12:41:50Z
10,ur211971687,https://www.imdb.com/user/ur211971687/?ref_=tturv_usr_1_t,2025-12-27,1,1,"""reviewCount"":1,""ratingsCount"":1,""checkinCount"":0,""listCount"":0,""watchlistCount"":0,""favoritePeopleCount"":0,""badgesCount"":2,""interestCount"":0",2025-12-27T23:16:49Z
10,ur27486961,https://www.imdb.com/user/ur27486961/?ref_=tturv_usr_1_t,2011-08-08,7,0,"""reviewCount"":7,""ratingsCount"":0,""checkinCount"":0,""listCount"":0,""watchlistCount"":0,""favoritePeopleCount"":0,""badgesCount"":2,""interestCount"":0",2011-08-08T14:31:49Z
10,ur17120258,https://www.imdb.com/user/ur17120258/?ref_=tturv_usr_1_t,2007-10-22,17,112,"""reviewCount"":17,""ratingsCount"":112,""checkinCount"":0,""listCount"":0,""watchlistCount"":0,""favoritePeopleCount"":0,""badgesCount"":2,""interestCount"":0",2007-10-22T02:07:10Z
10,ur212017146,https://www.imdb.com/user/ur212017146/?ref_=tturv_usr_1_t,2025-12-29,1,1,"""reviewCount"":1,""ratingsCount"":1,""checkinCount"":0,""listCount"":0,""watchlistCount"":0,""favoritePeopleCount"":0,""badgesCount"":2,""interestCount"":0",2025-12-29T04:36:37Z
10,ur212018768,https://www.imdb.com/user/ur212018768/?ref_=tturv_usr_1_t,2025-12-29,1,9,"""reviewCount"":1,""ratingsCount"":9,""checkinCount"":0,""listCount"":0,""watchlistCount"":0,""favoritePeopleCount"":0,""badgesCount"":2,""interestCount"":0",2025-12-29T04:24:01Z
10,ur212015231,https://www.imdb.com/user/ur212015231/?ref_=tturv_usr_1_t,2025-12-29,1,1,"""reviewCount"":1,""ratingsCount"":1,""checkinCount"":0,""listCount"":0,""watchlistCount"":0,""favoritePeopleCount"":0,""badgesCount"":2,""interestCount"":0",2025-12-29T03:18:07Z
10,ur212018355,https://www.imdb.com/user/ur212018355/?ref_=tturv_usr_1_t,2025-12-29,1,1,"""reviewCount"":1,""ratingsCount"":1,""checkinCount"":0,""listCount"":0,""watchlistCount"":0,""favoritePeopleCount"":0,""badgesCount"":2,""interestCount"":0",2025-12-29T04:23:43Z
10,ur193388014,https://www.imdb.com/user/ur193388014/?ref_=tturv_usr_1_t,2024-12-17,1,7,"""reviewCount"":1,""ratingsCount"":7,""checkinCount"":0,""listCount"":0,""watchlistCount"":1,""favoritePeopleCount"":0,""badgesCount"":2,""interestCount"":0",2024-12-17T05:55:37Z
10,ur212018230,https://www.imdb.com/user/ur212018230/?ref_=tturv_usr_1_t,2025-12-29,1,1,"""reviewCount"":1,""ratingsCount"":1,""checkinCount"":0,""listCount"":0,""watchlistCount"":1,""favoritePeopleCount"":0,""badgesCount"":2,""interestCount"":0",2025-12-29T04:19:55Z
10,ur211992357,https://www.imdb.com/user/ur211992357/?ref_=tturv_usr_1_t,2025-12-28,1,42,"""reviewCount"":1,""ratingsCount"":42,""checkinCount"":0,""listCount"":0,""watchlistCount"":0,""favoritePeopleCount"":0,""badgesCount"":2,""interestCount"":0",2025-12-28T14:59:24Z
10,ur211925124,https://www.imdb.com/user/ur211925124/?ref_=tturv_usr_1_t,2025-12-26,1,13,"""reviewCount"":1,""ratingsCount"":13,""checkinCount"":0,""listCount"":0,""watchlistCount"":0,""favoritePeopleCount"":0,""badgesCount"":2,""interestCount"":0",2025-12-26T05:26:58Z
10,ur211984367,https://www.imdb.com/user/ur211984367/?ref_=tturv_usr_1_t,2025-12-28,1,6,"""reviewCount"":1,""ratingsCount"":6,""checkinCount"":0,""listCount"":0,""watchlistCount"":0,""favoritePeopleCount"":0,""badgesCount"":2,""interestCount"":0",2025-12-28T09:54:59Z
10,ur196924912,https://www.imdb.com/user/ur196924912/?ref_=tturv_usr_1_t,2025-02-15,1,3,"""reviewCount"":1,""ratingsCount"":3,""checkinCount"":0,""listCount"":0,""watchlistCount"":0,""favoritePeopleCount"":0,""badgesCount"":2,""interestCount"":0",2025-02-15T18:45:17Z
10,ur212017612,https://www.imdb.com/user/ur212017612/?ref_=tturv_usr_1_t,2025-12-29,1,2,"""reviewCount"":1,""ratingsCount"":2,""checkinCount"":0,""listCount"":0,""watchlistCount"":1,""favoritePeopleCount"":0,""badgesCount"":2,""interestCount"":0",2025-12-29T03:57:42Z
10,ur211927360,https://www.imdb.com/user/ur211927360/?ref_=tturv_usr_1_t,2025-12-26,2,2,"""reviewCount"":2,""ratingsCount"":2,""checkinCount"":0,""listCount"":0,""watchlistCount"":0,""favoritePeopleCount"":0,""badgesCount"":2,""interestCount"":0",2025-12-26T06:48:44Z
10,ur211949942,https://www.imdb.com/user/ur211949942/?ref_=tturv_usr_1_t,2025-12-27,1,20,"""reviewCount"":1,""ratingsCount"":20,""checkinCount"":0,""listCount"":0,""watchlistCount"":0,""favoritePeopleCount"":0,""badgesCount"":2,""interestCount"":0",2025-12-27T03:22:50Z
10,ur212016724,https://www.imdb.com/user/ur212016724/?ref_=tturv_usr_1_t,2025-12-29,1,8,"""reviewCount"":1,""ratingsCount"":8,""checkinCount"":0,""listCount"":0,""watchlistCount"":0,""favoritePeopleCount"":0,""badgesCount"":2,""interestCount"":0",2025-12-29T03:46:52Z
10,ur212017292,https://www.imdb.com/user/ur212017292/?ref_=tturv_usr_1_t,2025-12-29,1,1,"""reviewCount"":1,""ratingsCount"":1,""checkinCount"":0,""listCount"":0,""watchlistCount"":0,""favoritePeopleCount"":0,""badgesCount"":2,""interestCount"":0",2025-12-29T03:46:37Z
10,ur204138841,https://www.imdb.com/user/ur204138841/?ref_=tturv_usr_1_t,2025-06-21,3,6,"""reviewCount"":3,""ratingsCount"":6,""checkinCount"":0,""listCount"":0,""watchlistCount"":0,""favoritePeopleCount"":0,""badgesCount"":2,""interestCount"":0",2025-06-21T01:26:32Z
10,ur212017402,https://www.imdb.com/user/ur212017402/?ref_=tturv_usr_1_t,2025-12-29,1,2,"""reviewCount"":1,""ratingsCount"":2,""checkinCount"":0,""listCount"":0,""watchlistCount"":0,""favoritePeopleCount"":0,""badgesCount"":2,""interestCount"":0",2025-12-29T03:35:55Z
10,ur212017589,https://www.imdb.com/user/ur212017589/?ref_=tturv_usr_1_t,2025-12-29,1,1,"""reviewCount"":1,""ratingsCount"":1,""checkinCount"":0,""listCount"":0,""watchlistCount"":0,""favoritePeopleCount"":0,""badgesCount"":2,""interestCount"":0",2025-12-29T03:35:41Z
10,ur103573716,https://www.imdb.com/user/ur103573716/?ref_=tturv_usr_1_t,2019-05-27,1,0,"""reviewCount"":1,""ratingsCount"":0,""checkinCount"":0,""listCount"":0,""watchlistCount"":0,""favoritePeopleCount"":0,""badgesCount"":2,""interestCount"":0",2019-05-27T21:18:53Z
10,ur212015931,https://www.imdb.com/user/ur212015931/?ref_=tturv_usr_1_t,2025-12-29,1,2,"""reviewCount"":1,""ratingsCount"":2,""checkinCount"":0,""listCount"":0,""watchlistCount"":0,""favoritePeopleCount"":0,""badgesCount"":2,""interestCount"":0",2025-12-29T02:57:55Z
10,ur211951847,https://www.imdb.com/user/ur211951847/?ref_=tturv_usr_1_t,2025-12-27,1,43,"""reviewCount"":1,""ratingsCount"":43,""checkinCount"":0,""listCount"":0,""watchlistCount"":0,""favoritePeopleCount"":0,""badgesCount"":2,""interestCount"":0",2025-12-27T07:11:01Z
10,ur169704468,https://www.imdb.com/user/ur169704468/?ref_=tturv_usr_1_t,2023-08-25,1,0,"""reviewCount"":1,""ratingsCount"":0,""checkinCount"":0,""listCount"":0,""watchlistCount"":0,""favoritePeopleCount"":0,""badgesCount"":2,""interestCount"":0",2023-08-25T07:32:05Z
10,ur212015696,https://www.imdb.com/user/ur212015696/?ref_=tturv_usr_1_t,2025-12-29,1,4,"""reviewCount"":1,""ratingsCount"":4,""checkinCount"":0,""listCount"":0,""watchlistCount"":0,""favoritePeopleCount"":0,""badgesCount"":2,""interestCount"":0",2025-12-29T03:16:24Z
10,ur196612998,https://www.imdb.com/user/ur196612998/?ref_=tturv_usr_1_t,2025-02-09,1,7,"""reviewCount"":1,""ratingsCount"":7,""checkinCount"":0,""listCount"":0,""watchlistCount"":0,""favoritePeopleCount"":0,""badgesCount"":2,""interestCount"":0",2025-02-09T16:11:33Z
10,ur162811819,https://www.imdb.com/user/ur162811819/?ref_=tturv_usr_1_t,2023-02-28,1,0,"""reviewCount"":1,""ratingsCount"":0,""checkinCount"":0,""listCount"":0,""watchlistCount"":0,""favoritePeopleCount"":0,""badgesCount"":2,""interestCount"":0",2023-02-28T07:12:22Z
10,ur212015265,https://www.imdb.com/user/ur212015265/?ref_=tturv_usr_1_t,2025-12-29,1,1,"""reviewCount"":1,""ratingsCount"":1,""checkinCount"":0,""listCount"":0,""watchlistCount"":0,""favoritePeopleCount"":0,""badgesCount"":2,""interestCount"":0",2025-12-29T02:59:56Z
10,ur183561788,https://www.imdb.com/user/ur183561788/?ref_=tturv_usr_1_t,2024-06-19,1,2,"""reviewCount"":1,""ratingsCount"":2,""checkinCount"":0,""listCount"":0,""watchlistCount"":1,""favoritePeopleCount"":0,""badgesCount"":2,""interestCount"":0",2024-06-19T22:47:18Z
10,ur211939144,https://www.imdb.com/user/ur211939144/?ref_=tturv_usr_1_t,2025-12-26,3,7,"""reviewCount"":3,""ratingsCount"":7,""checkinCount"":0,""listCount"":0,""watchlistCount"":0,""favoritePeopleCount"":0,""badgesCount"":2,""interestCount"":0",2025-12-26T19:34:15Z
10,ur100028993,https://www.imdb.com/user/ur100028993/?ref_=tturv_usr_1_t,2019-03-05,1,0,"""reviewCount"":1,""ratingsCount"":0,""checkinCount"":0,""listCount"":0,""watchlistCount"":0,""favoritePeopleCount"":0,""badgesCount"":2,""interestCount"":0",2019-03-05T11:36:28Z
10,ur212015749,https://www.imdb.com/user/ur212015749/?ref_=tturv_usr_1_t,2025-12-29,1,8,"""reviewCount"":1,""ratingsCount"":8,""checkinCount"":0,""listCount"":0,""watchlistCount"":0,""favoritePeopleCount"":0,""badgesCount"":2,""interestCount"":0",2025-12-29T02:20:54Z
10,ur212015600,https://www.imdb.com/user/ur212015600/?ref_=tturv_usr_1_t,2025-12-29,1,3,"""reviewCount"":1,""ratingsCount"":3,""checkinCount"":0,""listCount"":0,""watchlistCount"":0,""favoritePeopleCount"":0,""badgesCount"":2,""interestCount"":0",2025-12-29T02:42:40Z
10,ur42884031,https://www.imdb.com/user/ur42884031/?ref_=tturv_usr_1_t,2013-04-22,1,3,"""reviewCount"":1,""ratingsCount"":3,""checkinCount"":0,""listCount"":0,""watchlistCount"":0,""favoritePeopleCount"":0,""badgesCount"":2,""interestCount"":0",2013-04-22T17:06:07Z
10,ur212014566,https://www.imdb.com/user/ur212014566/?ref_=tturv_usr_1_t,2025-12-29,1,7,"""reviewCount"":1,""ratingsCount"":7,""checkinCount"":0,""listCount"":0,""watchlistCount"":0,""favoritePeopleCount"":0,""badgesCount"":2,""interestCount"":0",2025-12-29T02:21:55Z
10,ur152727921,https://www.imdb.com/user/ur152727921/?ref_=tturv_usr_1_t,2022-05-08,5,0,"""reviewCount"":5,""ratingsCount"":0,""checkinCount"":0,""listCount"":0,""watchlistCount"":0,""favoritePeopleCount"":0,""badgesCount"":2,""interestCount"":0",2022-05-08T21:39:30Z
10,ur212015360,https://www.imdb.com/user/ur212015360/?ref_=tturv_usr_1_t,2025-12-29,1,2,"""reviewCount"":1,""ratingsCount"":2,""checkinCount"":0,""listCount"":0,""watchlistCount"":0,""favoritePeopleCount"":0,""badgesCount"":2,""interestCount"":0",2025-12-29T02:22:22Z
10,ur212015559,https://www.imdb.com/user/ur212015559/?ref_=tturv_usr_1_t,2025-12-29,1,1,"""reviewCount"":1,""ratingsCount"":1,""checkinCount"":0,""listCount"":0,""watchlistCount"":0,""favoritePeopleCount"":0,""badgesCount"":2,""interestCount"":0",2025-12-29T02:14:37Z
10,ur212013196,https://www.imdb.com/user/ur212013196/?ref_=tturv_usr_1_t,2025-12-29,1,2,"""reviewCount"":1,""ratingsCount"":2,""checkinCount"":0,""listCount"":0,""watchlistCount"":0,""favoritePeopleCount"":0,""badgesCount"":2,""interestCount"":0",2025-12-29T02:15:12Z
10,ur212015719,https://www.imdb.com/user/ur212015719/?ref_=tturv_usr_1_t,2025-12-29,2,1,"""reviewCount"":2,""ratingsCount"":1,""checkinCount"":0,""listCount"":0,""watchlistCount"":0,""favoritePeopleCount"":0,""badgesCount"":2,""interestCount"":0",2025-12-29T02:17:40Z
10,ur212014294,https://www.imdb.com/user/ur212014294/?ref_=tturv_usr_1_t,2025-12-29,1,7,"""reviewCount"":1,""ratingsCount"":7,""checkinCount"":0,""listCount"":0,""watchlistCount"":0,""favoritePeopleCount"":0,""badgesCount"":2,""interestCount"":0",2025-12-29T02:03:33Z
10,ur212013973,https://www.imdb.com/user/ur212013973/?ref_=tturv_usr_1_t,2025-12-29,1,1,"""reviewCount"":1,""ratingsCount"":1,""checkinCount"":0,""listCount"":0,""watchlistCount"":0,""favoritePeopleCount"":0,""badgesCount"":2,""interestCount"":0",2025-12-29T02:07:47Z
10,ur212014684,https://www.imdb.com/user/ur212014684/?ref_=tturv_usr_1_t,2025-12-29,2,3,"""reviewCount"":2,""ratingsCount"":3,""checkinCount"":0,""listCount"":0,""watchlistCount"":0,""favoritePeopleCount"":0,""badgesCount"":2,""interestCount"":0",2025-12-29T02:04:48Z
10,ur52897349,https://www.imdb.com/user/ur52897349/?ref_=tturv_usr_1_t,2014-05-22,1,33,"""reviewCount"":1,""ratingsCount"":33,""checkinCount"":0,""listCount"":0,""watchlistCount"":0,""favoritePeopleCount"":0,""badgesCount"":2,""interestCount"":0",2014-05-22T17:49:29Z
10,ur211949251,https://www.imdb.com/user/ur211949251/?ref_=tturv_usr_1_t,2025-12-27,1,2,"""reviewCount"":1,""ratingsCount"":2,""checkinCount"":0,""listCount"":0,""watchlistCount"":0,""favoritePeopleCount"":0,""badgesCount"":2,""interestCount"":0",2025-12-27T02:37:04Z
10,ur212012126,https://www.imdb.com/user/ur212012126/?ref_=tturv_usr_1_t,2025-12-29,4,9,"""reviewCount"":4,""ratingsCount"":9,""checkinCount"":0,""listCount"":0,""watchlistCount"":0,""favoritePeopleCount"":0,""badgesCount"":2,""interestCount"":0",2025-12-29T01:01:36Z
10,ur211945755,https://www.imdb.com/user/ur211945755/?ref_=tturv_usr_1_t,2025-12-27,1,5,"""reviewCount"":1,""ratingsCount"":5,""checkinCount"":0,""listCount"":0,""watchlistCount"":0,""favoritePeopleCount"":0,""badgesCount"":2,""interestCount"":0",2025-12-27T00:10:21Z
10,ur212014522,https://www.imdb.com/user/ur212014522/?ref_=tturv_usr_1_t,2025-12-29,1,5,"""reviewCount"":1,""ratingsCount"":5,""checkinCount"":0,""listCount"":0,""watchlistCount"":0,""favoritePeopleCount"":0,""badgesCount"":2,""interestCount"":0",2025-12-29T01:41:16Z
10,ur177744312,https://www.imdb.com/user/ur177744312/?ref_=tturv_usr_1_t,2024-02-21,1,0,"""reviewCount"":1,""ratingsCount"":0,""checkinCount"":0,""listCount"":0,""watchlistCount"":0,""favoritePeopleCount"":0,""badgesCount"":2,""interestCount"":0",2024-02-21T09:58:48Z
10,ur212014381,https://www.imdb.com/user/ur212014381/?ref_=tturv_usr_1_t,2025-12-29,1,1,"""reviewCount"":1,""ratingsCount"":1,""checkinCount"":0,""listCount"":0,""watchlistCount"":0,""favoritePeopleCount"":0,""badgesCount"":2,""interestCount"":0",2025-12-29T01:30:42Z
10,ur211942845,https://www.imdb.com/user/ur211942845/?ref_=tturv_usr_1_t,2025-12-26,1,8,"""reviewCount"":1,""ratingsCount"":8,""checkinCount"":0,""listCount"":0,""watchlistCount"":0,""favoritePeopleCount"":0,""badgesCount"":2,""interestCount"":0",2025-12-26T21:51:41Z
10,ur212013635,https://www.imdb.com/user/ur212013635/?ref_=tturv_usr_1_t,2025-12-29,1,1,"""reviewCount"":1,""ratingsCount"":1,""checkinCount"":0,""listCount"":0,""watchlistCount"":0,""favoritePeopleCount"":0,""badgesCount"":2,""interestCount"":0",2025-12-29T01:28:06Z
10,ur212014628,https://www.imdb.com/user/ur212014628/?ref_=tturv_usr_1_t,2025-12-29,1,1,"""reviewCount"":1,""ratingsCount"":1,""checkinCount"":0,""listCount"":0,""watchlistCount"":0,""favoritePeopleCount"":0,""badgesCount"":2,""interestCount"":0",2025-12-29T01:29:55Z
10,ur212013491,https://www.imdb.com/user/ur212013491/?ref_=tturv_usr_1_t,2025-12-29,1,1,"""reviewCount"":1,""ratingsCount"":1,""checkinCount"":0,""listCount"":0,""watchlistCount"":0,""favoritePeopleCount"":0,""badgesCount"":2,""interestCount"":0",2025-12-29T01:30:45Z
10,ur212001684,https://www.imdb.com/user/ur212001684/?ref_=tturv_usr_1_t,2025-12-28,1,4,"""reviewCount"":1,""ratingsCount"":4,""checkinCount"":0,""listCount"":0,""watchlistCount"":0,""favoritePeopleCount"":0,""badgesCount"":2,""interestCount"":0",2025-12-28T18:49:57Z
10,ur205567207,https://www.imdb.com/user/ur205567207/?ref_=tturv_usr_1_t,2025-07-20,1,1,"""reviewCount"":1,""ratingsCount"":1,""checkinCount"":0,""listCount"":0,""watchlistCount"":69,""favoritePeopleCount"":0,""badgesCount"":2,""interestCount"":0",2025-07-20T02:46:53Z
10,ur212012927,https://www.imdb.com/user/ur212012927/?ref_=tturv_usr_1_t,2025-12-29,1,8,"""reviewCount"":1,""ratingsCount"":8,""checkinCount"":0,""listCount"":0,""watchlistCount"":0,""favoritePeopleCount"":0,""badgesCount"":2,""interestCount"":0",2025-12-29T01:03:42Z
10,ur211935572,https://www.imdb.com/user/ur211935572/?ref_=tturv_usr_1_t,2025-12-26,1,28,"""reviewCount"":1,""ratingsCount"":28,""checkinCount"":0,""listCount"":0,""watchlistCount"":9,""favoritePeopleCount"":0,""badgesCount"":2,""interestCount"":0",2025-12-26T16:06:28Z
10,ur212012345,https://www.imdb.com/user/ur212012345/?ref_=tturv_usr_1_t,2025-12-29,1,1,"""reviewCount"":1,""ratingsCount"":1,""checkinCount"":0,""listCount"":0,""watchlistCount"":0,""favoritePeopleCount"":0,""badgesCount"":2,""interestCount"":0",2025-12-29T01:17:08Z
10,ur203169222,https://www.imdb.com/user/ur203169222/?ref_=tturv_usr_1_t,2025-05-30,1,2,"""reviewCount"":1,""ratingsCount"":2,""checkinCount"":0,""listCount"":0,""watchlistCount"":0,""favoritePeopleCount"":0,""badgesCount"":2,""interestCount"":0",2025-05-30T16:16:31Z
10,ur188418277,https://www.imdb.com/user/ur188418277/?ref_=tturv_usr_1_t,2024-09-16,3,22,"""reviewCount"":3,""ratingsCount"":22,""checkinCount"":0,""listCount"":0,""watchlistCount"":12,""favoritePeopleCount"":0,""badgesCount"":4,""interestCount"":0",2024-09-16T21:43:10Z
10,ur212013749,https://www.imdb.com/user/ur212013749/?ref_=tturv_usr_1_t,2025-12-29,1,26,"""reviewCount"":1,""ratingsCount"":26,""checkinCount"":0,""listCount"":0,""watchlistCount"":0,""favoritePeopleCount"":0,""badgesCount"":2,""interestCount"":0",2025-12-29T00:59:36Z
10,ur212013850,https://www.imdb.com/user/ur212013850/?ref_=tturv_usr_1_t,2025-12-29,1,4,"""reviewCount"":1,""ratingsCount"":4,""checkinCount"":0,""listCount"":0,""watchlistCount"":0,""favoritePeopleCount"":0,""badgesCount"":2,""interestCount"":0",2025-12-29T01:07:30Z
10,ur212012911,https://www.imdb.com/user/ur212012911/?ref_=tturv_usr_1_t,2025-12-29,1,3,"""reviewCount"":1,""ratingsCount"":3,""checkinCount"":0,""listCount"":0,""watchlistCount"":0,""favoritePeopleCount"":0,""badgesCount"":2,""interestCount"":0",2025-12-29T00:46:18Z
10,ur212013612,https://www.imdb.com/user/ur212013612/?ref_=tturv_usr_1_t,2025-12-29,1,1,"""reviewCount"":1,""ratingsCount"":1,""checkinCount"":0,""listCount"":0,""watchlistCount"":0,""favoritePeopleCount"":0,""badgesCount"":2,""interestCount"":0",2025-12-29T01:06:58Z
10,ur211994434,https://www.imdb.com/user/ur211994434/?ref_=tturv_usr_1_t,2025-12-28,1,2,"""reviewCount"":1,""ratingsCount"":2,""checkinCount"":0,""listCount"":0,""watchlistCount"":0,""favoritePeopleCount"":0,""badgesCount"":2,""interestCount"":0",2025-12-28T15:34:32Z
10,ur26918274,https://www.imdb.com/user/ur26918274/?ref_=tturv_usr_1_t,2011-07-09,1,0,"""reviewCount"":1,""ratingsCount"":0,""checkinCount"":0,""listCount"":1,""watchlistCount"":0,""favoritePeopleCount"":0,""badgesCount"":2,""interestCount"":0",2011-07-09T04:34:12Z
10,ur212012713,https://www.imdb.com/user/ur212012713/?ref_=tturv_usr_1_t,2025-12-29,1,2,"""reviewCount"":1,""ratingsCount"":2,""checkinCount"":0,""listCount"":0,""watchlistCount"":0,""favoritePeopleCount"":0,""badgesCount"":2,""interestCount"":0",2025-12-29T01:01:03Z
10,ur134061055,https://www.imdb.com/user/ur134061055/?ref_=tturv_usr_1_t,2021-06-27,2,0,"""reviewCount"":2,""ratingsCount"":0,""checkinCount"":0,""listCount"":0,""watchlistCount"":0,""favoritePeopleCount"":0,""badgesCount"":2,""interestCount"":0",2021-06-27T19:12:58Z
10,ur210940223,https://www.imdb.com/user/ur210940223/?ref_=tturv_usr_1_t,2025-11-01,1,1,"""reviewCount"":1,""ratingsCount"":1,""checkinCount"":0,""listCount"":0,""watchlistCount"":0,""favoritePeopleCount"":0,""badgesCount"":2,""interestCount"":0",2025-11-01T23:24:00Z
10,ur212012705,https://www.imdb.com/user/ur212012705/?ref_=tturv_usr_1_t,2025-12-29,1,2,"""reviewCount"":1,""ratingsCount"":2,""checkinCount"":0,""listCount"":0,""watchlistCount"":0,""favoritePeopleCount"":0,""badgesCount"":2,""interestCount"":0",2025-12-29T00:49:50Z
10,ur189526677,https://www.imdb.com/user/ur189526677/?ref_=tturv_usr_1_t,2024-10-07,2,2,"""reviewCount"":2,""ratingsCount"":2,""checkinCount"":0,""listCount"":0,""watchlistCount"":0,""favoritePeopleCount"":0,""badgesCount"":2,""interestCount"":0",2024-10-07T19:08:03Z
10,ur55604532,https://www.imdb.com/user/ur55604532/?ref_=tturv_usr_1_t,2014-10-04,1,0,"""reviewCount"":1,""ratingsCount"":0,""checkinCount"":0,""listCount"":0,""watchlistCount"":0,""favoritePeopleCount"":0,""badgesCount"":2,""interestCount"":0",2014-10-04T07:47:23Z
10,ur120092458,https://www.imdb.com/user/ur120092458/?ref_=tturv_usr_1_t,2020-06-22,1,0,"""reviewCount"":1,""ratingsCount"":0,""checkinCount"":0,""listCount"":0,""watchlistCount"":0,""favoritePeopleCount"":0,""badgesCount"":2,""interestCount"":0",2020-06-22T19:52:18Z
10,ur124032930,https://www.imdb.com/user/ur124032930/?ref_=tturv_usr_1_t,2020-09-07,1,0,"""reviewCount"":1,""ratingsCount"":0,""checkinCount"":0,""listCount"":0,""watchlistCount"":0,""favoritePeopleCount"":0,""badgesCount"":2,""interestCount"":0",2020-09-07T13:56:18Z
10,ur168168217,https://www.imdb.com/user/ur168168217/?ref_=tturv_usr_1_t,2023-07-19,1,0,"""reviewCount"":1,""ratingsCount"":0,""checkinCount"":0,""listCount"":0,""watchlistCount"":0,""favoritePeopleCount"":0,""badgesCount"":2,""interestCount"":0",2023-07-19T10:41:21Z
10,ur211930760,https://www.imdb.com/user/ur211930760/?ref_=tturv_usr_1_t,2025-12-26,1,7,"""reviewCount"":1,""ratingsCount"":7,""checkinCount"":0,""listCount"":0,""watchlistCount"":0,""favoritePeopleCount"":0,""badgesCount"":2,""interestCount"":0",2025-12-26T11:15:21Z
10,ur212012043,https://www.imdb.com/user/ur212012043/?ref_=tturv_usr_1_t,2025-12-29,1,1,"""reviewCount"":1,""ratingsCount"":1,""checkinCount"":0,""listCount"":0,""watchlistCount"":0,""favoritePeopleCount"":0,""badgesCount"":2,""interestCount"":0",2025-12-29T00:27:19Z
10,ur212012083,https://www.imdb.com/user/ur212012083/?ref_=tturv_usr_1_t,2025-12-29,1,1,"""reviewCount"":1,""ratingsCount"":1,""checkinCount"":0,""listCount"":0,""watchlistCount"":0,""favoritePeopleCount"":0,""badgesCount"":2,""interestCount"":0",2025-12-29T00:23:26Z
10,ur41492179,https://www.imdb.com/user/ur41492179/?ref_=tturv_usr_1_t,2013-03-04,1,0,"""reviewCount"":1,""ratingsCount"":0,""checkinCount"":0,""listCount"":0,""watchlistCount"":0,""favoritePeopleCount"":0,""badgesCount"":3,""interestCount"":0",2013-03-04T19:18:01Z
10,ur212012236,https://www.imdb.com/user/ur212012236/?ref_=tturv_usr_1_t,2025-12-29,1,4,"""reviewCount"":1,""ratingsCount"":4,""checkinCount"":0,""listCount"":0,""watchlistCount"":0,""favoritePeopleCount"":0,""badgesCount"":2,""interestCount"":0",2025-12-29T00:17:40Z
10,ur212012451,https://www.imdb.com/user/ur212012451/?ref_=tturv_usr_1_t,2025-12-29,1,1,"""reviewCount"":1,""ratingsCount"":1,""checkinCount"":0,""listCount"":0,""watchlistCount"":0,""favoritePeopleCount"":0,""badgesCount"":2,""interestCount"":0",2025-12-29T00:19:59Z
10,ur211934076,https://www.imdb.com/user/ur211934076/?ref_=tturv_usr_1_t,2025-12-26,4,4,"""reviewCount"":4,""ratingsCount"":4,""checkinCount"":0,""listCount"":0,""watchlistCount"":1,""favoritePeopleCount"":0,""badgesCount"":2,""interestCount"":0",2025-12-26T15:43:02Z
10,ur166130292,https://www.imdb.com/user/ur166130292/?ref_=tturv_usr_1_t,2023-06-04,1,0,"""reviewCount"":1,""ratingsCount"":0,""checkinCount"":0,""listCount"":0,""watchlistCount"":0,""favoritePeopleCount"":0,""badgesCount"":2,""interestCount"":0",2023-06-04T05:00:12Z
10,ur57511454,https://www.imdb.com/user/ur57511454/?ref_=tturv_usr_1_t,2014-12-30,1,0,"""reviewCount"":1,""ratingsCount"":0,""checkinCount"":0,""listCount"":0,""watchlistCount"":0,""favoritePeopleCount"":0,""badgesCount"":2,""interestCount"":0",2014-12-30T07:28:58Z
10,ur212003548,https://www.imdb.com/user/ur212003548/?ref_=tturv_usr_1_t,2025-12-28,1,7,"""reviewCount"":1,""ratingsCount"":7,""checkinCount"":0,""listCount"":0,""watchlistCount"":0,""favoritePeopleCount"":0,""badgesCount"":2,""interestCount"":0",2025-12-28T19:31:50Z
10,ur212011571,https://www.imdb.com/user/ur212011571/?ref_=tturv_usr_1_t,2025-12-28,1,1,"""reviewCount"":1,""ratingsCount"":1,""checkinCount"":0,""listCount"":0,""watchlistCount"":0,""favoritePeopleCount"":0,""badgesCount"":2,""interestCount"":0",2025-12-28T23:55:34Z
10,ur64582872,https://www.imdb.com/user/ur64582872/?ref_=tturv_usr_1_t,2015-12-30,2,0,"""reviewCount"":2,""ratingsCount"":0,""checkinCount"":0,""listCount"":0,""watchlistCount"":2,""favoritePeopleCount"":0,""badgesCount"":2,""interestCount"":0",2015-12-30T02:10:16Z
10,ur212011491,https://www.imdb.com/user/ur212011491/?ref_=tturv_usr_1_t,2025-12-28,1,2,"""reviewCount"":1,""ratingsCount"":2,""checkinCount"":0,""listCount"":0,""watchlistCount"":0,""favoritePeopleCount"":0,""badgesCount"":2,""interestCount"":0",2025-12-28T23:49:14Z
10,ur1128892,https://www.imdb.com/user/ur1128892/?ref_=tturv_usr_1_t,2001-04-04,1,0,"""reviewCount"":1,""ratingsCount"":0,""checkinCount"":0,""listCount"":0,""watchlistCount"":0,""favoritePeopleCount"":0,""badgesCount"":3,""interestCount"":0",2001-04-04T09:41:05Z
10,ur212011720,https://www.imdb.com/user/ur212011720/?ref_=tturv_usr_1_t,2025-12-28,1,5,"""reviewCount"":1,""ratingsCount"":5,""checkinCount"":0,""listCount"":0,""watchlistCount"":0,""favoritePeopleCount"":0,""badgesCount"":2,""interestCount"":0",2025-12-28T23:42:24Z
10,ur212011818,https://www.imdb.com/user/ur212011818/?ref_=tturv_usr_1_t,2025-12-28,3,5,"""reviewCount"":3,""ratingsCount"":5,""checkinCount"":0,""listCount"":0,""watchlistCount"":0,""favoritePeopleCount"":0,""badgesCount"":2,""interestCount"":0",2025-12-28T23:41:09Z
10,ur114280586,https://www.imdb.com/user/ur114280586/?ref_=tturv_usr_1_t,2020-03-02,1,0,"""reviewCount"":1,""ratingsCount"":0,""checkinCount"":0,""listCount"":0,""watchlistCount"":0,""favoritePeopleCount"":0,""badgesCount"":2,""interestCount"":0",2020-03-02T13:23:57Z
10,ur212010973,https://www.imdb.com/user/ur212010973/?ref_=tturv_usr_1_t,2025-12-28,1,44,"""reviewCount"":1,""ratingsCount"":44,""checkinCount"":0,""listCount"":0,""watchlistCount"":1,""favoritePeopleCount"":0,""badgesCount"":2,""interestCount"":0",2025-12-28T23:39:14Z
10,ur212010827,https://www.imdb.com/user/ur212010827/?ref_=tturv_usr_1_t,2025-12-28,1,8,"""reviewCount"":1,""ratingsCount"":8,""checkinCount"":0,""listCount"":0,""watchlistCount"":0,""favoritePeopleCount"":0,""badgesCount"":2,""interestCount"":0",2025-12-28T23:41:53Z
10,ur127770149,https://www.imdb.com/user/ur127770149/?ref_=tturv_usr_1_t,2020-12-31,1,0,"""reviewCount"":1,""ratingsCount"":0,""checkinCount"":0,""listCount"":0,""watchlistCount"":0,""favoritePeopleCount"":0,""badgesCount"":2,""interestCount"":0",2020-12-31T01:35:19Z
10,ur212010571,https://www.imdb.com/user/ur212010571/?ref_=tturv_usr_1_t,2025-12-28,1,1,"""reviewCount"":1,""ratingsCount"":1,""checkinCount"":0,""listCount"":0,""watchlistCount"":0,""favoritePeopleCount"":0,""badgesCount"":2,""interestCount"":0",2025-12-28T23:28:24Z
10,ur158700327,https://www.imdb.com/user/ur158700327/?ref_=tturv_usr_1_t,2022-11-11,1,0,"""reviewCount"":1,""ratingsCount"":0,""checkinCount"":0,""listCount"":0,""watchlistCount"":0,""favoritePeopleCount"":0,""badgesCount"":2,""interestCount"":0",2022-11-11T05:27:11Z
10,ur212011320,https://www.imdb.com/user/ur212011320/?ref_=tturv_usr_1_t,2025-12-28,1,1,"""reviewCount"":1,""ratingsCount"":1,""checkinCount"":0,""listCount"":0,""watchlistCount"":0,""favoritePeopleCount"":0,""badgesCount"":2,""interestCount"":0",2025-12-28T23:29:15Z
10,ur212010723,https://www.imdb.com/user/ur212010723/?ref_=tturv_usr_1_t,2025-12-28,1,1,"""reviewCount"":1,""ratingsCount"":1,""checkinCount"":0,""listCount"":0,""watchlistCount"":0,""favoritePeopleCount"":0,""badgesCount"":2,""interestCount"":0",2025-12-28T23:29:12Z
10,ur211977896,https://www.imdb.com/user/ur211977896/?ref_=tturv_usr_1_t,2025-12-28,1,9,"""reviewCount"":1,""ratingsCount"":9,""checkinCount"":0,""listCount"":0,""watchlistCount"":0,""favoritePeopleCount"":0,""badgesCount"":2,""interestCount"":0",2025-12-28T03:55:41Z
10,ur212011438,https://www.imdb.com/user/ur212011438/?ref_=tturv_usr_1_t,2025-12-28,1,9,"""reviewCount"":1,""ratingsCount"":9,""checkinCount"":0,""listCount"":0,""watchlistCount"":0,""favoritePeopleCount"":0,""badgesCount"":2,""interestCount"":0",2025-12-28T23:29:39Z
10,ur212011319,https://www.imdb.com/user/ur212011319/?ref_=tturv_usr_1_t,2025-12-28,1,1,"""reviewCount"":1,""ratingsCount"":1,""checkinCount"":0,""listCount"":0,""watchlistCount"":0,""favoritePeopleCount"":0,""badgesCount"":2,""interestCount"":0",2025-12-28T23:27:31Z
10,ur201162461,https://www.imdb.com/user/ur201162461/?ref_=tturv_usr_1_t,2025-05-09,2,6,"""reviewCount"":2,""ratingsCount"":6,""checkinCount"":0,""listCount"":0,""watchlistCount"":1,""favoritePeopleCount"":0,""badgesCount"":2,""interestCount"":0",2025-05-09T23:07:09Z
10,ur75628049,https://www.imdb.com/user/ur75628049/?ref_=tturv_usr_1_t,2017-04-27,1,0,"""reviewCount"":1,""ratingsCount"":0,""checkinCount"":0,""listCount"":0,""watchlistCount"":0,""favoritePeopleCount"":0,""badgesCount"":2,""interestCount"":0",2017-04-27T19:20:00Z
10,ur212009115,https://www.imdb.com/user/ur212009115/?ref_=tturv_usr_1_t,2025-12-28,3,6,"""reviewCount"":3,""ratingsCount"":6,""checkinCount"":0,""listCount"":0,""watchlistCount"":0,""favoritePeopleCount"":0,""badgesCount"":2,""interestCount"":0",2025-12-28T23:06:48Z
10,ur171070526,https://www.imdb.com/user/ur171070526/?ref_=tturv_usr_1_t,2023-10-02,1,0,"""reviewCount"":1,""ratingsCount"":0,""checkinCount"":0,""listCount"":0,""watchlistCount"":0,""favoritePeopleCount"":0,""badgesCount"":2,""interestCount"":0",2023-10-02T23:46:32Z
10,ur211958545,https://www.imdb.com/user/ur211958545/?ref_=tturv_usr_1_t,2025-12-27,1,9,"""reviewCount"":1,""ratingsCount"":9,""checkinCount"":0,""listCount"":0,""watchlistCount"":1,""favoritePeopleCount"":0,""badgesCount"":2,""interestCount"":0",2025-12-27T11:39:51Z
10,ur212010043,https://www.imdb.com/user/ur212010043/?ref_=tturv_usr_1_t,2025-12-28,1,4,"""reviewCount"":1,""ratingsCount"":4,""checkinCount"":0,""listCount"":0,""watchlistCount"":0,""favoritePeopleCount"":0,""badgesCount"":2,""interestCount"":0",2025-12-28T23:14:23Z
10,ur137191016,https://www.imdb.com/user/ur137191016/?ref_=tturv_usr_1_t,2021-09-17,4,0,"""reviewCount"":4,""ratingsCount"":0,""checkinCount"":0,""listCount"":0,""watchlistCount"":3,""favoritePeopleCount"":0,""badgesCount"":4,""interestCount"":0",2021-09-17T00:49:24Z
10,ur212009142,https://www.imdb.com/user/ur212009142/?ref_=tturv_usr_1_t,2025-12-28,1,15,"""reviewCount"":1,""ratingsCount"":15,""checkinCount"":0,""listCount"":0,""watchlistCount"":0,""favoritePeopleCount"":0,""badgesCount"":2,""interestCount"":0",2025-12-28T22:45:20Z
10,ur212010668,https://www.imdb.com/user/ur212010668/?ref_=tturv_usr_1_t,2025-12-28,1,8,"""reviewCount"":1,""ratingsCount"":8,""checkinCount"":0,""listCount"":0,""watchlistCount"":0,""favoritePeopleCount"":0,""badgesCount"":2,""interestCount"":0",2025-12-28T23:00:41Z
10,ur212009405,https://www.imdb.com/user/ur212009405/?ref_=tturv_usr_1_t,2025-12-28,1,46,"""reviewCount"":1,""ratingsCount"":46,""checkinCount"":0,""listCount"":0,""watchlistCount"":0,""favoritePeopleCount"":0,""badgesCount"":2,""interestCount"":0",2025-12-28T22:59:41Z
10,ur59650987,https://www.imdb.com/user/ur59650987/?ref_=tturv_usr_1_t,2015-04-04,3,52,"""reviewCount"":3,""ratingsCount"":52,""checkinCount"":0,""listCount"":0,""watchlistCount"":0,""favoritePeopleCount"":0,""badgesCount"":2,""interestCount"":0",2015-04-04T17:12:55Z
10,ur212007994,https://www.imdb.com/user/ur212007994/?ref_=tturv_usr_1_t,2025-12-28,1,8,"""reviewCount"":1,""ratingsCount"":8,""checkinCount"":0,""listCount"":0,""watchlistCount"":0,""favoritePeopleCount"":0,""badgesCount"":2,""interestCount"":0",2025-12-28T22:35:09Z
10,ur178687164,https://www.imdb.com/user/ur178687164/?ref_=tturv_usr_1_t,2024-03-12,1,43,"""reviewCount"":1,""ratingsCount"":43,""checkinCount"":0,""listCount"":0,""watchlistCount"":0,""favoritePeopleCount"":0,""badgesCount"":2,""interestCount"":0",2024-03-12T18:07:34Z
10,ur32393499,https://www.imdb.com/user/ur32393499/?ref_=tturv_usr_1_t,2012-03-14,4,0,"""reviewCount"":4,""ratingsCount"":0,""checkinCount"":0,""listCount"":0,""watchlistCount"":0,""favoritePeopleCount"":0,""badgesCount"":2,""interestCount"":0",2012-03-14T13:56:28Z
10,ur212009579,https://www.imdb.com/user/ur212009579/?ref_=tturv_usr_1_t,2025-12-28,1,1,"""reviewCount"":1,""ratingsCount"":1,""checkinCount"":0,""listCount"":0,""watchlistCount"":0,""favoritePeopleCount"":0,""badgesCount"":2,""interestCount"":0",2025-12-28T22:48:16Z
10,ur117688009,https://www.imdb.com/user/ur117688009/?ref_=tturv_usr_1_t,2020-05-01,1,0,"""reviewCount"":1,""ratingsCount"":0,""checkinCount"":0,""listCount"":0,""watchlistCount"":0,""favoritePeopleCount"":0,""badgesCount"":2,""interestCount"":0",2020-05-01T20:56:37Z
10,ur185206465,https://www.imdb.com/user/ur185206465/?ref_=tturv_usr_1_t,2024-07-18,1,71,"""reviewCount"":1,""ratingsCount"":71,""checkinCount"":0,""listCount"":0,""watchlistCount"":197,""favoritePeopleCount"":0,""badgesCount"":2,""interestCount"":0",2024-07-18T22:45:42Z
10,ur211973322,https://www.imdb.com/user/ur211973322/?ref_=tturv_usr_1_t,2025-12-27,1,41,"""reviewCount"":1,""ratingsCount"":41,""checkinCount"":0,""listCount"":0,""watchlistCount"":0,""favoritePeopleCount"":0,""badgesCount"":2,""interestCount"":0",2025-12-27T23:02:16Z
10,ur212008346,https://www.imdb.com/user/ur212008346/?ref_=tturv_usr_1_t,2025-12-28,1,1,"""reviewCount"":1,""ratingsCount"":1,""checkinCount"":0,""listCount"":0,""watchlistCount"":0,""favoritePeopleCount"":0,""badgesCount"":2,""interestCount"":0",2025-12-28T22:41:26Z
10,ur212009000,https://www.imdb.com/user/ur212009000/?ref_=tturv_usr_1_t,2025-12-28,1,2,"""reviewCount"":1,""ratingsCount"":2,""checkinCount"":0,""listCount"":0,""watchlistCount"":0,""favoritePeopleCount"":0,""badgesCount"":2,""interestCount"":0",2025-12-28T22:38:18Z
10,ur212009569,https://www.imdb.com/user/ur212009569/?ref_=tturv_usr_1_t,2025-12-28,1,2,"""reviewCount"":1,""ratingsCount"":2,""checkinCount"":0,""listCount"":0,""watchlistCount"":0,""favoritePeopleCount"":0,""badgesCount"":2,""interestCount"":0",2025-12-28T22:35:29Z
10,ur150281062,https://www.imdb.com/user/ur150281062/?ref_=tturv_usr_1_t,2022-02-26,3,0,"""reviewCount"":3,""ratingsCount"":0,""checkinCount"":0,""listCount"":0,""watchlistCount"":0,""favoritePeopleCount"":0,""badgesCount"":2,""interestCount"":0",2022-02-26T20:27:15Z
10,ur212008493,https://www.imdb.com/user/ur212008493/?ref_=tturv_usr_1_t,2025-12-28,1,2,"""reviewCount"":1,""ratingsCount"":2,""checkinCount"":0,""listCount"":0,""watchlistCount"":1,""favoritePeopleCount"":0,""badgesCount"":2,""interestCount"":0",2025-12-28T22:31:59Z
10,ur167435120,https://www.imdb.com/user/ur167435120/?ref_=tturv_usr_1_t,2023-07-05,1,0,"""reviewCount"":1,""ratingsCount"":0,""checkinCount"":0,""listCount"":0,""watchlistCount"":0,""favoritePeopleCount"":0,""badgesCount"":2,""interestCount"":0",2023-07-05T18:26:44Z
10,ur212008624,https://www.imdb.com/user/ur212008624/?ref_=tturv_usr_1_t,2025-12-28,1,2,"""reviewCount"":1,""ratingsCount"":2,""checkinCount"":0,""listCount"":0,""watchlistCount"":0,""favoritePeopleCount"":0,""badgesCount"":2,""interestCount"":0",2025-12-28T22:33:57Z
10,ur159150647,https://www.imdb.com/user/ur159150647/?ref_=tturv_usr_1_t,2022-11-23,1,0,"""reviewCount"":1,""ratingsCount"":0,""checkinCount"":0,""listCount"":0,""watchlistCount"":0,""favoritePeopleCount"":0,""badgesCount"":2,""interestCount"":0",2022-11-23T20:54:27Z
10,ur212007816,https://www.imdb.com/user/ur212007816/?ref_=tturv_usr_1_t,2025-12-28,1,2,"""reviewCount"":1,""ratingsCount"":2,""checkinCount"":0,""listCount"":0,""watchlistCount"":0,""favoritePeopleCount"":0,""badgesCount"":2,""interestCount"":0",2025-12-28T22:18:33Z
10,ur156441836,https://www.imdb.com/user/ur156441836/?ref_=tturv_usr_1_t,2022-09-03,1,0,"""reviewCount"":1,""ratingsCount"":0,""checkinCount"":0,""listCount"":0,""watchlistCount"":0,""favoritePeopleCount"":0,""badgesCount"":2,""interestCount"":0",2022-09-03T22:59:37Z
10,ur212008155,https://www.imdb.com/user/ur212008155/?ref_=tturv_usr_1_t,2025-12-28,1,1,"""reviewCount"":1,""ratingsCount"":1,""checkinCount"":0,""listCount"":0,""watchlistCount"":0,""favoritePeopleCount"":0,""badgesCount"":2,""interestCount"":0",2025-12-28T22:18:45Z
10,ur211944832,https://www.imdb.com/user/ur211944832/?ref_=tturv_usr_1_t,2025-12-26,1,9,"""reviewCount"":1,""ratingsCount"":9,""checkinCount"":0,""listCount"":0,""watchlistCount"":0,""favoritePeopleCount"":0,""badgesCount"":2,""interestCount"":0",2025-12-26T23:09:39Z
10,ur212007519,https://www.imdb.com/user/ur212007519/?ref_=tturv_usr_1_t,2025-12-28,1,1,"""reviewCount"":1,""ratingsCount"":1,""checkinCount"":0,""listCount"":0,""watchlistCount"":0,""favoritePeopleCount"":0,""badgesCount"":2,""interestCount"":0",2025-12-28T21:48:32Z
10,ur121036973,https://www.imdb.com/user/ur121036973/?ref_=tturv_usr_1_t,2020-07-15,1,0,"""reviewCount"":1,""ratingsCount"":0,""checkinCount"":0,""listCount"":0,""watchlistCount"":0,""favoritePeopleCount"":0,""badgesCount"":2,""interestCount"":0",2020-07-15T03:37:13Z
10,ur212007774,https://www.imdb.com/user/ur212007774/?ref_=tturv_usr_1_t,2025-12-28,1,1,"""reviewCount"":1,""ratingsCount"":1,""checkinCount"":0,""listCount"":0,""watchlistCount"":0,""favoritePeopleCount"":0,""badgesCount"":2,""interestCount"":0",2025-12-28T21:50:39Z
10,ur204439462,https://www.imdb.com/user/ur204439462/?ref_=tturv_usr_1_t,2025-06-27,1,56,"""reviewCount"":1,""ratingsCount"":56,""checkinCount"":0,""listCount"":0,""watchlistCount"":0,""favoritePeopleCount"":0,""badgesCount"":2,""interestCount"":0",2025-06-27T19:44:49Z
10,ur212006724,https://www.imdb.com/user/ur212006724/?ref_=tturv_usr_1_t,2025-12-28,1,2,"""reviewCount"":1,""ratingsCount"":2,""checkinCount"":0,""listCount"":0,""watchlistCount"":0,""favoritePeopleCount"":0,""badgesCount"":2,""interestCount"":0",2025-12-28T21:57:33Z
10,ur212006786,https://www.imdb.com/user/ur212006786/?ref_=tturv_usr_1_t,2025-12-28,2,11,"""reviewCount"":2,""ratingsCount"":11,""checkinCount"":0,""listCount"":0,""watchlistCount"":0,""favoritePeopleCount"":0,""badgesCount"":2,""interestCount"":0",2025-12-28T21:52:40Z
10,ur121055274,https://www.imdb.com/user/ur121055274/?ref_=tturv_usr_1_t,2020-07-15,1,0,"""reviewCount"":1,""ratingsCount"":0,""checkinCount"":0,""listCount"":0,""watchlistCount"":0,""favoritePeopleCount"":0,""badgesCount"":2,""interestCount"":0",2020-07-15T14:17:15Z
10,ur211988499,https://www.imdb.com/user/ur211988499/?ref_=tturv_usr_1_t,2025-12-28,1,6,"""reviewCount"":1,""ratingsCount"":6,""checkinCount"":0,""listCount"":0,""watchlistCount"":0,""favoritePeopleCount"":0,""badgesCount"":2,""interestCount"":0",2025-12-28T11:09:14Z
10,ur212007493,https://www.imdb.com/user/ur212007493/?ref_=tturv_usr_1_t,2025-12-28,1,2,"""reviewCount"":1,""ratingsCount"":2,""checkinCount"":0,""listCount"":0,""watchlistCount"":0,""favoritePeopleCount"":0,""badgesCount"":2,""interestCount"":0",2025-12-28T21:44:57Z
10,ur211988593,https://www.imdb.com/user/ur211988593/?ref_=tturv_usr_1_t,2025-12-28,1,7,"""reviewCount"":1,""ratingsCount"":7,""checkinCount"":0,""listCount"":0,""watchlistCount"":0,""favoritePeopleCount"":0,""badgesCount"":2,""interestCount"":0",2025-12-28T11:47:52Z
10,ur211998102,https://www.imdb.com/user/ur211998102/?ref_=tturv_usr_1_t,2025-12-28,1,2,"""reviewCount"":1,""ratingsCount"":2,""checkinCount"":0,""listCount"":0,""watchlistCount"":0,""favoritePeopleCount"":0,""badgesCount"":2,""interestCount"":0",2025-12-28T17:25:36Z
10,ur184422125,https://www.imdb.com/user/ur184422125/?ref_=tturv_usr_1_t,2024-07-04,1,2,"""reviewCount"":1,""ratingsCount"":2,""checkinCount"":541,""listCount"":4,""watchlistCount"":451,""favoritePeopleCount"":80,""badgesCount"":2,""interestCount"":0",2024-07-04T20:41:04Z
10,ur193191710,https://www.imdb.com/user/ur193191710/?ref_=tturv_usr_1_t,2024-12-14,1,1,"""reviewCount"":1,""ratingsCount"":1,""checkinCount"":0,""listCount"":0,""watchlistCount"":1,""favoritePeopleCount"":0,""badgesCount"":2,""interestCount"":0",2024-12-14T02:24:51Z
10,ur212005865,https://www.imdb.com/user/ur212005865/?ref_=tturv_usr_1_t,2025-12-28,1,2,"""reviewCount"":1,""ratingsCount"":2,""checkinCount"":0,""listCount"":0,""watchlistCount"":0,""favoritePeopleCount"":0,""badgesCount"":2,""interestCount"":0",2025-12-28T21:41:06Z
10,ur211406688,https://www.imdb.com/user/ur211406688/?ref_=tturv_usr_1_t,2025-11-29,2,2,"""reviewCount"":2,""ratingsCount"":2,""checkinCount"":0,""listCount"":0,""watchlistCount"":1,""favoritePeopleCount"":0,""badgesCount"":2,""interestCount"":0",2025-11-29T02:07:20Z
10,ur212006421,https://www.imdb.com/user/ur212006421/?ref_=tturv_usr_1_t,2025-12-28,1,1,"""reviewCount"":1,""ratingsCount"":1,""checkinCount"":0,""listCount"":0,""watchlistCount"":0,""favoritePeopleCount"":0,""badgesCount"":2,""interestCount"":0",2025-12-28T21:25:16Z
10,ur211974329,https://www.imdb.com/user/ur211974329/?ref_=tturv_usr_1_t,2025-12-27,1,9,"""reviewCount"":1,""ratingsCount"":9,""checkinCount"":0,""listCount"":0,""watchlistCount"":0,""favoritePeopleCount"":0,""badgesCount"":2,""interestCount"":0",2025-12-27T23:50:37Z
10,ur212007221,https://www.imdb.com/user/ur212007221/?ref_=tturv_usr_1_t,2025-12-28,1,2,"""reviewCount"":1,""ratingsCount"":2,""checkinCount"":0,""listCount"":0,""watchlistCount"":0,""favoritePeopleCount"":0,""badgesCount"":2,""interestCount"":0",2025-12-28T21:21:53Z
10,ur199664408,https://www.imdb.com/user/ur199664408/?ref_=tturv_usr_1_t,2025-04-10,1,1,"""reviewCount"":1,""ratingsCount"":1,""checkinCount"":0,""listCount"":0,""watchlistCount"":14,""favoritePeopleCount"":0,""badgesCount"":2,""interestCount"":0",2025-04-10T03:06:24Z
10,ur211952479,https://www.imdb.com/user/ur211952479/?ref_=tturv_usr_1_t,2025-12-27,1,5,"""reviewCount"":1,""ratingsCount"":5,""checkinCount"":0,""listCount"":0,""watchlistCount"":0,""favoritePeopleCount"":0,""badgesCount"":2,""interestCount"":0",2025-12-27T05:00:46Z
10,ur211836446,https://www.imdb.com/user/ur211836446/?ref_=tturv_usr_1_t,2025-12-21,4,33,"""reviewCount"":4,""ratingsCount"":33,""checkinCount"":0,""listCount"":0,""watchlistCount"":0,""favoritePeopleCount"":0,""badgesCount"":2,""interestCount"":0",2025-12-21T16:29:51Z
10,ur212005936,https://www.imdb.com/user/ur212005936/?ref_=tturv_usr_1_t,2025-12-28,2,2,"""reviewCount"":2,""ratingsCount"":2,""checkinCount"":0,""listCount"":0,""watchlistCount"":0,""favoritePeopleCount"":0,""badgesCount"":2,""interestCount"":0",2025-12-28T21:12:11Z
10,ur212005922,https://www.imdb.com/user/ur212005922/?ref_=tturv_usr_1_t,2025-12-28,2,2,"""reviewCount"":2,""ratingsCount"":2,""checkinCount"":0,""listCount"":0,""watchlistCount"":0,""favoritePeopleCount"":0,""badgesCount"":2,""interestCount"":0",2025-12-28T20:54:23Z
10,ur212005243,https://www.imdb.com/user/ur212005243/?ref_=tturv_usr_1_t,2025-12-28,1,1,"""reviewCount"":1,""ratingsCount"":1,""checkinCount"":0,""listCount"":0,""watchlistCount"":3,""favoritePeopleCount"":0,""badgesCount"":2,""interestCount"":0",2025-12-28T21:01:18Z
10,ur136185610,https://www.imdb.com/user/ur136185610/?ref_=tturv_usr_1_t,2021-09-02,1,0,"""reviewCount"":1,""ratingsCount"":0,""checkinCount"":0,""listCount"":0,""watchlistCount"":0,""favoritePeopleCount"":0,""badgesCount"":2,""interestCount"":0",2021-09-02T05:01:45Z
10,ur212003012,https://www.imdb.com/user/ur212003012/?ref_=tturv_usr_1_t,2025-12-28,1,10,"""reviewCount"":1,""ratingsCount"":10,""checkinCount"":0,""listCount"":0,""watchlistCount"":0,""favoritePeopleCount"":0,""badgesCount"":2,""interestCount"":0",2025-12-28T19:36:05Z
10,ur192858753,https://www.imdb.com/user/ur192858753/?ref_=tturv_usr_1_t,2024-12-08,1,1,"""reviewCount"":1,""ratingsCount"":1,""checkinCount"":0,""listCount"":0,""watchlistCount"":1,""favoritePeopleCount"":0,""badgesCount"":2,""interestCount"":0",2024-12-08T03:46:11Z
10,ur212005103,https://www.imdb.com/user/ur212005103/?ref_=tturv_usr_1_t,2025-12-28,1,1,"""reviewCount"":1,""ratingsCount"":1,""checkinCount"":0,""listCount"":0,""watchlistCount"":0,""favoritePeopleCount"":0,""badgesCount"":2,""interestCount"":0",2025-12-28T20:41:40Z
10,ur46814885,https://www.imdb.com/user/ur46814885/?ref_=tturv_usr_1_t,2013-09-22,1,0,"""reviewCount"":1,""ratingsCount"":0,""checkinCount"":0,""listCount"":0,""watchlistCount"":0,""favoritePeopleCount"":0,""badgesCount"":2,""interestCount"":0",2013-09-22T19:50:00Z
10,ur176689376,https://www.imdb.com/user/ur176689376/?ref_=tturv_usr_1_t,2024-01-30,1,0,"""reviewCount"":1,""ratingsCount"":0,""checkinCount"":0,""listCount"":0,""watchlistCount"":2,""favoritePeopleCount"":0,""badgesCount"":2,""interestCount"":0",2024-01-30T03:02:00Z
10,ur205329851,https://www.imdb.com/user/ur205329851/?ref_=tturv_usr_1_t,2025-07-16,1,10,"""reviewCount"":1,""ratingsCount"":10,""checkinCount"":0,""listCount"":0,""watchlistCount"":0,""favoritePeopleCount"":0,""badgesCount"":2,""interestCount"":0",2025-07-16T02:23:08Z
10,ur95308635,https://www.imdb.com/user/ur95308635/?ref_=tturv_usr_1_t,2018-11-17,2,0,"""reviewCount"":2,""ratingsCount"":0,""checkinCount"":0,""listCount"":0,""watchlistCount"":0,""favoritePeopleCount"":0,""badgesCount"":2,""interestCount"":0",2018-11-17T09:47:57Z
10,ur212003422,https://www.imdb.com/user/ur212003422/?ref_=tturv_usr_1_t,2025-12-28,1,15,"""reviewCount"":1,""ratingsCount"":15,""checkinCount"":0,""listCount"":0,""watchlistCount"":0,""favoritePeopleCount"":0,""badgesCount"":2,""interestCount"":0",2025-12-28T20:16:02Z
10,ur212005008,https://www.imdb.com/user/ur212005008/?ref_=tturv_usr_1_t,2025-12-28,1,1,"""reviewCount"":1,""ratingsCount"":1,""checkinCount"":0,""listCount"":0,""watchlistCount"":0,""favoritePeopleCount"":0,""badgesCount"":2,""interestCount"":0",2025-12-28T20:16:17Z
10,ur212003863,https://www.imdb.com/user/ur212003863/?ref_=tturv_usr_1_t,2025-12-28,2,2,"""reviewCount"":2,""ratingsCount"":2,""checkinCount"":0,""listCount"":0,""watchlistCount"":1,""favoritePeopleCount"":0,""badgesCount"":2,""interestCount"":0",2025-12-28T20:08:09Z
10,ur212003067,https://www.imdb.com/user/ur212003067/?ref_=tturv_usr_1_t,2025-12-28,1,1,"""reviewCount"":1,""ratingsCount"":1,""checkinCount"":0,""listCount"":0,""watchlistCount"":0,""favoritePeopleCount"":0,""badgesCount"":2,""interestCount"":0",2025-12-28T20:03:36Z
10,ur212004308,https://www.imdb.com/user/ur212004308/?ref_=tturv_usr_1_t,2025-12-28,1,8,"""reviewCount"":1,""ratingsCount"":8,""checkinCount"":0,""listCount"":0,""watchlistCount"":0,""favoritePeopleCount"":0,""badgesCount"":2,""interestCount"":0",2025-12-28T19:52:18Z
10,ur211975058,https://www.imdb.com/user/ur211975058/?ref_=tturv_usr_1_t,2025-12-27,1,17,"""reviewCount"":1,""ratingsCount"":17,""checkinCount"":0,""listCount"":0,""watchlistCount"":0,""favoritePeopleCount"":0,""badgesCount"":2,""interestCount"":0",2025-12-27T23:54:04Z
10,ur168866637,https://www.imdb.com/user/ur168866637/?ref_=tturv_usr_1_t,2023-08-04,1,0,"""reviewCount"":1,""ratingsCount"":0,""checkinCount"":19,""listCount"":0,""watchlistCount"":0,""favoritePeopleCount"":0,""badgesCount"":2,""interestCount"":0",2023-08-04T23:49:12Z
10,ur212003072,https://www.imdb.com/user/ur212003072/?ref_=tturv_usr_1_t,2025-12-28,1,1,"""reviewCount"":1,""ratingsCount"":1,""checkinCount"":0,""listCount"":0,""watchlistCount"":0,""favoritePeopleCount"":0,""badgesCount"":2,""interestCount"":0",2025-12-28T19:39:19Z
10,ur152599602,https://www.imdb.com/user/ur152599602/?ref_=tturv_usr_1_t,2022-05-04,2,161,"""reviewCount"":2,""ratingsCount"":161,""checkinCount"":0,""listCount"":0,""watchlistCount"":0,""favoritePeopleCount"":0,""badgesCount"":2,""interestCount"":0",2022-05-04T16:16:32Z
10,ur212003160,https://www.imdb.com/user/ur212003160/?ref_=tturv_usr_1_t,2025-12-28,1,1,"""reviewCount"":1,""ratingsCount"":1,""checkinCount"":0,""listCount"":0,""watchlistCount"":0,""favoritePeopleCount"":0,""badgesCount"":2,""interestCount"":0",2025-12-28T19:31:55Z
10,ur212003109,https://www.imdb.com/user/ur212003109/?ref_=tturv_usr_1_t,2025-12-28,1,8,"""reviewCount"":1,""ratingsCount"":8,""checkinCount"":0,""listCount"":0,""watchlistCount"":0,""favoritePeopleCount"":0,""badgesCount"":2,""interestCount"":0",2025-12-28T19:24:26Z
10,ur198957553,https://www.imdb.com/user/ur198957553/?ref_=tturv_usr_1_t,2025-03-28,2,2,"""reviewCount"":2,""ratingsCount"":2,""checkinCount"":0,""listCount"":0,""watchlistCount"":1,""favoritePeopleCount"":0,""badgesCount"":2,""interestCount"":0",2025-03-28T12:49:58Z
10,ur158491660,https://www.imdb.com/user/ur158491660/?ref_=tturv_usr_1_t,2022-11-05,1,0,"""reviewCount"":1,""ratingsCount"":0,""checkinCount"":0,""listCount"":0,""watchlistCount"":0,""favoritePeopleCount"":0,""badgesCount"":3,""interestCount"":0",2022-11-05T10:03:06Z
10,ur211974086,https://www.imdb.com/user/ur211974086/?ref_=tturv_usr_1_t,2025-12-28,1,5,"""reviewCount"":1,""ratingsCount"":5,""checkinCount"":0,""listCount"":0,""watchlistCount"":0,""favoritePeopleCount"":0,""badgesCount"":2,""interestCount"":0",2025-12-28T01:09:56Z
10,ur160360991,https://www.imdb.com/user/ur160360991/?ref_=tturv_usr_1_t,2022-12-25,1,0,"""reviewCount"":1,""ratingsCount"":0,""checkinCount"":0,""listCount"":0,""watchlistCount"":0,""favoritePeopleCount"":0,""badgesCount"":2,""interestCount"":0",2022-12-25T00:38:25Z
10,ur35686711,https://www.imdb.com/user/ur35686711/?ref_=tturv_usr_1_t,2012-08-13,3,0,"""reviewCount"":3,""ratingsCount"":0,""checkinCount"":0,""listCount"":0,""watchlistCount"":0,""favoritePeopleCount"":0,""badgesCount"":3,""interestCount"":0",2012-08-13T14:33:29Z
10,ur134264707,https://www.imdb.com/user/ur134264707/?ref_=tturv_usr_1_t,2021-07-04,1,0,"""reviewCount"":1,""ratingsCount"":0,""checkinCount"":0,""listCount"":0,""watchlistCount"":0,""favoritePeopleCount"":0,""badgesCount"":2,""interestCount"":0",2021-07-04T11:59:41Z
10,ur211977525,https://www.imdb.com/user/ur211977525/?ref_=tturv_usr_1_t,2025-12-28,1,1,"""reviewCount"":1,""ratingsCount"":1,""checkinCount"":0,""listCount"":0,""watchlistCount"":0,""favoritePeopleCount"":0,""badgesCount"":2,""interestCount"":0",2025-12-28T03:05:44Z
10,ur12343744,https://www.imdb.com/user/ur12343744/?ref_=tturv_usr_1_t,2006-09-23,4,0,"""reviewCount"":4,""ratingsCount"":0,""checkinCount"":0,""listCount"":0,""watchlistCount"":0,""favoritePeopleCount"":0,""badgesCount"":2,""interestCount"":0",2006-09-23T21:44:13Z
10,ur169073410,https://www.imdb.com/user/ur169073410/?ref_=tturv_usr_1_t,2023-08-10,1,0,"""reviewCount"":1,""ratingsCount"":0,""checkinCount"":0,""listCount"":0,""watchlistCount"":0,""favoritePeopleCount"":0,""badgesCount"":2,""interestCount"":0",2023-08-10T08:10:02Z
10,ur183666950,https://www.imdb.com/user/ur183666950/?ref_=tturv_usr_1_t,2024-06-21,1,13,"""reviewCount"":1,""ratingsCount"":13,""checkinCount"":0,""listCount"":0,""watchlistCount"":0,""favoritePeopleCount"":0,""badgesCount"":2,""interestCount"":0",2024-06-21T15:12:51Z
10,ur211971135,https://www.imdb.com/user/ur211971135/?ref_=tturv_usr_1_t,2025-12-27,1,10,"""reviewCount"":1,""ratingsCount"":10,""checkinCount"":0,""listCount"":0,""watchlistCount"":0,""favoritePeopleCount"":0,""badgesCount"":2,""interestCount"":0",2025-12-27T21:19:31Z
10,ur212001094,https://www.imdb.com/user/ur212001094/?ref_=tturv_usr_1_t,2025-12-28,1,1,"""reviewCount"":1,""ratingsCount"":1,""checkinCount"":0,""listCount"":0,""watchlistCount"":1,""favoritePeopleCount"":0,""badgesCount"":2,""interestCount"":0",2025-12-28T18:49:24Z
10,ur207749832,https://www.imdb.com/user/ur207749832/?ref_=tturv_usr_1_t,2025-08-28,1,12,"""reviewCount"":1,""ratingsCount"":12,""checkinCount"":0,""listCount"":0,""watchlistCount"":0,""favoritePeopleCount"":0,""badgesCount"":2,""interestCount"":0",2025-08-28T23:18:34Z
10,ur212001320,https://www.imdb.com/user/ur212001320/?ref_=tturv_usr_1_t,2025-12-28,1,4,"""reviewCount"":1,""ratingsCount"":4,""checkinCount"":0,""listCount"":0,""watchlistCount"":0,""favoritePeopleCount"":0,""badgesCount"":2,""interestCount"":0",2025-12-28T18:38:31Z
10,ur211936633,https://www.imdb.com/user/ur211936633/?ref_=tturv_usr_1_t,2025-12-26,4,251,"""reviewCount"":4,""ratingsCount"":251,""checkinCount"":0,""listCount"":0,""watchlistCount"":27,""favoritePeopleCount"":0,""badgesCount"":2,""interestCount"":0",2025-12-26T17:26:52Z
10,ur198957553,https://www.imdb.com/user/ur198957553/?ref_=tturv_usr_1_t,2025-03-28,2,2,"""reviewCount"":2,""ratingsCount"":2,""checkinCount"":0,""listCount"":0,""watchlistCount"":1,""favoritePeopleCount"":0,""badgesCount"":2,""interestCount"":0",2025-03-28T12:49:58Z
10,ur212000415,https://www.imdb.com/user/ur212000415/?ref_=tturv_usr_1_t,2025-12-28,1,41,"""reviewCount"":1,""ratingsCount"":41,""checkinCount"":0,""listCount"":0,""watchlistCount"":0,""favoritePeopleCount"":0,""badgesCount"":2,""interestCount"":0",2025-12-28T18:35:49Z
10,ur211998136,https://www.imdb.com/user/ur211998136/?ref_=tturv_usr_1_t,2025-12-28,1,4,"""reviewCount"":1,""ratingsCount"":4,""checkinCount"":0,""listCount"":0,""watchlistCount"":0,""favoritePeopleCount"":0,""badgesCount"":2,""interestCount"":0",2025-12-28T17:58:03Z
10,ur59649089,https://www.imdb.com/user/ur59649089/?ref_=tturv_usr_1_t,2015-04-04,4,2487,"""reviewCount"":4,""ratingsCount"":2487,""checkinCount"":0,""listCount"":2,""watchlistCount"":314,""favoritePeopleCount"":261,""badgesCount"":2,""interestCount"":0",2015-04-04T15:46:42Z
10,ur212000493,https://www.imdb.com/user/ur212000493/?ref_=tturv_usr_1_t,2025-12-28,1,1,"""reviewCount"":1,""ratingsCount"":1,""checkinCount"":0,""listCount"":0,""watchlistCount"":0,""favoritePeopleCount"":0,""badgesCount"":2,""interestCount"":0",2025-12-28T18:28:27Z
10,ur212000442,https://www.imdb.com/user/ur212000442/?ref_=tturv_usr_1_t,2025-12-28,1,8,"""reviewCount"":1,""ratingsCount"":8,""checkinCount"":0,""listCount"":0,""watchlistCount"":0,""favoritePeopleCount"":0,""badgesCount"":2,""interestCount"":0",2025-12-28T18:23:03Z
10,ur49240157,https://www.imdb.com/user/ur49240157/?ref_=tturv_usr_1_t,2013-12-28,1,0,"""reviewCount"":1,""ratingsCount"":0,""checkinCount"":0,""listCount"":0,""watchlistCount"":0,""favoritePeopleCount"":0,""badgesCount"":2,""interestCount"":0",2013-12-28T01:42:52Z
10,ur211999191,https://www.imdb.com/user/ur211999191/?ref_=tturv_usr_1_t,2025-12-28,1,8,"""reviewCount"":1,""ratingsCount"":8,""checkinCount"":0,""listCount"":0,""watchlistCount"":0,""favoritePeopleCount"":0,""badgesCount"":2,""interestCount"":0",2025-12-28T17:51:28Z
10,ur211999359,https://www.imdb.com/user/ur211999359/?ref_=tturv_usr_1_t,2025-12-28,1,2,"""reviewCount"":1,""ratingsCount"":2,""checkinCount"":0,""listCount"":0,""watchlistCount"":0,""favoritePeopleCount"":0,""badgesCount"":2,""interestCount"":0",2025-12-28T17:32:48Z
10,ur211998243,https://www.imdb.com/user/ur211998243/?ref_=tturv_usr_1_t,2025-12-28,2,9,"""reviewCount"":2,""ratingsCount"":9,""checkinCount"":0,""listCount"":0,""watchlistCount"":0,""favoritePeopleCount"":0,""badgesCount"":2,""interestCount"":0",2025-12-28T17:25:43Z
10,ur211998156,https://www.imdb.com/user/ur211998156/?ref_=tturv_usr_1_t,2025-12-28,1,3,"""reviewCount"":1,""ratingsCount"":3,""checkinCount"":0,""listCount"":0,""watchlistCount"":0,""favoritePeopleCount"":0,""badgesCount"":2,""interestCount"":0",2025-12-28T17:30:06Z
10,ur164920617,https://www.imdb.com/user/ur164920617/?ref_=tturv_usr_1_t,2023-04-27,3,0,"""reviewCount"":3,""ratingsCount"":0,""checkinCount"":0,""listCount"":0,""watchlistCount"":0,""favoritePeopleCount"":0,""badgesCount"":2,""interestCount"":0",2023-04-27T20:06:47Z
10,ur211999639,https://www.imdb.com/user/ur211999639/?ref_=tturv_usr_1_t,2025-12-28,1,8,"""reviewCount"":1,""ratingsCount"":8,""checkinCount"":0,""listCount"":0,""watchlistCount"":0,""favoritePeopleCount"":0,""badgesCount"":2,""interestCount"":0",2025-12-28T17:39:25Z
10,ur211997617,https://www.imdb.com/user/ur211997617/?ref_=tturv_usr_1_t,2025-12-28,1,3,"""reviewCount"":1,""ratingsCount"":3,""checkinCount"":0,""listCount"":0,""watchlistCount"":0,""favoritePeopleCount"":0,""badgesCount"":2,""interestCount"":0",2025-12-28T17:37:39Z
10,ur129860740,https://www.imdb.com/user/ur129860740/?ref_=tturv_usr_1_t,2021-02-26,1,0,"""reviewCount"":1,""ratingsCount"":0,""checkinCount"":0,""listCount"":2,""watchlistCount"":0,""favoritePeopleCount"":0,""badgesCount"":2,""interestCount"":0",2021-02-26T16:42:21Z
10,ur193124653,https://www.imdb.com/user/ur193124653/?ref_=tturv_usr_1_t,2024-12-12,1,10,"""reviewCount"":1,""ratingsCount"":10,""checkinCount"":0,""listCount"":0,""watchlistCount"":0,""favoritePeopleCount"":0,""badgesCount"":2,""interestCount"":0",2024-12-12T19:27:34Z
10,ur211998812,https://www.imdb.com/user/ur211998812/?ref_=tturv_usr_1_t,2025-12-28,1,1,"""reviewCount"":1,""ratingsCount"":1,""checkinCount"":0,""listCount"":0,""watchlistCount"":0,""favoritePeopleCount"":0,""badgesCount"":2,""interestCount"":0",2025-12-28T17:35:23Z
10,ur211998243,https://www.imdb.com/user/ur211998243/?ref_=tturv_usr_1_t,2025-12-28,2,9,"""reviewCount"":2,""ratingsCount"":9,""checkinCount"":0,""listCount"":0,""watchlistCount"":0,""favoritePeopleCount"":0,""badgesCount"":2,""interestCount"":0",2025-12-28T17:25:43Z
10,ur211998506,https://www.imdb.com/user/ur211998506/?ref_=tturv_usr_1_t,2025-12-28,1,10,"""reviewCount"":1,""ratingsCount"":10,""checkinCount"":0,""listCount"":0,""watchlistCount"":0,""favoritePeopleCount"":0,""badgesCount"":2,""interestCount"":0",2025-12-28T17:38:34Z
10,ur211978283,https://www.imdb.com/user/ur211978283/?ref_=tturv_usr_1_t,2025-12-28,1,6,"""reviewCount"":1,""ratingsCount"":6,""checkinCount"":0,""listCount"":0,""watchlistCount"":0,""favoritePeopleCount"":0,""badgesCount"":2,""interestCount"":0",2025-12-28T02:53:09Z
10,ur156057764,https://www.imdb.com/user/ur156057764/?ref_=tturv_usr_1_t,2022-08-23,1,0,"""reviewCount"":1,""ratingsCount"":0,""checkinCount"":0,""listCount"":0,""watchlistCount"":0,""favoritePeopleCount"":0,""badgesCount"":2,""interestCount"":0",2022-08-23T06:46:46Z
10,ur211998019,https://www.imdb.com/user/ur211998019/?ref_=tturv_usr_1_t,2025-12-28,1,1,"""reviewCount"":1,""ratingsCount"":1,""checkinCount"":0,""listCount"":0,""watchlistCount"":0,""favoritePeopleCount"":0,""badgesCount"":2,""interestCount"":0",2025-12-28T17:00:39Z
10,ur206427970,https://www.imdb.com/user/ur206427970/?ref_=tturv_usr_1_t,2025-08-03,2,18,"""reviewCount"":2,""ratingsCount"":18,""checkinCount"":0,""listCount"":0,""watchlistCount"":2,""favoritePeopleCount"":0,""badgesCount"":2,""interestCount"":0",2025-08-03T00:40:54Z
10,ur211997325,https://www.imdb.com/user/ur211997325/?ref_=tturv_usr_1_t,2025-12-28,2,12,"""reviewCount"":2,""ratingsCount"":12,""checkinCount"":0,""listCount"":0,""watchlistCount"":6,""favoritePeopleCount"":0,""badgesCount"":2,""interestCount"":0",2025-12-28T17:09:48Z
10,ur201336625,https://www.imdb.com/user/ur201336625/?ref_=tturv_usr_1_t,2025-05-13,2,16,"""reviewCount"":2,""ratingsCount"":16,""checkinCount"":0,""listCount"":0,""watchlistCount"":1,""favoritePeopleCount"":0,""badgesCount"":3,""interestCount"":0",2025-05-13T11:17:20Z
10,ur34089259,https://www.imdb.com/user/ur34089259/?ref_=tturv_usr_1_t,2012-06-01,1,0,"""reviewCount"":1,""ratingsCount"":0,""checkinCount"":0,""listCount"":0,""watchlistCount"":0,""favoritePeopleCount"":0,""badgesCount"":2,""interestCount"":0",2012-06-01T13:51:29Z
10,ur182323067,https://www.imdb.com/user/ur182323067/?ref_=tturv_usr_1_t,2024-05-27,1,463,"""reviewCount"":1,""ratingsCount"":463,""checkinCount"":0,""listCount"":0,""watchlistCount"":49,""favoritePeopleCount"":0,""badgesCount"":2,""interestCount"":0",2024-05-27T15:47:55Z
10,ur211954575,https://www.imdb.com/user/ur211954575/?ref_=tturv_usr_1_t,2025-12-27,1,5,"""reviewCount"":1,""ratingsCount"":5,""checkinCount"":0,""listCount"":0,""watchlistCount"":0,""favoritePeopleCount"":0,""badgesCount"":2,""interestCount"":0",2025-12-27T07:14:49Z
10,ur211998145,https://www.imdb.com/user/ur211998145/?ref_=tturv_usr_1_t,2025-12-28,1,11,"""reviewCount"":1,""ratingsCount"":11,""checkinCount"":0,""listCount"":0,""watchlistCount"":0,""favoritePeopleCount"":0,""badgesCount"":2,""interestCount"":0",2025-12-28T17:15:01Z
10,ur207550188,https://www.imdb.com/user/ur207550188/?ref_=tturv_usr_1_t,2025-08-24,1,18,"""reviewCount"":1,""ratingsCount"":18,""checkinCount"":0,""listCount"":0,""watchlistCount"":0,""favoritePeopleCount"":0,""badgesCount"":2,""interestCount"":0",2025-08-24T18:56:52Z
10,ur190077330,https://www.imdb.com/user/ur190077330/?ref_=tturv_usr_1_t,2024-10-17,1,3,"""reviewCount"":1,""ratingsCount"":3,""checkinCount"":0,""listCount"":0,""watchlistCount"":0,""favoritePeopleCount"":0,""badgesCount"":2,""interestCount"":0",2024-10-17T19:25:39Z
10,ur211997285,https://www.imdb.com/user/ur211997285/?ref_=tturv_usr_1_t,2025-12-28,1,1,"""reviewCount"":1,""ratingsCount"":1,""checkinCount"":0,""listCount"":0,""watchlistCount"":0,""favoritePeopleCount"":0,""badgesCount"":2,""interestCount"":0",2025-12-28T17:06:28Z
10,ur211997191,https://www.imdb.com/user/ur211997191/?ref_=tturv_usr_1_t,2025-12-28,2,4,"""reviewCount"":2,""ratingsCount"":4,""checkinCount"":0,""listCount"":0,""watchlistCount"":0,""favoritePeopleCount"":0,""badgesCount"":2,""interestCount"":0",2025-12-28T16:34:14Z
10,ur109046516,https://www.imdb.com/user/ur109046516/?ref_=tturv_usr_1_t,2019-10-21,1,0,"""reviewCount"":1,""ratingsCount"":0,""checkinCount"":0,""listCount"":0,""watchlistCount"":0,""favoritePeopleCount"":0,""badgesCount"":2,""interestCount"":0",2019-10-21T14:19:29Z
10,ur211996785,https://www.imdb.com/user/ur211996785/?ref_=tturv_usr_1_t,2025-12-28,1,2,"""reviewCount"":1,""ratingsCount"":2,""checkinCount"":0,""listCount"":0,""watchlistCount"":0,""favoritePeopleCount"":0,""badgesCount"":2,""interestCount"":0",2025-12-28T16:58:43Z
10,ur26801157,https://www.imdb.com/user/ur26801157/?ref_=tturv_usr_1_t,2011-07-01,1,0,"""reviewCount"":1,""ratingsCount"":0,""checkinCount"":1,""listCount"":0,""watchlistCount"":0,""favoritePeopleCount"":0,""badgesCount"":2,""interestCount"":0",2011-07-01T17:05:29Z
10,ur164447004,https://www.imdb.com/user/ur164447004/?ref_=tturv_usr_1_t,2023-04-14,2,43,"""reviewCount"":2,""ratingsCount"":43,""checkinCount"":17,""listCount"":3,""watchlistCount"":0,""favoritePeopleCount"":0,""badgesCount"":2,""interestCount"":0",2023-04-14T11:00:09Z
10,ur211997948,https://www.imdb.com/user/ur211997948/?ref_=tturv_usr_1_t,2025-12-28,1,1,"""reviewCount"":1,""ratingsCount"":1,""checkinCount"":0,""listCount"":0,""watchlistCount"":0,""favoritePeopleCount"":0,""badgesCount"":2,""interestCount"":0",2025-12-28T16:47:30Z
10,ur68440176,https://www.imdb.com/user/ur68440176/?ref_=tturv_usr_1_t,2016-08-22,1,0,"""reviewCount"":1,""ratingsCount"":0,""checkinCount"":0,""listCount"":0,""watchlistCount"":0,""favoritePeopleCount"":0,""badgesCount"":3,""interestCount"":0",2016-08-22T05:44:43Z
10,ur211996865,https://www.imdb.com/user/ur211996865/?ref_=tturv_usr_1_t,2025-12-28,1,6,"""reviewCount"":1,""ratingsCount"":6,""checkinCount"":0,""listCount"":0,""watchlistCount"":1,""favoritePeopleCount"":0,""badgesCount"":2,""interestCount"":0",2025-12-28T16:40:33Z
10,ur171429662,https://www.imdb.com/user/ur171429662/?ref_=tturv_usr_1_t,2023-10-13,1,0,"""reviewCount"":1,""ratingsCount"":0,""checkinCount"":0,""listCount"":0,""watchlistCount"":0,""favoritePeopleCount"":0,""badgesCount"":2,""interestCount"":0",2023-10-13T09:29:25Z
10,ur161849041,https://www.imdb.com/user/ur161849041/?ref_=tturv_usr_1_t,2023-02-01,1,0,"""reviewCount"":1,""ratingsCount"":0,""checkinCount"":0,""listCount"":0,""watchlistCount"":0,""favoritePeopleCount"":0,""badgesCount"":2,""interestCount"":0",2023-02-01T13:54:25Z
10,ur164204012,https://www.imdb.com/user/ur164204012/?ref_=tturv_usr_1_t,2023-04-07,1,0,"""reviewCount"":1,""ratingsCount"":0,""checkinCount"":0,""listCount"":0,""watchlistCount"":7,""favoritePeopleCount"":0,""badgesCount"":2,""interestCount"":0",2023-04-07T21:57:48Z
10,ur211997373,https://www.imdb.com/user/ur211997373/?ref_=tturv_usr_1_t,2025-12-28,1,1,"""reviewCount"":1,""ratingsCount"":1,""checkinCount"":0,""listCount"":0,""watchlistCount"":0,""favoritePeopleCount"":0,""badgesCount"":2,""interestCount"":0",2025-12-28T16:34:53Z
10,ur193878106,https://www.imdb.com/user/ur193878106/?ref_=tturv_usr_1_t,2024-12-25,1,108,"""reviewCount"":1,""ratingsCount"":108,""checkinCount"":0,""listCount"":0,""watchlistCount"":50,""favoritePeopleCount"":0,""badgesCount"":2,""interestCount"":0",2024-12-25T15:23:36Z
10,ur211996761,https://www.imdb.com/user/ur211996761/?ref_=tturv_usr_1_t,2025-12-28,1,3,"""reviewCount"":1,""ratingsCount"":3,""checkinCount"":0,""listCount"":0,""watchlistCount"":0,""favoritePeopleCount"":0,""badgesCount"":2,""interestCount"":0",2025-12-28T16:28:40Z
10,ur211990065,https://www.imdb.com/user/ur211990065/?ref_=tturv_usr_1_t,2025-12-28,1,5,"""reviewCount"":1,""ratingsCount"":5,""checkinCount"":0,""listCount"":0,""watchlistCount"":0,""favoritePeopleCount"":0,""badgesCount"":2,""interestCount"":0",2025-12-28T12:50:18Z
10,ur211994556,https://www.imdb.com/user/ur211994556/?ref_=tturv_usr_1_t,2025-12-28,2,4,"""reviewCount"":2,""ratingsCount"":4,""checkinCount"":0,""listCount"":0,""watchlistCount"":0,""favoritePeopleCount"":0,""badgesCount"":2,""interestCount"":0",2025-12-28T16:26:02Z
10,ur211448877,https://www.imdb.com/user/ur211448877/?ref_=tturv_usr_1_t,2025-12-01,1,1,"""reviewCount"":1,""ratingsCount"":1,""checkinCount"":0,""listCount"":0,""watchlistCount"":0,""favoritePeopleCount"":0,""badgesCount"":2,""interestCount"":0",2025-12-01T14:46:01Z
10,ur211996948,https://www.imdb.com/user/ur211996948/?ref_=tturv_usr_1_t,2025-12-28,2,16,"""reviewCount"":2,""ratingsCount"":16,""checkinCount"":0,""listCount"":0,""watchlistCount"":0,""favoritePeopleCount"":0,""badgesCount"":2,""interestCount"":0",2025-12-28T16:14:24Z
10,ur211948396,https://www.imdb.com/user/ur211948396/?ref_=tturv_usr_1_t,2025-12-27,2,10,"""reviewCount"":2,""ratingsCount"":10,""checkinCount"":0,""listCount"":0,""watchlistCount"":0,""favoritePeopleCount"":0,""badgesCount"":2,""interestCount"":0",2025-12-27T01:55:23Z
10,ur37795575,https://www.imdb.com/user/ur37795575/?ref_=tturv_usr_1_t,2012-11-16,1,0,"""reviewCount"":1,""ratingsCount"":0,""checkinCount"":0,""listCount"":0,""watchlistCount"":1,""favoritePeopleCount"":0,""badgesCount"":2,""interestCount"":0",2012-11-16T05:59:31Z
10,ur211938591,https://www.imdb.com/user/ur211938591/?ref_=tturv_usr_1_t,2025-12-26,1,5,"""reviewCount"":1,""ratingsCount"":5,""checkinCount"":0,""listCount"":0,""watchlistCount"":0,""favoritePeopleCount"":0,""badgesCount"":2,""interestCount"":0",2025-12-26T18:25:19Z
10,ur211964381,https://www.imdb.com/user/ur211964381/?ref_=tturv_usr_1_t,2025-12-27,2,7,"""reviewCount"":2,""ratingsCount"":7,""checkinCount"":0,""listCount"":0,""watchlistCount"":1,""favoritePeopleCount"":0,""badgesCount"":2,""interestCount"":0",2025-12-27T16:09:17Z
10,ur211991648,https://www.imdb.com/user/ur211991648/?ref_=tturv_usr_1_t,2025-12-28,1,7,"""reviewCount"":1,""ratingsCount"":7,""checkinCount"":0,""listCount"":0,""watchlistCount"":0,""favoritePeopleCount"":0,""badgesCount"":2,""interestCount"":0",2025-12-28T13:20:11Z
10,ur211993863,https://www.imdb.com/user/ur211993863/?ref_=tturv_usr_1_t,2025-12-28,1,42,"""reviewCount"":1,""ratingsCount"":42,""checkinCount"":0,""listCount"":0,""watchlistCount"":2,""favoritePeopleCount"":0,""badgesCount"":2,""interestCount"":0",2025-12-28T15:04:29Z
10,ur208821995,https://www.imdb.com/user/ur208821995/?ref_=tturv_usr_1_t,2025-09-16,2,5,"""reviewCount"":2,""ratingsCount"":5,""checkinCount"":0,""listCount"":0,""watchlistCount"":0,""favoritePeopleCount"":0,""badgesCount"":2,""interestCount"":0",2025-09-16T00:50:12Z
10,ur211994271,https://www.imdb.com/user/ur211994271/?ref_=tturv_usr_1_t,2025-12-28,2,3,"""reviewCount"":2,""ratingsCount"":3,""checkinCount"":0,""listCount"":0,""watchlistCount"":2,""favoritePeopleCount"":0,""badgesCount"":2,""interestCount"":0",2025-12-28T15:20:08Z
10,ur211940137,https://www.imdb.com/user/ur211940137/?ref_=tturv_usr_1_t,2025-12-26,1,1,"""reviewCount"":1,""ratingsCount"":1,""checkinCount"":0,""listCount"":0,""watchlistCount"":0,""favoritePeopleCount"":0,""badgesCount"":2,""interestCount"":0",2025-12-26T20:12:18Z
10,ur211993235,https://www.imdb.com/user/ur211993235/?ref_=tturv_usr_1_t,2025-12-28,1,2,"""reviewCount"":1,""ratingsCount"":2,""checkinCount"":0,""listCount"":0,""watchlistCount"":0,""favoritePeopleCount"":0,""badgesCount"":2,""interestCount"":0",2025-12-28T15:08:07Z
10,ur211994512,https://www.imdb.com/user/ur211994512/?ref_=tturv_usr_1_t,2025-12-28,1,1,"""reviewCount"":1,""ratingsCount"":1,""checkinCount"":0,""listCount"":0,""watchlistCount"":0,""favoritePeopleCount"":0,""badgesCount"":2,""interestCount"":0",2025-12-28T15:01:39Z
10,ur42979385,https://www.imdb.com/user/ur42979385/?ref_=tturv_usr_1_t,2013-04-26,7,0,"""reviewCount"":7,""ratingsCount"":0,""checkinCount"":0,""listCount"":0,""watchlistCount"":0,""favoritePeopleCount"":0,""badgesCount"":3,""interestCount"":0",2013-04-26T13:55:27Z
10,ur211957241,https://www.imdb.com/user/ur211957241/?ref_=tturv_usr_1_t,2025-12-27,1,2,"""reviewCount"":1,""ratingsCount"":2,""checkinCount"":0,""listCount"":0,""watchlistCount"":0,""favoritePeopleCount"":0,""badgesCount"":2,""interestCount"":0",2025-12-27T09:56:50Z
10,ur211983546,https://www.imdb.com/user/ur211983546/?ref_=tturv_usr_1_t,2025-12-28,1,4,"""reviewCount"":1,""ratingsCount"":4,""checkinCount"":0,""listCount"":0,""watchlistCount"":1,""favoritePeopleCount"":0,""badgesCount"":2,""interestCount"":0",2025-12-28T08:09:50Z
10,ur185911824,https://www.imdb.com/user/ur185911824/?ref_=tturv_usr_1_t,2024-07-31,7,31,"""reviewCount"":7,""ratingsCount"":31,""checkinCount"":0,""listCount"":0,""watchlistCount"":3,""favoritePeopleCount"":0,""badgesCount"":4,""interestCount"":0",2024-07-31T23:32:56Z
10,ur211985272,https://www.imdb.com/user/ur211985272/?ref_=tturv_usr_1_t,2025-12-28,1,21,"""reviewCount"":1,""ratingsCount"":21,""checkinCount"":0,""listCount"":0,""watchlistCount"":1,""favoritePeopleCount"":0,""badgesCount"":2,""interestCount"":0",2025-12-28T08:56:00Z
10,ur211992666,https://www.imdb.com/user/ur211992666/?ref_=tturv_usr_1_t,2025-12-28,1,1,"""reviewCount"":1,""ratingsCount"":1,""checkinCount"":0,""listCount"":0,""watchlistCount"":0,""favoritePeopleCount"":0,""badgesCount"":2,""interestCount"":0",2025-12-28T14:41:09Z
10,ur211992178,https://www.imdb.com/user/ur211992178/?ref_=tturv_usr_1_t,2025-12-28,1,2,"""reviewCount"":1,""ratingsCount"":2,""checkinCount"":0,""listCount"":0,""watchlistCount"":0,""favoritePeopleCount"":0,""badgesCount"":2,""interestCount"":0",2025-12-28T13:34:30Z
10,ur211993819,https://www.imdb.com/user/ur211993819/?ref_=tturv_usr_1_t,2025-12-28,1,1,"""reviewCount"":1,""ratingsCount"":1,""checkinCount"":0,""listCount"":0,""watchlistCount"":0,""favoritePeopleCount"":0,""badgesCount"":2,""interestCount"":0",2025-12-28T14:38:16Z
10,ur60163795,https://www.imdb.com/user/ur60163795/?ref_=tturv_usr_1_t,2015-05-01,1,0,"""reviewCount"":1,""ratingsCount"":0,""checkinCount"":0,""listCount"":0,""watchlistCount"":0,""favoritePeopleCount"":0,""badgesCount"":2,""interestCount"":0",2015-05-01T18:15:52Z
10,ur211990227,https://www.imdb.com/user/ur211990227/?ref_=tturv_usr_1_t,2025-12-28,1,1,"""reviewCount"":1,""ratingsCount"":1,""checkinCount"":0,""listCount"":0,""watchlistCount"":0,""favoritePeopleCount"":0,""badgesCount"":2,""interestCount"":0",2025-12-28T14:29:16Z
10,ur211993259,https://www.imdb.com/user/ur211993259/?ref_=tturv_usr_1_t,2025-12-28,2,3,"""reviewCount"":2,""ratingsCount"":3,""checkinCount"":0,""listCount"":0,""watchlistCount"":0,""favoritePeopleCount"":0,""badgesCount"":2,""interestCount"":0",2025-12-28T14:23:39Z
10,ur191895683,https://www.imdb.com/user/ur191895683/?ref_=tturv_usr_1_t,2024-11-20,2,89,"""reviewCount"":2,""ratingsCount"":89,""checkinCount"":0,""listCount"":0,""watchlistCount"":2,""favoritePeopleCount"":0,""badgesCount"":2,""interestCount"":0",2024-11-20T14:38:00Z
10,ur211986411,https://www.imdb.com/user/ur211986411/?ref_=tturv_usr_1_t,2025-12-28,1,6,"""reviewCount"":1,""ratingsCount"":6,""checkinCount"":0,""listCount"":0,""watchlistCount"":0,""favoritePeopleCount"":0,""badgesCount"":2,""interestCount"":0",2025-12-28T09:38:20Z
10,ur210120829,https://www.imdb.com/user/ur210120829/?ref_=tturv_usr_1_t,2025-10-07,1,70,"""reviewCount"":1,""ratingsCount"":70,""checkinCount"":0,""listCount"":0,""watchlistCount"":1,""favoritePeopleCount"":0,""badgesCount"":2,""interestCount"":0",2025-10-07T10:43:06Z
10,ur211993128,https://www.imdb.com/user/ur211993128/?ref_=tturv_usr_1_t,2025-12-28,2,2,"""reviewCount"":2,""ratingsCount"":2,""checkinCount"":0,""listCount"":0,""watchlistCount"":0,""favoritePeopleCount"":0,""badgesCount"":2,""interestCount"":0",2025-12-28T14:09:39Z
10,ur162574610,https://www.imdb.com/user/ur162574610/?ref_=tturv_usr_1_t,2023-02-21,1,0,"""reviewCount"":1,""ratingsCount"":0,""checkinCount"":0,""listCount"":0,""watchlistCount"":0,""favoritePeopleCount"":0,""badgesCount"":2,""interestCount"":0",2023-02-21T13:57:21Z
10,ur206518257,https://www.imdb.com/user/ur206518257/?ref_=tturv_usr_1_t,2025-08-04,2,65,"""reviewCount"":2,""ratingsCount"":65,""checkinCount"":0,""listCount"":0,""watchlistCount"":14,""favoritePeopleCount"":0,""badgesCount"":2,""interestCount"":0",2025-08-04T18:16:46Z
10,ur211991285,https://www.imdb.com/user/ur211991285/?ref_=tturv_usr_1_t,2025-12-28,2,2,"""reviewCount"":2,""ratingsCount"":2,""checkinCount"":0,""listCount"":0,""watchlistCount"":0,""favoritePeopleCount"":0,""badgesCount"":2,""interestCount"":0",2025-12-28T14:01:55Z
10,ur211980506,https://www.imdb.com/user/ur211980506/?ref_=tturv_usr_1_t,2025-12-28,1,9,"""reviewCount"":1,""ratingsCount"":9,""checkinCount"":0,""listCount"":0,""watchlistCount"":0,""favoritePeopleCount"":0,""badgesCount"":2,""interestCount"":0",2025-12-28T06:09:04Z
10,ur211991285,https://www.imdb.com/user/ur211991285/?ref_=tturv_usr_1_t,2025-12-28,2,2,"""reviewCount"":2,""ratingsCount"":2,""checkinCount"":0,""listCount"":0,""watchlistCount"":0,""favoritePeopleCount"":0,""badgesCount"":2,""interestCount"":0",2025-12-28T14:01:55Z
10,ur211992231,https://www.imdb.com/user/ur211992231/?ref_=tturv_usr_1_t,2025-12-28,2,43,"""reviewCount"":2,""ratingsCount"":43,""checkinCount"":0,""listCount"":0,""watchlistCount"":0,""favoritePeopleCount"":0,""badgesCount"":2,""interestCount"":0",2025-12-28T13:59:49Z
10,ur203922272,https://www.imdb.com/user/ur203922272/?ref_=tturv_usr_1_t,2025-06-15,1,12,"""reviewCount"":1,""ratingsCount"":12,""checkinCount"":0,""listCount"":0,""watchlistCount"":8,""favoritePeopleCount"":0,""badgesCount"":2,""interestCount"":0",2025-06-15T21:30:59Z
10,ur211936751,https://www.imdb.com/user/ur211936751/?ref_=tturv_usr_1_t,2025-12-26,1,16,"""reviewCount"":1,""ratingsCount"":16,""checkinCount"":0,""listCount"":0,""watchlistCount"":0,""favoritePeopleCount"":0,""badgesCount"":2,""interestCount"":0",2025-12-26T17:31:02Z
10,ur211992052,https://www.imdb.com/user/ur211992052/?ref_=tturv_usr_1_t,2025-12-28,1,2,"""reviewCount"":1,""ratingsCount"":2,""checkinCount"":0,""listCount"":0,""watchlistCount"":0,""favoritePeopleCount"":0,""badgesCount"":2,""interestCount"":0",2025-12-28T13:43:18Z
10,ur186142346,https://www.imdb.com/user/ur186142346/?ref_=tturv_usr_1_t,2024-08-05,1,2,"""reviewCount"":1,""ratingsCount"":2,""checkinCount"":0,""listCount"":0,""watchlistCount"":0,""favoritePeopleCount"":0,""badgesCount"":2,""interestCount"":0",2024-08-05T10:55:12Z
10,ur211990487,https://www.imdb.com/user/ur211990487/?ref_=tturv_usr_1_t,2025-12-28,1,3,"""reviewCount"":1,""ratingsCount"":3,""checkinCount"":0,""listCount"":0,""watchlistCount"":0,""favoritePeopleCount"":0,""badgesCount"":2,""interestCount"":0",2025-12-28T13:31:53Z
10,ur211991081,https://www.imdb.com/user/ur211991081/?ref_=tturv_usr_1_t,2025-12-28,1,4,"""reviewCount"":1,""ratingsCount"":4,""checkinCount"":0,""listCount"":0,""watchlistCount"":0,""favoritePeopleCount"":0,""badgesCount"":2,""interestCount"":0",2025-12-28T13:30:02Z
10,ur211991552,https://www.imdb.com/user/ur211991552/?ref_=tturv_usr_1_t,2025-12-28,1,43,"""reviewCount"":1,""ratingsCount"":43,""checkinCount"":0,""listCount"":0,""watchlistCount"":0,""favoritePeopleCount"":0,""badgesCount"":2,""interestCount"":0",2025-12-28T13:16:56Z
10,ur211991798,https://www.imdb.com/user/ur211991798/?ref_=tturv_usr_1_t,2025-12-28,3,8,"""reviewCount"":3,""ratingsCount"":8,""checkinCount"":0,""listCount"":0,""watchlistCount"":0,""favoritePeopleCount"":0,""badgesCount"":2,""interestCount"":0",2025-12-28T13:24:04Z
10,ur211990606,https://www.imdb.com/user/ur211990606/?ref_=tturv_usr_1_t,2025-12-28,1,1,"""reviewCount"":1,""ratingsCount"":1,""checkinCount"":0,""listCount"":0,""watchlistCount"":0,""favoritePeopleCount"":0,""badgesCount"":2,""interestCount"":0",2025-12-28T13:23:30Z
10,ur211946219,https://www.imdb.com/user/ur211946219/?ref_=tturv_usr_1_t,2025-12-26,4,56,"""reviewCount"":4,""ratingsCount"":56,""checkinCount"":0,""listCount"":0,""watchlistCount"":0,""favoritePeopleCount"":0,""badgesCount"":2,""interestCount"":0",2025-12-26T23:29:50Z
10,ur150194760,https://www.imdb.com/user/ur150194760/?ref_=tturv_usr_1_t,2022-02-23,1,0,"""reviewCount"":1,""ratingsCount"":0,""checkinCount"":0,""listCount"":0,""watchlistCount"":0,""favoritePeopleCount"":0,""badgesCount"":2,""interestCount"":0",2022-02-23T21:20:22Z
10,ur196203815,https://www.imdb.com/user/ur196203815/?ref_=tturv_usr_1_t,2025-02-02,1,42,"""reviewCount"":1,""ratingsCount"":42,""checkinCount"":0,""listCount"":0,""watchlistCount"":1,""favoritePeopleCount"":0,""badgesCount"":2,""interestCount"":0",2025-02-02T16:56:08Z
10,ur211989322,https://www.imdb.com/user/ur211989322/?ref_=tturv_usr_1_t,2025-12-28,1,1,"""reviewCount"":1,""ratingsCount"":1,""checkinCount"":0,""listCount"":0,""watchlistCount"":0,""favoritePeopleCount"":0,""badgesCount"":2,""interestCount"":0",2025-12-28T13:09:06Z
10,ur211965731,https://www.imdb.com/user/ur211965731/?ref_=tturv_usr_1_t,2025-12-27,1,1,"""reviewCount"":1,""ratingsCount"":1,""checkinCount"":0,""listCount"":0,""watchlistCount"":0,""favoritePeopleCount"":0,""badgesCount"":2,""interestCount"":0",2025-12-27T17:14:04Z
10,ur189941869,https://www.imdb.com/user/ur189941869/?ref_=tturv_usr_1_t,2024-10-15,47,790,"""reviewCount"":47,""ratingsCount"":790,""checkinCount"":0,""listCount"":0,""watchlistCount"":1076,""favoritePeopleCount"":0,""badgesCount"":2,""interestCount"":0",2024-10-15T16:42:30Z
10,ur211990829,https://www.imdb.com/user/ur211990829/?ref_=tturv_usr_1_t,2025-12-28,1,10,"""reviewCount"":1,""ratingsCount"":10,""checkinCount"":0,""listCount"":0,""watchlistCount"":1,""favoritePeopleCount"":0,""badgesCount"":2,""interestCount"":0",2025-12-28T12:43:51Z
10,ur211989423,https://www.imdb.com/user/ur211989423/?ref_=tturv_usr_1_t,2025-12-28,1,43,"""reviewCount"":1,""ratingsCount"":43,""checkinCount"":0,""listCount"":0,""watchlistCount"":0,""favoritePeopleCount"":0,""badgesCount"":2,""interestCount"":0",2025-12-28T12:32:24Z
10,ur211990251,https://www.imdb.com/user/ur211990251/?ref_=tturv_usr_1_t,2025-12-28,2,3,"""reviewCount"":2,""ratingsCount"":3,""checkinCount"":0,""listCount"":0,""watchlistCount"":0,""favoritePeopleCount"":0,""badgesCount"":2,""interestCount"":0",2025-12-28T12:42:38Z
10,ur211988587,https://www.imdb.com/user/ur211988587/?ref_=tturv_usr_1_t,2025-12-28,1,48,"""reviewCount"":1,""ratingsCount"":48,""checkinCount"":0,""listCount"":0,""watchlistCount"":0,""favoritePeopleCount"":0,""badgesCount"":2,""interestCount"":0",2025-12-28T12:39:46Z
10,ur208351465,https://www.imdb.com/user/ur208351465/?ref_=tturv_usr_1_t,2025-09-08,1,19,"""reviewCount"":1,""ratingsCount"":19,""checkinCount"":0,""listCount"":0,""watchlistCount"":0,""favoritePeopleCount"":0,""badgesCount"":2,""interestCount"":0",2025-09-08T13:04:28Z
10,ur211989852,https://www.imdb.com/user/ur211989852/?ref_=tturv_usr_1_t,2025-12-28,1,3,"""reviewCount"":1,""ratingsCount"":3,""checkinCount"":0,""listCount"":0,""watchlistCount"":0,""favoritePeopleCount"":0,""badgesCount"":2,""interestCount"":0",2025-12-28T12:24:00Z
10,ur211392618,https://www.imdb.com/user/ur211392618/?ref_=tturv_usr_1_t,2025-11-28,1,42,"""reviewCount"":1,""ratingsCount"":42,""checkinCount"":0,""listCount"":0,""watchlistCount"":0,""favoritePeopleCount"":0,""badgesCount"":2,""interestCount"":0",2025-11-28T06:27:57Z
10,ur211988445,https://www.imdb.com/user/ur211988445/?ref_=tturv_usr_1_t,2025-12-28,1,4,"""reviewCount"":1,""ratingsCount"":4,""checkinCount"":0,""listCount"":0,""watchlistCount"":0,""favoritePeopleCount"":0,""badgesCount"":2,""interestCount"":0",2025-12-28T12:09:14Z
10,ur186047296,https://www.imdb.com/user/ur186047296/?ref_=tturv_usr_1_t,2024-08-03,1,89,"""reviewCount"":1,""ratingsCount"":89,""checkinCount"":0,""listCount"":0,""watchlistCount"":0,""favoritePeopleCount"":0,""badgesCount"":2,""interestCount"":0",2024-08-03T16:44:11Z
10,ur211988024,https://www.imdb.com/user/ur211988024/?ref_=tturv_usr_1_t,2025-12-28,1,3,"""reviewCount"":1,""ratingsCount"":3,""checkinCount"":0,""listCount"":0,""watchlistCount"":1,""favoritePeopleCount"":0,""badgesCount"":2,""interestCount"":0",2025-12-28T11:41:42Z
10,ur211957487,https://www.imdb.com/user/ur211957487/?ref_=tturv_usr_1_t,2025-12-27,1,4,"""reviewCount"":1,""ratingsCount"":4,""checkinCount"":0,""listCount"":0,""watchlistCount"":0,""favoritePeopleCount"":0,""badgesCount"":2,""interestCount"":0",2025-12-27T11:12:34Z
10,ur211989112,https://www.imdb.com/user/ur211989112/?ref_=tturv_usr_1_t,2025-12-28,1,5,"""reviewCount"":1,""ratingsCount"":5,""checkinCount"":0,""listCount"":0,""watchlistCount"":0,""favoritePeopleCount"":0,""badgesCount"":2,""interestCount"":0",2025-12-28T11:54:53Z
10,ur211963241,https://www.imdb.com/user/ur211963241/?ref_=tturv_usr_1_t,2025-12-27,1,32,"""reviewCount"":1,""ratingsCount"":32,""checkinCount"":0,""listCount"":0,""watchlistCount"":0,""favoritePeopleCount"":0,""badgesCount"":2,""interestCount"":0",2025-12-27T15:31:24Z
10,ur211697362,https://www.imdb.com/user/ur211697362/?ref_=tturv_usr_1_t,2025-12-14,2,20,"""reviewCount"":2,""ratingsCount"":20,""checkinCount"":0,""listCount"":0,""watchlistCount"":17,""favoritePeopleCount"":0,""badgesCount"":2,""interestCount"":0",2025-12-14T20:00:19Z
10,ur211987226,https://www.imdb.com/user/ur211987226/?ref_=tturv_usr_1_t,2025-12-28,3,3,"""reviewCount"":3,""ratingsCount"":3,""checkinCount"":0,""listCount"":0,""watchlistCount"":0,""favoritePeopleCount"":0,""badgesCount"":2,""interestCount"":0",2025-12-28T11:32:17Z
10,ur200675488,https://www.imdb.com/user/ur200675488/?ref_=tturv_usr_1_t,2025-04-29,1,37,"""reviewCount"":1,""ratingsCount"":37,""checkinCount"":0,""listCount"":0,""watchlistCount"":19,""favoritePeopleCount"":0,""badgesCount"":2,""interestCount"":0",2025-04-29T15:24:53Z
10,ur187916262,https://www.imdb.com/user/ur187916262/?ref_=tturv_usr_1_t,2024-09-07,1,6,"""reviewCount"":1,""ratingsCount"":6,""checkinCount"":0,""listCount"":0,""watchlistCount"":0,""favoritePeopleCount"":0,""badgesCount"":2,""interestCount"":0",2024-09-07T05:36:18Z
10,ur211988046,https://www.imdb.com/user/ur211988046/?ref_=tturv_usr_1_t,2025-12-28,2,2,"""reviewCount"":2,""ratingsCount"":2,""checkinCount"":0,""listCount"":0,""watchlistCount"":1,""favoritePeopleCount"":0,""badgesCount"":2,""interestCount"":0",2025-12-28T11:34:23Z
10,ur211988211,https://www.imdb.com/user/ur211988211/?ref_=tturv_usr_1_t,2025-12-28,4,17,"""reviewCount"":4,""ratingsCount"":17,""checkinCount"":0,""listCount"":0,""watchlistCount"":0,""favoritePeopleCount"":0,""badgesCount"":2,""interestCount"":0",2025-12-28T11:34:08Z
10,ur205859662,https://www.imdb.com/user/ur205859662/?ref_=tturv_usr_1_t,2025-07-24,1,45,"""reviewCount"":1,""ratingsCount"":45,""checkinCount"":0,""listCount"":0,""watchlistCount"":21,""favoritePeopleCount"":0,""badgesCount"":2,""interestCount"":0",2025-07-24T10:04:43Z
10,ur211988598,https://www.imdb.com/user/ur211988598/?ref_=tturv_usr_1_t,2025-12-28,1,9,"""reviewCount"":1,""ratingsCount"":9,""checkinCount"":0,""listCount"":0,""watchlistCount"":0,""favoritePeopleCount"":0,""badgesCount"":2,""interestCount"":0",2025-12-28T11:08:30Z
10,ur200127367,https://www.imdb.com/user/ur200127367/?ref_=tturv_usr_1_t,2025-04-18,1,8,"""reviewCount"":1,""ratingsCount"":8,""checkinCount"":0,""listCount"":0,""watchlistCount"":0,""favoritePeopleCount"":0,""badgesCount"":2,""interestCount"":0",2025-04-18T06:07:56Z
10,ur165211569,https://www.imdb.com/user/ur165211569/?ref_=tturv_usr_1_t,2023-05-06,1,0,"""reviewCount"":1,""ratingsCount"":0,""checkinCount"":0,""listCount"":0,""watchlistCount"":0,""favoritePeopleCount"":0,""badgesCount"":2,""interestCount"":0",2023-05-06T17:59:37Z
10,ur211987849,https://www.imdb.com/user/ur211987849/?ref_=tturv_usr_1_t,2025-12-28,1,1,"""reviewCount"":1,""ratingsCount"":1,""checkinCount"":0,""listCount"":0,""watchlistCount"":0,""favoritePeopleCount"":0,""badgesCount"":2,""interestCount"":0",2025-12-28T10:38:13Z
10,ur211987254,https://www.imdb.com/user/ur211987254/?ref_=tturv_usr_1_t,2025-12-28,1,8,"""reviewCount"":1,""ratingsCount"":8,""checkinCount"":0,""listCount"":0,""watchlistCount"":0,""favoritePeopleCount"":0,""badgesCount"":2,""interestCount"":0",2025-12-28T10:35:18Z
10,ur210021727,https://www.imdb.com/user/ur210021727/?ref_=tturv_usr_1_t,2025-10-05,2,3,"""reviewCount"":2,""ratingsCount"":3,""checkinCount"":0,""listCount"":0,""watchlistCount"":0,""favoritePeopleCount"":0,""badgesCount"":2,""interestCount"":0",2025-10-05T17:40:51Z
10,ur185118529,https://www.imdb.com/user/ur185118529/?ref_=tturv_usr_1_t,2024-07-17,1,2,"""reviewCount"":1,""ratingsCount"":2,""checkinCount"":0,""listCount"":0,""watchlistCount"":0,""favoritePeopleCount"":0,""badgesCount"":2,""interestCount"":0",2024-07-17T09:31:54Z
10,ur51592718,https://www.imdb.com/user/ur51592718/?ref_=tturv_usr_1_t,2014-03-24,3,0,"""reviewCount"":3,""ratingsCount"":0,""checkinCount"":0,""listCount"":0,""watchlistCount"":0,""favoritePeopleCount"":0,""badgesCount"":2,""interestCount"":0",2014-03-24T14:00:50Z
10,ur211985907,https://www.imdb.com/user/ur211985907/?ref_=tturv_usr_1_t,2025-12-28,2,4,"""reviewCount"":2,""ratingsCount"":4,""checkinCount"":0,""listCount"":0,""watchlistCount"":0,""favoritePeopleCount"":0,""badgesCount"":2,""interestCount"":0",2025-12-28T10:18:09Z
10,ur211985066,https://www.imdb.com/user/ur211985066/?ref_=tturv_usr_1_t,2025-12-28,1,3,"""reviewCount"":1,""ratingsCount"":3,""checkinCount"":0,""listCount"":0,""watchlistCount"":0,""favoritePeopleCount"":0,""badgesCount"":2,""interestCount"":0",2025-12-28T09:53:15Z
10,ur128455463,https://www.imdb.com/user/ur128455463/?ref_=tturv_usr_1_t,2021-01-17,1,0,"""reviewCount"":1,""ratingsCount"":0,""checkinCount"":0,""listCount"":0,""watchlistCount"":0,""favoritePeopleCount"":0,""badgesCount"":2,""interestCount"":0",2021-01-17T16:11:25Z
10,ur211986521,https://www.imdb.com/user/ur211986521/?ref_=tturv_usr_1_t,2025-12-28,1,1,"""reviewCount"":1,""ratingsCount"":1,""checkinCount"":0,""listCount"":0,""watchlistCount"":0,""favoritePeopleCount"":0,""badgesCount"":2,""interestCount"":0",2025-12-28T09:48:26Z
10,ur211197567,https://www.imdb.com/user/ur211197567/?ref_=tturv_usr_1_t,2025-11-17,2,2,"""reviewCount"":2,""ratingsCount"":2,""checkinCount"":0,""listCount"":0,""watchlistCount"":0,""favoritePeopleCount"":0,""badgesCount"":2,""interestCount"":0",2025-11-17T10:18:11Z
10,ur62402560,https://www.imdb.com/user/ur62402560/?ref_=tturv_usr_1_t,2015-08-31,1,0,"""reviewCount"":1,""ratingsCount"":0,""checkinCount"":0,""listCount"":0,""watchlistCount"":0,""favoritePeopleCount"":0,""badgesCount"":2,""interestCount"":0",2015-08-31T22:07:52Z
10,ur193035805,https://www.imdb.com/user/ur193035805/?ref_=tturv_usr_1_t,2024-12-11,1,11,"""reviewCount"":1,""ratingsCount"":11,""checkinCount"":0,""listCount"":0,""watchlistCount"":0,""favoritePeopleCount"":0,""badgesCount"":2,""interestCount"":0",2024-12-11T04:12:23Z
10,ur211984832,https://www.imdb.com/user/ur211984832/?ref_=tturv_usr_1_t,2025-12-28,1,2,"""reviewCount"":1,""ratingsCount"":2,""checkinCount"":0,""listCount"":0,""watchlistCount"":0,""favoritePeopleCount"":0,""badgesCount"":2,""interestCount"":0",2025-12-28T09:09:01Z
10,ur204560184,https://www.imdb.com/user/ur204560184/?ref_=tturv_usr_1_t,2025-06-30,1,8,"""reviewCount"":1,""ratingsCount"":8,""checkinCount"":0,""listCount"":0,""watchlistCount"":0,""favoritePeopleCount"":0,""badgesCount"":2,""interestCount"":0",2025-06-30T07:44:42Z
10,ur211984873,https://www.imdb.com/user/ur211984873/?ref_=tturv_usr_1_t,2025-12-28,1,4,"""reviewCount"":1,""ratingsCount"":4,""checkinCount"":0,""listCount"":0,""watchlistCount"":0,""favoritePeopleCount"":0,""badgesCount"":2,""interestCount"":0",2025-12-28T08:51:50Z
10,ur211983844,https://www.imdb.com/user/ur211983844/?ref_=tturv_usr_1_t,2025-12-28,1,1,"""reviewCount"":1,""ratingsCount"":1,""checkinCount"":0,""listCount"":0,""watchlistCount"":0,""favoritePeopleCount"":0,""badgesCount"":2,""interestCount"":0",2025-12-28T08:28:44Z
10,ur211983627,https://www.imdb.com/user/ur211983627/?ref_=tturv_usr_1_t,2025-12-28,1,9,"""reviewCount"":1,""ratingsCount"":9,""checkinCount"":0,""listCount"":0,""watchlistCount"":0,""favoritePeopleCount"":0,""badgesCount"":2,""interestCount"":0",2025-12-28T08:27:09Z
10,ur211952534,https://www.imdb.com/user/ur211952534/?ref_=tturv_usr_1_t,2025-12-27,1,8,"""reviewCount"":1,""ratingsCount"":8,""checkinCount"":0,""listCount"":0,""watchlistCount"":0,""favoritePeopleCount"":0,""badgesCount"":2,""interestCount"":0",2025-12-27T06:10:27Z
10,ur211981639,https://www.imdb.com/user/ur211981639/?ref_=tturv_usr_1_t,2025-12-28,1,3,"""reviewCount"":1,""ratingsCount"":3,""checkinCount"":0,""listCount"":0,""watchlistCount"":0,""favoritePeopleCount"":0,""badgesCount"":2,""interestCount"":0",2025-12-28T05:02:00Z
10,ur211984011,https://www.imdb.com/user/ur211984011/?ref_=tturv_usr_1_t,2025-12-28,1,1,"""reviewCount"":1,""ratingsCount"":1,""checkinCount"":0,""listCount"":0,""watchlistCount"":0,""favoritePeopleCount"":0,""badgesCount"":2,""interestCount"":0",2025-12-28T07:37:35Z
10,ur133195882,https://www.imdb.com/user/ur133195882/?ref_=tturv_usr_1_t,2021-05-31,2,0,"""reviewCount"":2,""ratingsCount"":0,""checkinCount"":0,""listCount"":0,""watchlistCount"":0,""favoritePeopleCount"":0,""badgesCount"":2,""interestCount"":0",2021-05-31T18:37:11Z
10,ur193986925,https://www.imdb.com/user/ur193986925/?ref_=tturv_usr_1_t,2024-12-27,1,7,"""reviewCount"":1,""ratingsCount"":7,""checkinCount"":0,""listCount"":0,""watchlistCount"":0,""favoritePeopleCount"":0,""badgesCount"":2,""interestCount"":0",2024-12-27T09:39:22Z
10,ur161040035,https://www.imdb.com/user/ur161040035/?ref_=tturv_usr_1_t,2023-01-12,1,0,"""reviewCount"":1,""ratingsCount"":0,""checkinCount"":0,""listCount"":0,""watchlistCount"":1,""favoritePeopleCount"":0,""badgesCount"":2,""interestCount"":0",2023-01-12T13:00:57Z
10,ur161322479,https://www.imdb.com/user/ur161322479/?ref_=tturv_usr_1_t,2023-01-20,1,0,"""reviewCount"":1,""ratingsCount"":0,""checkinCount"":0,""listCount"":0,""watchlistCount"":0,""favoritePeopleCount"":0,""badgesCount"":2,""interestCount"":0",2023-01-20T01:13:29Z
10,ur211982655,https://www.imdb.com/user/ur211982655/?ref_=tturv_usr_1_t,2025-12-28,1,1,"""reviewCount"":1,""ratingsCount"":1,""checkinCount"":0,""listCount"":0,""watchlistCount"":0,""favoritePeopleCount"":0,""badgesCount"":2,""interestCount"":0",2025-12-28T07:06:28Z
10,ur201242153,https://www.imdb.com/user/ur201242153/?ref_=tturv_usr_1_t,2025-05-11,2,3,"""reviewCount"":2,""ratingsCount"":3,""checkinCount"":0,""listCount"":0,""watchlistCount"":0,""favoritePeopleCount"":0,""badgesCount"":2,""interestCount"":0",2025-05-11T12:36:17Z
10,ur211982332,https://www.imdb.com/user/ur211982332/?ref_=tturv_usr_1_t,2025-12-28,1,2,"""reviewCount"":1,""ratingsCount"":2,""checkinCount"":0,""listCount"":0,""watchlistCount"":0,""favoritePeopleCount"":0,""badgesCount"":2,""interestCount"":0",2025-12-28T06:47:03Z
10,ur201174861,https://www.imdb.com/user/ur201174861/?ref_=tturv_usr_1_t,2025-05-10,1,3,"""reviewCount"":1,""ratingsCount"":3,""checkinCount"":0,""listCount"":0,""watchlistCount"":0,""favoritePeopleCount"":0,""badgesCount"":2,""interestCount"":0",2025-05-10T06:02:17Z
10,ur211982670,https://www.imdb.com/user/ur211982670/?ref_=tturv_usr_1_t,2025-12-28,3,4,"""reviewCount"":3,""ratingsCount"":4,""checkinCount"":0,""listCount"":0,""watchlistCount"":0,""favoritePeopleCount"":0,""badgesCount"":2,""interestCount"":0",2025-12-28T06:23:00Z
10,ur211982361,https://www.imdb.com/user/ur211982361/?ref_=tturv_usr_1_t,2025-12-28,1,1,"""reviewCount"":1,""ratingsCount"":1,""checkinCount"":0,""listCount"":0,""watchlistCount"":1,""favoritePeopleCount"":0,""badgesCount"":2,""interestCount"":0",2025-12-28T05:59:51Z
10,ur189342155,https://www.imdb.com/user/ur189342155/?ref_=tturv_usr_1_t,2024-10-04,1,9,"""reviewCount"":1,""ratingsCount"":9,""checkinCount"":0,""listCount"":0,""watchlistCount"":0,""favoritePeopleCount"":0,""badgesCount"":2,""interestCount"":0",2024-10-04T08:34:25Z
10,ur211964890,https://www.imdb.com/user/ur211964890/?ref_=tturv_usr_1_t,2025-12-27,1,6,"""reviewCount"":1,""ratingsCount"":6,""checkinCount"":0,""listCount"":0,""watchlistCount"":0,""favoritePeopleCount"":0,""badgesCount"":2,""interestCount"":0",2025-12-27T16:23:35Z
10,ur211980905,https://www.imdb.com/user/ur211980905/?ref_=tturv_usr_1_t,2025-12-28,1,3,"""reviewCount"":1,""ratingsCount"":3,""checkinCount"":0,""listCount"":0,""watchlistCount"":0,""favoritePeopleCount"":0,""badgesCount"":2,""interestCount"":0",2025-12-28T05:48:58Z
10,ur211981858,https://www.imdb.com/user/ur211981858/?ref_=tturv_usr_1_t,2025-12-28,1,6,"""reviewCount"":1,""ratingsCount"":6,""checkinCount"":0,""listCount"":0,""watchlistCount"":0,""favoritePeopleCount"":0,""badgesCount"":2,""interestCount"":0",2025-12-28T05:14:32Z
10,ur211981502,https://www.imdb.com/user/ur211981502/?ref_=tturv_usr_1_t,2025-12-28,2,5,"""reviewCount"":2,""ratingsCount"":5,""checkinCount"":0,""listCount"":0,""watchlistCount"":0,""favoritePeopleCount"":0,""badgesCount"":2,""interestCount"":0",2025-12-28T05:36:04Z
10,ur211936270,https://www.imdb.com/user/ur211936270/?ref_=tturv_usr_1_t,2025-12-26,1,1,"""reviewCount"":1,""ratingsCount"":1,""checkinCount"":0,""listCount"":0,""watchlistCount"":0,""favoritePeopleCount"":0,""badgesCount"":2,""interestCount"":0",2025-12-26T16:30:07Z
10,ur211979817,https://www.imdb.com/user/ur211979817/?ref_=tturv_usr_1_t,2025-12-28,2,3,"""reviewCount"":2,""ratingsCount"":3,""checkinCount"":0,""listCount"":0,""watchlistCount"":0,""favoritePeopleCount"":0,""badgesCount"":2,""interestCount"":0",2025-12-28T05:12:00Z
10,ur211948384,https://www.imdb.com/user/ur211948384/?ref_=tturv_usr_1_t,2025-12-27,1,9,"""reviewCount"":1,""ratingsCount"":9,""checkinCount"":0,""listCount"":0,""watchlistCount"":0,""favoritePeopleCount"":0,""badgesCount"":2,""interestCount"":0",2025-12-27T02:09:51Z
10,ur211981046,https://www.imdb.com/user/ur211981046/?ref_=tturv_usr_1_t,2025-12-28,1,3,"""reviewCount"":1,""ratingsCount"":3,""checkinCount"":0,""listCount"":0,""watchlistCount"":0,""favoritePeopleCount"":0,""badgesCount"":2,""interestCount"":0",2025-12-28T05:04:44Z
10,ur117876083,https://www.imdb.com/user/ur117876083/?ref_=tturv_usr_1_t,2020-05-05,1,0,"""reviewCount"":1,""ratingsCount"":0,""checkinCount"":0,""listCount"":0,""watchlistCount"":0,""favoritePeopleCount"":0,""badgesCount"":2,""interestCount"":0",2020-05-05T02:58:57Z
10,ur211980839,https://www.imdb.com/user/ur211980839/?ref_=tturv_usr_1_t,2025-12-28,1,8,"""reviewCount"":1,""ratingsCount"":8,""checkinCount"":0,""listCount"":0,""watchlistCount"":0,""favoritePeopleCount"":0,""badgesCount"":2,""interestCount"":0",2025-12-28T04:24:58Z
10,ur47797347,https://www.imdb.com/user/ur47797347/?ref_=tturv_usr_1_t,2013-11-03,1,1,"""reviewCount"":1,""ratingsCount"":1,""checkinCount"":0,""listCount"":0,""watchlistCount"":0,""favoritePeopleCount"":0,""badgesCount"":7,""interestCount"":0",2013-11-03T11:48:17Z
10,ur211941593,https://www.imdb.com/user/ur211941593/?ref_=tturv_usr_1_t,2025-12-26,2,2,"""reviewCount"":2,""ratingsCount"":2,""checkinCount"":0,""listCount"":0,""watchlistCount"":0,""favoritePeopleCount"":0,""badgesCount"":2,""interestCount"":0",2025-12-26T20:57:05Z
10,ur211980181,https://www.imdb.com/user/ur211980181/?ref_=tturv_usr_1_t,2025-12-28,1,43,"""reviewCount"":1,""ratingsCount"":43,""checkinCount"":0,""listCount"":0,""watchlistCount"":0,""favoritePeopleCount"":0,""badgesCount"":2,""interestCount"":0",2025-12-28T04:25:59Z
10,ur211979991,https://www.imdb.com/user/ur211979991/?ref_=tturv_usr_1_t,2025-12-28,1,3,"""reviewCount"":1,""ratingsCount"":3,""checkinCount"":0,""listCount"":0,""watchlistCount"":0,""favoritePeopleCount"":0,""badgesCount"":2,""interestCount"":0",2025-12-28T04:06:47Z
10,ur211127237,https://www.imdb.com/user/ur211127237/?ref_=tturv_usr_1_t,2025-11-13,1,55,"""reviewCount"":1,""ratingsCount"":55,""checkinCount"":0,""listCount"":0,""watchlistCount"":0,""favoritePeopleCount"":0,""badgesCount"":2,""interestCount"":0",2025-11-13T04:57:43Z
10,ur211978604,https://www.imdb.com/user/ur211978604/?ref_=tturv_usr_1_t,2025-12-28,1,3,"""reviewCount"":1,""ratingsCount"":3,""checkinCount"":0,""listCount"":0,""watchlistCount"":0,""favoritePeopleCount"":0,""badgesCount"":2,""interestCount"":0",2025-12-28T03:04:49Z
10,ur211978773,https://www.imdb.com/user/ur211978773/?ref_=tturv_usr_1_t,2025-12-28,1,10,"""reviewCount"":1,""ratingsCount"":10,""checkinCount"":0,""listCount"":0,""watchlistCount"":0,""favoritePeopleCount"":0,""badgesCount"":2,""interestCount"":0",2025-12-28T03:53:24Z
10,ur187430407,https://www.imdb.com/user/ur187430407/?ref_=tturv_usr_1_t,2024-08-30,2,5,"""reviewCount"":2,""ratingsCount"":5,""checkinCount"":0,""listCount"":0,""watchlistCount"":5,""favoritePeopleCount"":0,""badgesCount"":2,""interestCount"":0",2024-08-30T00:36:44Z
10,ur154035538,https://www.imdb.com/user/ur154035538/?ref_=tturv_usr_1_t,2022-06-25,2,0,"""reviewCount"":2,""ratingsCount"":0,""checkinCount"":0,""listCount"":0,""watchlistCount"":0,""favoritePeopleCount"":0,""badgesCount"":2,""interestCount"":0",2022-06-25T09:09:46Z
10,ur85112034,https://www.imdb.com/user/ur85112034/?ref_=tturv_usr_1_t,2018-02-04,1,0,"""reviewCount"":1,""ratingsCount"":0,""checkinCount"":0,""listCount"":0,""watchlistCount"":0,""favoritePeopleCount"":0,""badgesCount"":2,""interestCount"":0",2018-02-04T04:56:10Z
10,ur211977585,https://www.imdb.com/user/ur211977585/?ref_=tturv_usr_1_t,2025-12-28,3,2,"""reviewCount"":3,""ratingsCount"":2,""checkinCount"":0,""listCount"":0,""watchlistCount"":0,""favoritePeopleCount"":0,""badgesCount"":2,""interestCount"":0",2025-12-28T03:34:21Z
10,ur211972595,https://www.imdb.com/user/ur211972595/?ref_=tturv_usr_1_t,2025-12-27,1,3,"""reviewCount"":1,""ratingsCount"":3,""checkinCount"":0,""listCount"":0,""watchlistCount"":0,""favoritePeopleCount"":0,""badgesCount"":2,""interestCount"":0",2025-12-27T23:23:08Z
10,ur211979878,https://www.imdb.com/user/ur211979878/?ref_=tturv_usr_1_t,2025-12-28,1,2,"""reviewCount"":1,""ratingsCount"":2,""checkinCount"":0,""listCount"":0,""watchlistCount"":0,""favoritePeopleCount"":0,""badgesCount"":2,""interestCount"":0",2025-12-28T03:34:19Z
10,ur211979201,https://www.imdb.com/user/ur211979201/?ref_=tturv_usr_1_t,2025-12-28,1,1,"""reviewCount"":1,""ratingsCount"":1,""checkinCount"":0,""listCount"":0,""watchlistCount"":0,""favoritePeopleCount"":0,""badgesCount"":2,""interestCount"":0",2025-12-28T03:25:58Z
10,ur211978652,https://www.imdb.com/user/ur211978652/?ref_=tturv_usr_1_t,2025-12-28,1,12,"""reviewCount"":1,""ratingsCount"":12,""checkinCount"":0,""listCount"":0,""watchlistCount"":2,""favoritePeopleCount"":0,""badgesCount"":2,""interestCount"":0",2025-12-28T03:14:46Z
10,ur211977210,https://www.imdb.com/user/ur211977210/?ref_=tturv_usr_1_t,2025-12-28,1,7,"""reviewCount"":1,""ratingsCount"":7,""checkinCount"":0,""listCount"":0,""watchlistCount"":0,""favoritePeopleCount"":0,""badgesCount"":2,""interestCount"":0",2025-12-28T01:53:04Z
10,ur211978651,https://www.imdb.com/user/ur211978651/?ref_=tturv_usr_1_t,2025-12-28,1,2,"""reviewCount"":1,""ratingsCount"":2,""checkinCount"":0,""listCount"":0,""watchlistCount"":0,""favoritePeopleCount"":0,""badgesCount"":2,""interestCount"":0",2025-12-28T02:57:32Z
10,ur211977997,https://www.imdb.com/user/ur211977997/?ref_=tturv_usr_1_t,2025-12-28,1,1,"""reviewCount"":1,""ratingsCount"":1,""checkinCount"":0,""listCount"":0,""watchlistCount"":0,""favoritePeopleCount"":0,""badgesCount"":2,""interestCount"":0",2025-12-28T02:55:54Z
10,ur0259224,https://www.imdb.com/user/ur0259224/?ref_=tturv_usr_1_t,1999-03-01,1,0,"""reviewCount"":1,""ratingsCount"":0,""checkinCount"":0,""listCount"":0,""watchlistCount"":0,""favoritePeopleCount"":0,""badgesCount"":2,""interestCount"":0",1999-03-01T12:54:24Z
10,ur211978239,https://www.imdb.com/user/ur211978239/?ref_=tturv_usr_1_t,2025-12-28,1,8,"""reviewCount"":1,""ratingsCount"":8,""checkinCount"":0,""listCount"":0,""watchlistCount"":0,""favoritePeopleCount"":0,""badgesCount"":2,""interestCount"":0",2025-12-28T02:24:47Z
10,ur199447006,https://www.imdb.com/user/ur199447006/?ref_=tturv_usr_1_t,2025-04-06,1,19,"""reviewCount"":1,""ratingsCount"":19,""checkinCount"":0,""listCount"":1,""watchlistCount"":106,""favoritePeopleCount"":0,""badgesCount"":2,""interestCount"":0",2025-04-06T00:20:05Z
10,ur211974846,https://www.imdb.com/user/ur211974846/?ref_=tturv_usr_1_t,2025-12-28,1,1,"""reviewCount"":1,""ratingsCount"":1,""checkinCount"":0,""listCount"":0,""watchlistCount"":0,""favoritePeopleCount"":0,""badgesCount"":2,""interestCount"":0",2025-12-28T02:00:38Z
10,ur211976975,https://www.imdb.com/user/ur211976975/?ref_=tturv_usr_1_t,2025-12-28,2,5,"""reviewCount"":2,""ratingsCount"":5,""checkinCount"":0,""listCount"":0,""watchlistCount"":0,""favoritePeopleCount"":0,""badgesCount"":2,""interestCount"":0",2025-12-28T01:43:58Z
10,ur211975765,https://www.imdb.com/user/ur211975765/?ref_=tturv_usr_1_t,2025-12-28,1,1,"""reviewCount"":1,""ratingsCount"":1,""checkinCount"":0,""listCount"":0,""watchlistCount"":0,""favoritePeopleCount"":0,""badgesCount"":2,""interestCount"":0",2025-12-28T01:34:27Z
10,ur211976839,https://www.imdb.com/user/ur211976839/?ref_=tturv_usr_1_t,2025-12-28,1,18,"""reviewCount"":1,""ratingsCount"":18,""checkinCount"":0,""listCount"":0,""watchlistCount"":10,""favoritePeopleCount"":0,""badgesCount"":2,""interestCount"":0",2025-12-28T01:30:36Z
10,ur211976533,https://www.imdb.com/user/ur211976533/?ref_=tturv_usr_1_t,2025-12-28,1,2,"""reviewCount"":1,""ratingsCount"":2,""checkinCount"":0,""listCount"":0,""watchlistCount"":0,""favoritePeopleCount"":0,""badgesCount"":2,""interestCount"":0",2025-12-28T01:25:30Z
10,ur211976413,https://www.imdb.com/user/ur211976413/?ref_=tturv_usr_1_t,2025-12-28,1,17,"""reviewCount"":1,""ratingsCount"":17,""checkinCount"":0,""listCount"":0,""watchlistCount"":1,""favoritePeopleCount"":0,""badgesCount"":2,""interestCount"":0",2025-12-28T01:26:02Z
10,ur211975796,https://www.imdb.com/user/ur211975796/?ref_=tturv_usr_1_t,2025-12-28,1,1,"""reviewCount"":1,""ratingsCount"":1,""checkinCount"":0,""listCount"":0,""watchlistCount"":0,""favoritePeopleCount"":0,""badgesCount"":2,""interestCount"":0",2025-12-28T01:21:20Z
10,ur211976333,https://www.imdb.com/user/ur211976333/?ref_=tturv_usr_1_t,2025-12-28,1,1,"""reviewCount"":1,""ratingsCount"":1,""checkinCount"":0,""listCount"":0,""watchlistCount"":0,""favoritePeopleCount"":0,""badgesCount"":2,""interestCount"":0",2025-12-28T01:22:30Z
10,ur211976514,https://www.imdb.com/user/ur211976514/?ref_=tturv_usr_1_t,2025-12-28,1,1,"""reviewCount"":1,""ratingsCount"":1,""checkinCount"":0,""listCount"":0,""watchlistCount"":0,""favoritePeopleCount"":0,""badgesCount"":2,""interestCount"":0",2025-12-28T01:16:57Z
10,ur211974706,https://www.imdb.com/user/ur211974706/?ref_=tturv_usr_1_t,2025-12-28,2,2,"""reviewCount"":2,""ratingsCount"":2,""checkinCount"":0,""listCount"":0,""watchlistCount"":0,""favoritePeopleCount"":0,""badgesCount"":2,""interestCount"":0",2025-12-28T00:49:13Z
10,ur211974857,https://www.imdb.com/user/ur211974857/?ref_=tturv_usr_1_t,2025-12-28,1,8,"""reviewCount"":1,""ratingsCount"":8,""checkinCount"":0,""listCount"":0,""watchlistCount"":0,""favoritePeopleCount"":0,""badgesCount"":2,""interestCount"":0",2025-12-28T00:57:42Z
10,ur211974706,https://www.imdb.com/user/ur211974706/?ref_=tturv_usr_1_t,2025-12-28,2,2,"""reviewCount"":2,""ratingsCount"":2,""checkinCount"":0,""listCount"":0,""watchlistCount"":0,""favoritePeopleCount"":0,""badgesCount"":2,""interestCount"":0",2025-12-28T00:49:13Z
10,ur96604552,https://www.imdb.com/user/ur96604552/?ref_=tturv_usr_1_t,2018-12-20,1,0,"""reviewCount"":1,""ratingsCount"":0,""checkinCount"":0,""listCount"":0,""watchlistCount"":0,""favoritePeopleCount"":0,""badgesCount"":2,""interestCount"":0",2018-12-20T13:54:56Z
10,ur211973677,https://www.imdb.com/user/ur211973677/?ref_=tturv_usr_1_t,2025-12-28,1,2,"""reviewCount"":1,""ratingsCount"":2,""checkinCount"":0,""listCount"":0,""watchlistCount"":0,""favoritePeopleCount"":0,""badgesCount"":2,""interestCount"":0",2025-12-28T00:36:56Z
10,ur211975610,https://www.imdb.com/user/ur211975610/?ref_=tturv_usr_1_t,2025-12-28,1,2,"""reviewCount"":1,""ratingsCount"":2,""checkinCount"":0,""listCount"":0,""watchlistCount"":0,""favoritePeopleCount"":0,""badgesCount"":2,""interestCount"":0",2025-12-28T00:30:03Z
10,ur211974994,https://www.imdb.com/user/ur211974994/?ref_=tturv_usr_1_t,2025-12-28,1,7,"""reviewCount"":1,""ratingsCount"":7,""checkinCount"":0,""listCount"":0,""watchlistCount"":3,""favoritePeopleCount"":0,""badgesCount"":2,""interestCount"":0",2025-12-28T00:06:12Z
10,ur211975379,https://www.imdb.com/user/ur211975379/?ref_=tturv_usr_1_t,2025-12-28,6,14,"""reviewCount"":6,""ratingsCount"":14,""checkinCount"":0,""listCount"":0,""watchlistCount"":0,""favoritePeopleCount"":0,""badgesCount"":2,""interestCount"":0",2025-12-28T00:09:45Z
10,ur191705795,https://www.imdb.com/user/ur191705795/?ref_=tturv_usr_1_t,2024-11-16,1,1,"""reviewCount"":1,""ratingsCount"":1,""checkinCount"":0,""listCount"":0,""watchlistCount"":0,""favoritePeopleCount"":0,""badgesCount"":2,""interestCount"":0",2024-11-16T23:12:14Z
10,ur211974036,https://www.imdb.com/user/ur211974036/?ref_=tturv_usr_1_t,2025-12-28,1,2,"""reviewCount"":1,""ratingsCount"":2,""checkinCount"":0,""listCount"":0,""watchlistCount"":0,""favoritePeopleCount"":0,""badgesCount"":2,""interestCount"":0",2025-12-28T00:11:27Z
10,ur16629573,https://www.imdb.com/user/ur16629573/?ref_=tturv_usr_1_t,2007-09-04,1,0,"""reviewCount"":1,""ratingsCount"":0,""checkinCount"":0,""listCount"":0,""watchlistCount"":0,""favoritePeopleCount"":0,""badgesCount"":2,""interestCount"":0",2007-09-04T10:51:59Z
10,ur14426075,https://www.imdb.com/user/ur14426075/?ref_=tturv_usr_1_t,2007-02-28,74,0,"""reviewCount"":74,""ratingsCount"":0,""checkinCount"":0,""listCount"":0,""watchlistCount"":0,""favoritePeopleCount"":0,""badgesCount"":2,""interestCount"":0",2007-02-28T17:23:28Z
10,ur211975009,https://www.imdb.com/user/ur211975009/?ref_=tturv_usr_1_t,2025-12-27,2,3,"""reviewCount"":2,""ratingsCount"":3,""checkinCount"":0,""listCount"":0,""watchlistCount"":0,""favoritePeopleCount"":0,""badgesCount"":2,""interestCount"":0",2025-12-27T23:52:56Z
10,ur139738771,https://www.imdb.com/user/ur139738771/?ref_=tturv_usr_1_t,2021-10-13,6,0,"""reviewCount"":6,""ratingsCount"":0,""checkinCount"":0,""listCount"":0,""watchlistCount"":0,""favoritePeopleCount"":0,""badgesCount"":2,""interestCount"":0",2021-10-13T08:31:44Z
10,ur4876910,https://www.imdb.com/user/ur4876910/?ref_=tturv_usr_1_t,2005-02-27,34,0,"""reviewCount"":34,""ratingsCount"":0,""checkinCount"":0,""listCount"":0,""watchlistCount"":0,""favoritePeopleCount"":0,""badgesCount"":3,""interestCount"":0",2005-02-27T15:51:13Z
10,ur211973463,https://www.imdb.com/user/ur211973463/?ref_=tturv_usr_1_t,2025-12-27,1,43,"""reviewCount"":1,""ratingsCount"":43,""checkinCount"":0,""listCount"":0,""watchlistCount"":0,""favoritePeopleCount"":0,""badgesCount"":2,""interestCount"":0",2025-12-27T23:19:11Z
10,ur200392136,https://www.imdb.com/user/ur200392136/?ref_=tturv_usr_1_t,2025-04-23,2,10,"""reviewCount"":2,""ratingsCount"":10,""checkinCount"":0,""listCount"":0,""watchlistCount"":3,""favoritePeopleCount"":0,""badgesCount"":2,""interestCount"":0",2025-04-23T09:34:24Z
10,ur211971497,https://www.imdb.com/user/ur211971497/?ref_=tturv_usr_1_t,2025-12-27,1,3,"""reviewCount"":1,""ratingsCount"":3,""checkinCount"":0,""listCount"":0,""watchlistCount"":0,""favoritePeopleCount"":0,""badgesCount"":2,""interestCount"":0",2025-12-27T22:50:41Z
10,ur117796993,https://www.imdb.com/user/ur117796993/?ref_=tturv_usr_1_t,2020-05-03,3,0,"""reviewCount"":3,""ratingsCount"":0,""checkinCount"":0,""listCount"":0,""watchlistCount"":0,""favoritePeopleCount"":0,""badgesCount"":2,""interestCount"":0",2020-05-03T17:21:25Z
10,ur51768349,https://www.imdb.com/user/ur51768349/?ref_=tturv_usr_1_t,2014-03-31,3,0,"""reviewCount"":3,""ratingsCount"":0,""checkinCount"":0,""listCount"":0,""watchlistCount"":0,""favoritePeopleCount"":0,""badgesCount"":2,""interestCount"":0",2014-03-31T21:23:12Z
10,ur211973632,https://www.imdb.com/user/ur211973632/?ref_=tturv_usr_1_t,2025-12-27,1,1,"""reviewCount"":1,""ratingsCount"":1,""checkinCount"":0,""listCount"":0,""watchlistCount"":0,""favoritePeopleCount"":0,""badgesCount"":2,""interestCount"":0",2025-12-27T23:27:55Z
10,ur211972805,https://www.imdb.com/user/ur211972805/?ref_=tturv_usr_1_t,2025-12-27,1,2,"""reviewCount"":1,""ratingsCount"":2,""checkinCount"":0,""listCount"":0,""watchlistCount"":0,""favoritePeopleCount"":0,""badgesCount"":2,""interestCount"":0",2025-12-27T23:25:54Z
10,ur211933053,https://www.imdb.com/user/ur211933053/?ref_=tturv_usr_1_t,2025-12-26,2,4,"""reviewCount"":2,""ratingsCount"":4,""checkinCount"":0,""listCount"":0,""watchlistCount"":0,""favoritePeopleCount"":0,""badgesCount"":2,""interestCount"":0",2025-12-26T14:45:58Z
10,ur177688186,https://www.imdb.com/user/ur177688186/?ref_=tturv_usr_1_t,2024-02-20,4,0,"""reviewCount"":4,""ratingsCount"":0,""checkinCount"":0,""listCount"":0,""watchlistCount"":1,""favoritePeopleCount"":0,""badgesCount"":2,""interestCount"":0",2024-02-20T02:25:34Z
10,ur211972961,https://www.imdb.com/user/ur211972961/?ref_=tturv_usr_1_t,2025-12-27,2,3,"""reviewCount"":2,""ratingsCount"":3,""checkinCount"":0,""listCount"":0,""watchlistCount"":0,""favoritePeopleCount"":0,""badgesCount"":2,""interestCount"":0",2025-12-27T23:22:56Z
10,ur211973145,https://www.imdb.com/user/ur211973145/?ref_=tturv_usr_1_t,2025-12-27,2,10,"""reviewCount"":2,""ratingsCount"":10,""checkinCount"":0,""listCount"":0,""watchlistCount"":0,""favoritePeopleCount"":0,""badgesCount"":2,""interestCount"":0",2025-12-27T23:09:31Z
10,ur211967538,https://www.imdb.com/user/ur211967538/?ref_=tturv_usr_1_t,2025-12-27,1,8,"""reviewCount"":1,""ratingsCount"":8,""checkinCount"":0,""listCount"":0,""watchlistCount"":0,""favoritePeopleCount"":0,""badgesCount"":2,""interestCount"":0",2025-12-27T18:12:22Z
10,ur211972572,https://www.imdb.com/user/ur211972572/?ref_=tturv_usr_1_t,2025-12-27,1,4,"""reviewCount"":1,""ratingsCount"":4,""checkinCount"":0,""listCount"":0,""watchlistCount"":0,""favoritePeopleCount"":0,""badgesCount"":2,""interestCount"":0",2025-12-27T22:26:59Z
10,ur211971185,https://www.imdb.com/user/ur211971185/?ref_=tturv_usr_1_t,2025-12-27,1,5,"""reviewCount"":1,""ratingsCount"":5,""checkinCount"":0,""listCount"":0,""watchlistCount"":0,""favoritePeopleCount"":0,""badgesCount"":2,""interestCount"":0",2025-12-27T22:45:17Z
10,ur14890223,https://www.imdb.com/user/ur14890223/?ref_=tturv_usr_1_t,2007-04-06,1,0,"""reviewCount"":1,""ratingsCount"":0,""checkinCount"":0,""listCount"":0,""watchlistCount"":0,""favoritePeopleCount"":0,""badgesCount"":2,""interestCount"":0",2020-07-04T06:13:33Z
10,ur211936523,https://www.imdb.com/user/ur211936523/?ref_=tturv_usr_1_t,2025-12-26,1,4,"""reviewCount"":1,""ratingsCount"":4,""checkinCount"":0,""listCount"":0,""watchlistCount"":0,""favoritePeopleCount"":0,""badgesCount"":2,""interestCount"":0",2025-12-26T17:50:20Z
10,ur211971941,https://www.imdb.com/user/ur211971941/?ref_=tturv_usr_1_t,2025-12-27,1,1,"""reviewCount"":1,""ratingsCount"":1,""checkinCount"":0,""listCount"":0,""watchlistCount"":0,""favoritePeopleCount"":0,""badgesCount"":2,""interestCount"":0",2025-12-27T22:30:16Z
10,ur156251008,https://www.imdb.com/user/ur156251008/?ref_=tturv_usr_1_t,2022-08-28,1,0,"""reviewCount"":1,""ratingsCount"":0,""checkinCount"":0,""listCount"":0,""watchlistCount"":0,""favoritePeopleCount"":0,""badgesCount"":2,""interestCount"":0",2022-08-28T19:58:32Z
10,ur210566269,https://www.imdb.com/user/ur210566269/?ref_=tturv_usr_1_t,2025-10-16,2,48,"""reviewCount"":2,""ratingsCount"":48,""checkinCount"":0,""listCount"":0,""watchlistCount"":22,""favoritePeopleCount"":0,""badgesCount"":2,""interestCount"":0",2025-10-16T22:05:24Z
10,ur211972239,https://www.imdb.com/user/ur211972239/?ref_=tturv_usr_1_t,2025-12-27,1,3,"""reviewCount"":1,""ratingsCount"":3,""checkinCount"":0,""listCount"":0,""watchlistCount"":0,""favoritePeopleCount"":0,""badgesCount"":2,""interestCount"":0",2025-12-27T22:06:26Z
10,ur211972698,https://www.imdb.com/user/ur211972698/?ref_=tturv_usr_1_t,2025-12-27,1,1,"""reviewCount"":1,""ratingsCount"":1,""checkinCount"":0,""listCount"":0,""watchlistCount"":0,""favoritePeopleCount"":0,""badgesCount"":2,""interestCount"":0",2025-12-27T22:07:24Z
10,ur211972350,https://www.imdb.com/user/ur211972350/?ref_=tturv_usr_1_t,2025-12-27,1,9,"""reviewCount"":1,""ratingsCount"":9,""checkinCount"":0,""listCount"":0,""watchlistCount"":0,""favoritePeopleCount"":0,""badgesCount"":2,""interestCount"":0",2025-12-27T21:58:05Z
10,ur211971057,https://www.imdb.com/user/ur211971057/?ref_=tturv_usr_1_t,2025-12-27,1,8,"""reviewCount"":1,""ratingsCount"":8,""checkinCount"":0,""listCount"":0,""watchlistCount"":0,""favoritePeopleCount"":0,""badgesCount"":2,""interestCount"":0",2025-12-27T21:44:09Z
10,ur92858766,https://www.imdb.com/user/ur92858766/?ref_=tturv_usr_1_t,2018-09-21,1,0,"""reviewCount"":1,""ratingsCount"":0,""checkinCount"":0,""listCount"":0,""watchlistCount"":0,""favoritePeopleCount"":0,""badgesCount"":2,""interestCount"":0",2018-09-21T05:24:02Z
10,ur126983197,https://www.imdb.com/user/ur126983197/?ref_=tturv_usr_1_t,2020-12-06,3,0,"""reviewCount"":3,""ratingsCount"":0,""checkinCount"":0,""listCount"":0,""watchlistCount"":0,""favoritePeopleCount"":0,""badgesCount"":2,""interestCount"":0",2020-12-06T22:20:22Z
10,ur211969347,https://www.imdb.com/user/ur211969347/?ref_=tturv_usr_1_t,2025-12-27,1,15,"""reviewCount"":1,""ratingsCount"":15,""checkinCount"":0,""listCount"":0,""watchlistCount"":0,""favoritePeopleCount"":0,""badgesCount"":2,""interestCount"":0",2025-12-27T20:51:14Z
10,ur211970185,https://www.imdb.com/user/ur211970185/?ref_=tturv_usr_1_t,2025-12-27,1,17,"""reviewCount"":1,""ratingsCount"":17,""checkinCount"":0,""listCount"":0,""watchlistCount"":0,""favoritePeopleCount"":0,""badgesCount"":2,""interestCount"":0",2025-12-27T20:47:39Z
10,ur149498558,https://www.imdb.com/user/ur149498558/?ref_=tturv_usr_1_t,2022-02-03,1,0,"""reviewCount"":1,""ratingsCount"":0,""checkinCount"":0,""listCount"":0,""watchlistCount"":0,""favoritePeopleCount"":0,""badgesCount"":2,""interestCount"":0",2022-02-03T14:14:21Z
10,ur211969885,https://www.imdb.com/user/ur211969885/?ref_=tturv_usr_1_t,2025-12-27,1,1,"""reviewCount"":1,""ratingsCount"":1,""checkinCount"":0,""listCount"":0,""watchlistCount"":0,""favoritePeopleCount"":0,""badgesCount"":2,""interestCount"":0",2025-12-27T21:02:31Z
10,ur211385518,https://www.imdb.com/user/ur211385518/?ref_=tturv_usr_1_t,2025-11-27,1,89,"""reviewCount"":1,""ratingsCount"":89,""checkinCount"":0,""listCount"":0,""watchlistCount"":0,""favoritePeopleCount"":0,""badgesCount"":2,""interestCount"":0",2025-11-27T19:43:57Z
10,ur128323811,https://www.imdb.com/user/ur128323811/?ref_=tturv_usr_1_t,2021-01-14,23,0,"""reviewCount"":23,""ratingsCount"":0,""checkinCount"":0,""listCount"":0,""watchlistCount"":0,""favoritePeopleCount"":0,""badgesCount"":3,""interestCount"":0",2021-01-14T23:34:54Z
10,ur211970481,https://www.imdb.com/user/ur211970481/?ref_=tturv_usr_1_t,2025-12-27,1,2,"""reviewCount"":1,""ratingsCount"":2,""checkinCount"":0,""listCount"":0,""watchlistCount"":0,""favoritePeopleCount"":0,""badgesCount"":2,""interestCount"":0",2025-12-27T20:58:42Z
10,ur35905755,https://www.imdb.com/user/ur35905755/?ref_=tturv_usr_1_t,2012-08-23,4,0,"""reviewCount"":4,""ratingsCount"":0,""checkinCount"":0,""listCount"":0,""watchlistCount"":0,""favoritePeopleCount"":0,""badgesCount"":2,""interestCount"":0",2012-08-23T18:30:43Z
10,ur211413568,https://www.imdb.com/user/ur211413568/?ref_=tturv_usr_1_t,2025-11-29,1,9,"""reviewCount"":1,""ratingsCount"":9,""checkinCount"":0,""listCount"":0,""watchlistCount"":0,""favoritePeopleCount"":0,""badgesCount"":2,""interestCount"":0",2025-11-29T12:26:21Z
10,ur64017751,https://www.imdb.com/user/ur64017751/?ref_=tturv_usr_1_t,2015-11-27,26,0,"""reviewCount"":26,""ratingsCount"":0,""checkinCount"":0,""listCount"":0,""watchlistCount"":0,""favoritePeopleCount"":0,""badgesCount"":5,""interestCount"":0",2015-11-27T17:36:53Z
10,ur211969266,https://www.imdb.com/user/ur211969266/?ref_=tturv_usr_1_t,2025-12-27,2,3,"""reviewCount"":2,""ratingsCount"":3,""checkinCount"":0,""listCount"":0,""watchlistCount"":0,""favoritePeopleCount"":0,""badgesCount"":2,""interestCount"":0",2025-12-27T20:24:02Z
10,ur211968126,https://www.imdb.com/user/ur211968126/?ref_=tturv_usr_1_t,2025-12-27,1,2,"""reviewCount"":1,""ratingsCount"":2,""checkinCount"":0,""listCount"":0,""watchlistCount"":0,""favoritePeopleCount"":0,""badgesCount"":2,""interestCount"":0",2025-12-27T20:15:58Z
10,ur87487951,https://www.imdb.com/user/ur87487951/?ref_=tturv_usr_1_t,2018-04-17,2,0,"""reviewCount"":2,""ratingsCount"":0,""checkinCount"":0,""listCount"":0,""watchlistCount"":0,""favoritePeopleCount"":0,""badgesCount"":2,""interestCount"":0",2018-04-17T13:57:25Z
10,ur149015400,https://www.imdb.com/user/ur149015400/?ref_=tturv_usr_1_t,2022-01-26,4,0,"""reviewCount"":4,""ratingsCount"":0,""checkinCount"":0,""listCount"":0,""watchlistCount"":1,""favoritePeopleCount"":0,""badgesCount"":2,""interestCount"":0",2022-01-26T22:29:06Z
10,ur64332623,https://www.imdb.com/user/ur64332623/?ref_=tturv_usr_1_t,2015-12-17,1,0,"""reviewCount"":1,""ratingsCount"":0,""checkinCount"":0,""listCount"":0,""watchlistCount"":0,""favoritePeopleCount"":0,""badgesCount"":2,""interestCount"":0",2015-12-17T02:19:15Z
10,ur206153602,https://www.imdb.com/user/ur206153602/?ref_=tturv_usr_1_t,2025-07-28,7,0,"""reviewCount"":7,""ratingsCount"":0,""checkinCount"":0,""listCount"":1,""watchlistCount"":0,""favoritePeopleCount"":0,""badgesCount"":2,""interestCount"":0",2025-07-28T22:38:48Z
10,ur211948727,https://www.imdb.com/user/ur211948727/?ref_=tturv_usr_1_t,2025-12-27,1,11,"""reviewCount"":1,""ratingsCount"":11,""checkinCount"":0,""listCount"":0,""watchlistCount"":0,""favoritePeopleCount"":0,""badgesCount"":2,""interestCount"":0",2025-12-27T03:07:22Z
10,ur175323523,https://www.imdb.com/user/ur175323523/?ref_=tturv_usr_1_t,2024-01-04,1,0,"""reviewCount"":1,""ratingsCount"":0,""checkinCount"":0,""listCount"":0,""watchlistCount"":0,""favoritePeopleCount"":0,""badgesCount"":2,""interestCount"":0",2024-01-04T11:35:20Z
10,ur211952623,https://www.imdb.com/user/ur211952623/?ref_=tturv_usr_1_t,2025-12-27,1,0,"""reviewCount"":1,""ratingsCount"":0,""checkinCount"":0,""listCount"":0,""watchlistCount"":0,""favoritePeopleCount"":0,""badgesCount"":2,""interestCount"":0",2025-12-27T05:58:53Z
10,ur211966933,https://www.imdb.com/user/ur211966933/?ref_=tturv_usr_1_t,2025-12-27,1,2,"""reviewCount"":1,""ratingsCount"":2,""checkinCount"":0,""listCount"":0,""watchlistCount"":0,""favoritePeopleCount"":0,""badgesCount"":2,""interestCount"":0",2025-12-27T18:14:09Z
10,ur211967900,https://www.imdb.com/user/ur211967900/?ref_=tturv_usr_1_t,2025-12-27,1,1,"""reviewCount"":1,""ratingsCount"":1,""checkinCount"":0,""listCount"":0,""watchlistCount"":0,""favoritePeopleCount"":0,""badgesCount"":2,""interestCount"":0",2025-12-27T18:36:44Z
10,ur211967486,https://www.imdb.com/user/ur211967486/?ref_=tturv_usr_1_t,2025-12-27,2,8,"""reviewCount"":2,""ratingsCount"":8,""checkinCount"":0,""listCount"":0,""watchlistCount"":0,""favoritePeopleCount"":0,""badgesCount"":2,""interestCount"":0",2025-12-27T18:50:50Z
10,ur211968018,https://www.imdb.com/user/ur211968018/?ref_=tturv_usr_1_t,2025-12-27,1,1,"""reviewCount"":1,""ratingsCount"":1,""checkinCount"":0,""listCount"":0,""watchlistCount"":0,""favoritePeopleCount"":0,""badgesCount"":2,""interestCount"":0",2025-12-27T18:29:02Z
10,ur211935948,https://www.imdb.com/user/ur211935948/?ref_=tturv_usr_1_t,2025-12-26,2,10,"""reviewCount"":2,""ratingsCount"":10,""checkinCount"":0,""listCount"":0,""watchlistCount"":0,""favoritePeopleCount"":0,""badgesCount"":2,""interestCount"":0",2025-12-26T15:58:56Z
10,ur211640212,https://www.imdb.com/user/ur211640212/?ref_=tturv_usr_1_t,2025-12-12,2,10,"""reviewCount"":2,""ratingsCount"":10,""checkinCount"":0,""listCount"":0,""watchlistCount"":0,""favoritePeopleCount"":0,""badgesCount"":2,""interestCount"":0",2025-12-12T05:33:47Z
10,ur211965787,https://www.imdb.com/user/ur211965787/?ref_=tturv_usr_1_t,2025-12-27,1,2,"""reviewCount"":1,""ratingsCount"":2,""checkinCount"":0,""listCount"":0,""watchlistCount"":0,""favoritePeopleCount"":0,""badgesCount"":2,""interestCount"":0",2025-12-27T18:02:23Z
10,ur211966142,https://www.imdb.com/user/ur211966142/?ref_=tturv_usr_1_t,2025-12-27,1,2,"""reviewCount"":1,""ratingsCount"":2,""checkinCount"":0,""listCount"":0,""watchlistCount"":0,""favoritePeopleCount"":0,""badgesCount"":2,""interestCount"":0",2025-12-27T17:58:34Z
10,ur197000702,https://www.imdb.com/user/ur197000702/?ref_=tturv_usr_1_t,2025-02-16,1,2,"""reviewCount"":1,""ratingsCount"":2,""checkinCount"":0,""listCount"":0,""watchlistCount"":1,""favoritePeopleCount"":0,""badgesCount"":2,""interestCount"":0",2025-02-16T22:23:19Z
10,ur108789893,https://www.imdb.com/user/ur108789893/?ref_=tturv_usr_1_t,2019-10-14,1,0,"""reviewCount"":1,""ratingsCount"":0,""checkinCount"":0,""listCount"":0,""watchlistCount"":0,""favoritePeopleCount"":0,""badgesCount"":2,""interestCount"":0",2019-10-14T13:44:00Z
10,ur211966770,https://www.imdb.com/user/ur211966770/?ref_=tturv_usr_1_t,2025-12-27,2,3,"""reviewCount"":2,""ratingsCount"":3,""checkinCount"":0,""listCount"":0,""watchlistCount"":0,""favoritePeopleCount"":0,""badgesCount"":2,""interestCount"":0",2025-12-27T17:55:40Z
10,ur150213683,https://www.imdb.com/user/ur150213683/?ref_=tturv_usr_1_t,2022-02-24,1,0,"""reviewCount"":1,""ratingsCount"":0,""checkinCount"":0,""listCount"":0,""watchlistCount"":0,""favoritePeopleCount"":0,""badgesCount"":2,""interestCount"":0",2022-02-24T15:06:30Z
10,ur211965583,https://www.imdb.com/user/ur211965583/?ref_=tturv_usr_1_t,2025-12-27,2,2,"""reviewCount"":2,""ratingsCount"":2,""checkinCount"":0,""listCount"":0,""watchlistCount"":0,""favoritePeopleCount"":0,""badgesCount"":2,""interestCount"":0",2025-12-27T17:44:21Z
10,ur199455877,https://www.imdb.com/user/ur199455877/?ref_=tturv_usr_1_t,2025-04-06,5,4,"""reviewCount"":5,""ratingsCount"":4,""checkinCount"":0,""listCount"":0,""watchlistCount"":1,""favoritePeopleCount"":0,""badgesCount"":2,""interestCount"":0",2025-04-06T04:31:04Z
10,ur211966600,https://www.imdb.com/user/ur211966600/?ref_=tturv_usr_1_t,2025-12-27,1,1,"""reviewCount"":1,""ratingsCount"":1,""checkinCount"":0,""listCount"":0,""watchlistCount"":0,""favoritePeopleCount"":0,""badgesCount"":2,""interestCount"":0",2025-12-27T17:35:06Z
10,ur158942199,https://www.imdb.com/user/ur158942199/?ref_=tturv_usr_1_t,2022-11-17,6,0,"""reviewCount"":6,""ratingsCount"":0,""checkinCount"":0,""listCount"":0,""watchlistCount"":3,""favoritePeopleCount"":0,""badgesCount"":2,""interestCount"":0",2022-11-17T20:54:10Z
10,ur211966718,https://www.imdb.com/user/ur211966718/?ref_=tturv_usr_1_t,2025-12-27,1,1,"""reviewCount"":1,""ratingsCount"":1,""checkinCount"":0,""listCount"":0,""watchlistCount"":0,""favoritePeopleCount"":0,""badgesCount"":2,""interestCount"":0",2025-12-27T17:31:31Z
10,ur211966221,https://www.imdb.com/user/ur211966221/?ref_=tturv_usr_1_t,2025-12-27,1,16,"""reviewCount"":1,""ratingsCount"":16,""checkinCount"":0,""listCount"":0,""watchlistCount"":0,""favoritePeopleCount"":0,""badgesCount"":2,""interestCount"":0",2025-12-27T17:27:07Z
10,ur211966269,https://www.imdb.com/user/ur211966269/?ref_=tturv_usr_1_t,2025-12-27,1,25,"""reviewCount"":1,""ratingsCount"":25,""checkinCount"":0,""listCount"":0,""watchlistCount"":0,""favoritePeopleCount"":0,""badgesCount"":2,""interestCount"":0",2025-12-27T17:13:50Z
10,ur44355694,https://www.imdb.com/user/ur44355694/?ref_=tturv_usr_1_t,2013-06-17,1,0,"""reviewCount"":1,""ratingsCount"":0,""checkinCount"":0,""listCount"":0,""watchlistCount"":0,""favoritePeopleCount"":0,""badgesCount"":2,""interestCount"":0",2013-06-17T23:13:37Z
10,ur211965519,https://www.imdb.com/user/ur211965519/?ref_=tturv_usr_1_t,2025-12-27,1,34,"""reviewCount"":1,""ratingsCount"":34,""checkinCount"":0,""listCount"":0,""watchlistCount"":0,""favoritePeopleCount"":0,""badgesCount"":2,""interestCount"":0",2025-12-27T16:57:28Z
10,ur211963627,https://www.imdb.com/user/ur211963627/?ref_=tturv_usr_1_t,2025-12-27,1,1,"""reviewCount"":1,""ratingsCount"":1,""checkinCount"":0,""listCount"":0,""watchlistCount"":0,""favoritePeopleCount"":0,""badgesCount"":2,""interestCount"":0",2025-12-27T16:55:00Z
10,ur211965760,https://www.imdb.com/user/ur211965760/?ref_=tturv_usr_1_t,2025-12-27,1,2,"""reviewCount"":1,""ratingsCount"":2,""checkinCount"":0,""listCount"":0,""watchlistCount"":0,""favoritePeopleCount"":0,""badgesCount"":2,""interestCount"":0",2025-12-27T16:57:29Z
10,ur211965778,https://www.imdb.com/user/ur211965778/?ref_=tturv_usr_1_t,2025-12-27,1,1,"""reviewCount"":1,""ratingsCount"":1,""checkinCount"":0,""listCount"":0,""watchlistCount"":0,""favoritePeopleCount"":0,""badgesCount"":2,""interestCount"":0",2025-12-27T16:51:06Z
10,ur211965338,https://www.imdb.com/user/ur211965338/?ref_=tturv_usr_1_t,2025-12-27,3,8,"""reviewCount"":3,""ratingsCount"":8,""checkinCount"":0,""listCount"":0,""watchlistCount"":0,""favoritePeopleCount"":0,""badgesCount"":2,""interestCount"":0",2025-12-27T16:32:23Z
10,ur133477878,https://www.imdb.com/user/ur133477878/?ref_=tturv_usr_1_t,2021-06-09,8,0,"""reviewCount"":8,""ratingsCount"":0,""checkinCount"":0,""listCount"":0,""watchlistCount"":0,""favoritePeopleCount"":0,""badgesCount"":3,""interestCount"":0",2021-06-09T14:15:27Z
10,ur102858673,https://www.imdb.com/user/ur102858673/?ref_=tturv_usr_1_t,2019-05-12,2,0,"""reviewCount"":2,""ratingsCount"":0,""checkinCount"":0,""listCount"":0,""watchlistCount"":0,""favoritePeopleCount"":0,""badgesCount"":2,""interestCount"":0",2019-05-12T11:39:11Z
10,ur211961623,https://www.imdb.com/user/ur211961623/?ref_=tturv_usr_1_t,2025-12-27,1,43,"""reviewCount"":1,""ratingsCount"":43,""checkinCount"":0,""listCount"":0,""watchlistCount"":0,""favoritePeopleCount"":0,""badgesCount"":2,""interestCount"":0",2025-12-27T14:34:01Z
10,ur208735098,https://www.imdb.com/user/ur208735098/?ref_=tturv_usr_1_t,2025-09-14,1,11,"""reviewCount"":1,""ratingsCount"":11,""checkinCount"":0,""listCount"":0,""watchlistCount"":0,""favoritePeopleCount"":0,""badgesCount"":2,""interestCount"":0",2025-09-14T15:45:04Z
10,ur211964425,https://www.imdb.com/user/ur211964425/?ref_=tturv_usr_1_t,2025-12-27,1,13,"""reviewCount"":1,""ratingsCount"":13,""checkinCount"":0,""listCount"":0,""watchlistCount"":2,""favoritePeopleCount"":0,""badgesCount"":2,""interestCount"":0",2025-12-27T16:16:26Z
10,ur211609972,https://www.imdb.com/user/ur211609972/?ref_=tturv_usr_1_t,2025-12-10,1,70,"""reviewCount"":1,""ratingsCount"":70,""checkinCount"":0,""listCount"":0,""watchlistCount"":16,""favoritePeopleCount"":0,""badgesCount"":2,""interestCount"":0",2025-12-10T13:37:12Z
10,ur122480928,https://www.imdb.com/user/ur122480928/?ref_=tturv_usr_1_t,2020-07-31,1,0,"""reviewCount"":1,""ratingsCount"":0,""checkinCount"":0,""listCount"":0,""watchlistCount"":0,""favoritePeopleCount"":0,""badgesCount"":2,""interestCount"":0",2020-07-31T14:18:19Z
10,ur211963774,https://www.imdb.com/user/ur211963774/?ref_=tturv_usr_1_t,2025-12-27,6,9,"""reviewCount"":6,""ratingsCount"":9,""checkinCount"":0,""listCount"":0,""watchlistCount"":0,""favoritePeopleCount"":0,""badgesCount"":2,""interestCount"":0",2025-12-27T16:11:21Z
10,ur169720202,https://www.imdb.com/user/ur169720202/?ref_=tturv_usr_1_t,2023-08-25,1,0,"""reviewCount"":1,""ratingsCount"":0,""checkinCount"":0,""listCount"":0,""watchlistCount"":0,""favoritePeopleCount"":0,""badgesCount"":2,""interestCount"":0",2023-08-25T16:55:33Z
10,ur211963185,https://www.imdb.com/user/ur211963185/?ref_=tturv_usr_1_t,2025-12-27,1,1,"""reviewCount"":1,""ratingsCount"":1,""checkinCount"":0,""listCount"":0,""watchlistCount"":0,""favoritePeopleCount"":0,""badgesCount"":2,""interestCount"":0",2025-12-27T15:56:15Z
10,ur198572156,https://www.imdb.com/user/ur198572156/?ref_=tturv_usr_1_t,2025-03-21,1,23,"""reviewCount"":1,""ratingsCount"":23,""checkinCount"":0,""listCount"":0,""watchlistCount"":0,""favoritePeopleCount"":0,""badgesCount"":2,""interestCount"":0",2025-03-21T21:57:45Z
10,ur37814324,https://www.imdb.com/user/ur37814324/?ref_=tturv_usr_1_t,2012-11-17,51,0,"""reviewCount"":51,""ratingsCount"":0,""checkinCount"":0,""listCount"":2,""watchlistCount"":0,""favoritePeopleCount"":0,""badgesCount"":2,""interestCount"":0",2012-11-17T00:08:08Z
10,ur211962465,https://www.imdb.com/user/ur211962465/?ref_=tturv_usr_1_t,2025-12-27,1,1,"""reviewCount"":1,""ratingsCount"":1,""checkinCount"":0,""listCount"":0,""watchlistCount"":0,""favoritePeopleCount"":0,""badgesCount"":2,""interestCount"":0",2025-12-27T15:53:39Z
10,ur211963869,https://www.imdb.com/user/ur211963869/?ref_=tturv_usr_1_t,2025-12-27,1,2,"""reviewCount"":1,""ratingsCount"":2,""checkinCount"":0,""listCount"":0,""watchlistCount"":0,""favoritePeopleCount"":0,""badgesCount"":2,""interestCount"":0",2025-12-27T15:45:52Z
10,ur211964029,https://www.imdb.com/user/ur211964029/?ref_=tturv_usr_1_t,2025-12-27,1,2,"""reviewCount"":1,""ratingsCount"":2,""checkinCount"":0,""listCount"":0,""watchlistCount"":0,""favoritePeopleCount"":0,""badgesCount"":2,""interestCount"":0",2025-12-27T15:45:15Z
10,ur211963175,https://www.imdb.com/user/ur211963175/?ref_=tturv_usr_1_t,2025-12-27,1,1,"""reviewCount"":1,""ratingsCount"":1,""checkinCount"":0,""listCount"":0,""watchlistCount"":0,""favoritePeopleCount"":0,""badgesCount"":2,""interestCount"":0",2025-12-27T15:37:29Z
10,ur211941500,https://www.imdb.com/user/ur211941500/?ref_=tturv_usr_1_t,2025-12-26,1,18,"""reviewCount"":1,""ratingsCount"":18,""checkinCount"":0,""listCount"":0,""watchlistCount"":2,""favoritePeopleCount"":0,""badgesCount"":2,""interestCount"":0",2025-12-26T19:57:47Z
10,ur211941192,https://www.imdb.com/user/ur211941192/?ref_=tturv_usr_1_t,2025-12-26,1,1,"""reviewCount"":1,""ratingsCount"":1,""checkinCount"":0,""listCount"":0,""watchlistCount"":0,""favoritePeopleCount"":0,""badgesCount"":2,""interestCount"":0",2025-12-26T20:52:47Z
10,ur211963889,https://www.imdb.com/user/ur211963889/?ref_=tturv_usr_1_t,2025-12-27,1,1,"""reviewCount"":1,""ratingsCount"":1,""checkinCount"":0,""listCount"":0,""watchlistCount"":0,""favoritePeopleCount"":0,""badgesCount"":2,""interestCount"":0",2025-12-27T15:33:18Z
10,ur67552973,https://www.imdb.com/user/ur67552973/?ref_=tturv_usr_1_t,2016-06-10,7,0,"""reviewCount"":7,""ratingsCount"":0,""checkinCount"":0,""listCount"":0,""watchlistCount"":0,""favoritePeopleCount"":0,""badgesCount"":5,""interestCount"":0",2016-06-10T16:03:43Z
10,ur185344754,https://www.imdb.com/user/ur185344754/?ref_=tturv_usr_1_t,2024-07-21,3,148,"""reviewCount"":3,""ratingsCount"":148,""checkinCount"":0,""listCount"":0,""watchlistCount"":15,""favoritePeopleCount"":0,""badgesCount"":2,""interestCount"":0",2024-07-21T12:04:28Z
10,ur210237993,https://www.imdb.com/user/ur210237993/?ref_=tturv_usr_1_t,2025-10-09,1,4,"""reviewCount"":1,""ratingsCount"":4,""checkinCount"":0,""listCount"":0,""watchlistCount"":0,""favoritePeopleCount"":0,""badgesCount"":2,""interestCount"":0",2025-10-09T12:45:41Z
10,ur167411592,https://www.imdb.com/user/ur167411592/?ref_=tturv_usr_1_t,2023-07-05,1,0,"""reviewCount"":1,""ratingsCount"":0,""checkinCount"":0,""listCount"":0,""watchlistCount"":0,""favoritePeopleCount"":0,""badgesCount"":2,""interestCount"":0",2023-07-05T05:41:10Z
10,ur152395910,https://www.imdb.com/user/ur152395910/?ref_=tturv_usr_1_t,2022-04-27,1,0,"""reviewCount"":1,""ratingsCount"":0,""checkinCount"":0,""listCount"":0,""watchlistCount"":0,""favoritePeopleCount"":0,""badgesCount"":2,""interestCount"":0",2022-04-27T10:42:15Z
10,ur166529201,https://www.imdb.com/user/ur166529201/?ref_=tturv_usr_1_t,2023-06-15,2,0,"""reviewCount"":2,""ratingsCount"":0,""checkinCount"":0,""listCount"":0,""watchlistCount"":0,""favoritePeopleCount"":0,""badgesCount"":2,""interestCount"":0",2023-06-15T16:06:23Z
10,ur211960802,https://www.imdb.com/user/ur211960802/?ref_=tturv_usr_1_t,2025-12-27,2,12,"""reviewCount"":2,""ratingsCount"":12,""checkinCount"":0,""listCount"":0,""watchlistCount"":1,""favoritePeopleCount"":0,""badgesCount"":2,""interestCount"":0",2025-12-27T13:40:01Z
10,ur211385710,https://www.imdb.com/user/ur211385710/?ref_=tturv_usr_1_t,2025-11-27,1,28,"""reviewCount"":1,""ratingsCount"":28,""checkinCount"":0,""listCount"":0,""watchlistCount"":0,""favoritePeopleCount"":0,""badgesCount"":2,""interestCount"":0",2025-11-27T20:09:06Z
10,ur211961129,https://www.imdb.com/user/ur211961129/?ref_=tturv_usr_1_t,2025-12-27,1,1,"""reviewCount"":1,""ratingsCount"":1,""checkinCount"":0,""listCount"":0,""watchlistCount"":1,""favoritePeopleCount"":0,""badgesCount"":2,""interestCount"":0",2025-12-27T13:21:48Z
10,ur120823536,https://www.imdb.com/user/ur120823536/?ref_=tturv_usr_1_t,2020-07-10,1,0,"""reviewCount"":1,""ratingsCount"":0,""checkinCount"":0,""listCount"":0,""watchlistCount"":0,""favoritePeopleCount"":0,""badgesCount"":2,""interestCount"":0",2020-07-10T15:18:25Z
10,ur126575163,https://www.imdb.com/user/ur126575163/?ref_=tturv_usr_1_t,2020-11-23,1,0,"""reviewCount"":1,""ratingsCount"":0,""checkinCount"":0,""listCount"":0,""watchlistCount"":1,""favoritePeopleCount"":0,""badgesCount"":2,""interestCount"":0",2020-11-23T18:11:52Z
10,ur211961040,https://www.imdb.com/user/ur211961040/?ref_=tturv_usr_1_t,2025-12-27,1,2,"""reviewCount"":1,""ratingsCount"":2,""checkinCount"":0,""listCount"":0,""watchlistCount"":0,""favoritePeopleCount"":0,""badgesCount"":2,""interestCount"":0",2025-12-27T13:10:45Z
10,ur170770496,https://www.imdb.com/user/ur170770496/?ref_=tturv_usr_1_t,2023-09-24,1,0,"""reviewCount"":1,""ratingsCount"":0,""checkinCount"":0,""listCount"":0,""watchlistCount"":0,""favoritePeopleCount"":0,""badgesCount"":2,""interestCount"":0",2023-09-24T09:04:17Z
10,ur178993826,https://www.imdb.com/user/ur178993826/?ref_=tturv_usr_1_t,2024-03-19,1,24,"""reviewCount"":1,""ratingsCount"":24,""checkinCount"":0,""listCount"":0,""watchlistCount"":0,""favoritePeopleCount"":0,""badgesCount"":2,""interestCount"":0",2024-03-19T14:17:38Z
10,ur131926308,https://www.imdb.com/user/ur131926308/?ref_=tturv_usr_1_t,2021-04-30,1,0,"""reviewCount"":1,""ratingsCount"":0,""checkinCount"":0,""listCount"":0,""watchlistCount"":0,""favoritePeopleCount"":0,""badgesCount"":2,""interestCount"":0",2021-04-30T23:47:27Z
10,ur211949172,https://www.imdb.com/user/ur211949172/?ref_=tturv_usr_1_t,2025-12-27,3,4,"""reviewCount"":3,""ratingsCount"":4,""checkinCount"":0,""listCount"":0,""watchlistCount"":0,""favoritePeopleCount"":0,""badgesCount"":3,""interestCount"":0",2025-12-27T02:15:23Z
10,ur211959931,https://www.imdb.com/user/ur211959931/?ref_=tturv_usr_1_t,2025-12-27,1,1,"""reviewCount"":1,""ratingsCount"":1,""checkinCount"":0,""listCount"":0,""watchlistCount"":0,""favoritePeopleCount"":0,""badgesCount"":2,""interestCount"":0",2025-12-27T12:22:29Z
10,ur211960358,https://www.imdb.com/user/ur211960358/?ref_=tturv_usr_1_t,2025-12-27,1,1,"""reviewCount"":1,""ratingsCount"":1,""checkinCount"":0,""listCount"":0,""watchlistCount"":0,""favoritePeopleCount"":0,""badgesCount"":2,""interestCount"":0",2025-12-27T12:23:51Z
10,ur181358374,https://www.imdb.com/user/ur181358374/?ref_=tturv_usr_1_t,2024-05-09,3,13,"""reviewCount"":3,""ratingsCount"":13,""checkinCount"":0,""listCount"":0,""watchlistCount"":0,""favoritePeopleCount"":0,""badgesCount"":2,""interestCount"":0",2024-05-09T17:23:27Z
10,ur185545512,https://www.imdb.com/user/ur185545512/?ref_=tturv_usr_1_t,2024-07-25,5,6,"""reviewCount"":5,""ratingsCount"":6,""checkinCount"":0,""listCount"":0,""watchlistCount"":12,""favoritePeopleCount"":0,""badgesCount"":2,""interestCount"":0",2024-07-25T04:53:53Z
10,ur207197822,https://www.imdb.com/user/ur207197822/?ref_=tturv_usr_1_t,2025-08-17,1,7,"""reviewCount"":1,""ratingsCount"":7,""checkinCount"":0,""listCount"":0,""watchlistCount"":1,""favoritePeopleCount"":0,""badgesCount"":2,""interestCount"":0",2025-08-17T23:09:11Z
10,ur211480217,https://www.imdb.com/user/ur211480217/?ref_=tturv_usr_1_t,2025-12-03,1,43,"""reviewCount"":1,""ratingsCount"":43,""checkinCount"":0,""listCount"":0,""watchlistCount"":1,""favoritePeopleCount"":0,""badgesCount"":2,""interestCount"":0",2025-12-03T11:00:30Z
10,ur211958470,https://www.imdb.com/user/ur211958470/?ref_=tturv_usr_1_t,2025-12-27,1,3,"""reviewCount"":1,""ratingsCount"":3,""checkinCount"":0,""listCount"":0,""watchlistCount"":0,""favoritePeopleCount"":0,""badgesCount"":2,""interestCount"":0",2025-12-27T10:30:50Z
10,ur211958502,https://www.imdb.com/user/ur211958502/?ref_=tturv_usr_1_t,2025-12-27,1,2,"""reviewCount"":1,""ratingsCount"":2,""checkinCount"":0,""listCount"":0,""watchlistCount"":0,""favoritePeopleCount"":0,""badgesCount"":2,""interestCount"":0",2025-12-27T10:56:19Z
10,ur135007632,https://www.imdb.com/user/ur135007632/?ref_=tturv_usr_1_t,2021-07-27,9,0,"""reviewCount"":9,""ratingsCount"":0,""checkinCount"":0,""listCount"":0,""watchlistCount"":2,""favoritePeopleCount"":0,""badgesCount"":2,""interestCount"":0",2021-07-27T06:54:35Z
10,ur207339405,https://www.imdb.com/user/ur207339405/?ref_=tturv_usr_1_t,2025-08-20,3,10,"""reviewCount"":3,""ratingsCount"":10,""checkinCount"":0,""listCount"":0,""watchlistCount"":0,""favoritePeopleCount"":0,""badgesCount"":2,""interestCount"":0",2025-08-20T17:13:08Z
10,ur208526556,https://www.imdb.com/user/ur208526556/?ref_=tturv_usr_1_t,2025-09-11,1,1,"""reviewCount"":1,""ratingsCount"":1,""checkinCount"":0,""listCount"":0,""watchlistCount"":0,""favoritePeopleCount"":0,""badgesCount"":2,""interestCount"":0",2025-09-11T13:00:13Z
10,ur211954817,https://www.imdb.com/user/ur211954817/?ref_=tturv_usr_1_t,2025-12-27,1,1,"""reviewCount"":1,""ratingsCount"":1,""checkinCount"":0,""listCount"":0,""watchlistCount"":0,""favoritePeopleCount"":0,""badgesCount"":2,""interestCount"":0",2025-12-27T09:47:07Z
10,ur204300487,https://www.imdb.com/user/ur204300487/?ref_=tturv_usr_1_t,2025-06-24,1,6,"""reviewCount"":1,""ratingsCount"":6,""checkinCount"":0,""listCount"":0,""watchlistCount"":3,""favoritePeopleCount"":0,""badgesCount"":2,""interestCount"":0",2025-06-24T17:43:06Z
10,ur70459690,https://www.imdb.com/user/ur70459690/?ref_=tturv_usr_1_t,2016-12-17,8,0,"""reviewCount"":8,""ratingsCount"":0,""checkinCount"":0,""listCount"":0,""watchlistCount"":0,""favoritePeopleCount"":0,""badgesCount"":2,""interestCount"":0",2016-12-17T19:05:04Z
10,ur201066113,https://www.imdb.com/user/ur201066113/?ref_=tturv_usr_1_t,2025-05-07,1,268,"""reviewCount"":1,""ratingsCount"":268,""checkinCount"":0,""listCount"":0,""watchlistCount"":0,""favoritePeopleCount"":0,""badgesCount"":2,""interestCount"":0",2025-05-07T21:33:14Z
10,ur198810524,https://www.imdb.com/user/ur198810524/?ref_=tturv_usr_1_t,2025-03-26,2,122,"""reviewCount"":2,""ratingsCount"":122,""checkinCount"":0,""listCount"":0,""watchlistCount"":5,""favoritePeopleCount"":0,""badgesCount"":2,""interestCount"":0",2025-03-26T04:22:19Z
10,ur199077221,https://www.imdb.com/user/ur199077221/?ref_=tturv_usr_1_t,2025-03-30,15,440,"""reviewCount"":15,""ratingsCount"":440,""checkinCount"":0,""listCount"":0,""watchlistCount"":36,""favoritePeopleCount"":0,""badgesCount"":2,""interestCount"":0",2025-03-30T12:43:52Z
10,ur211384047,https://www.imdb.com/user/ur211384047/?ref_=tturv_usr_1_t,2025-11-27,1,8,"""reviewCount"":1,""ratingsCount"":8,""checkinCount"":0,""listCount"":0,""watchlistCount"":0,""favoritePeopleCount"":0,""badgesCount"":2,""interestCount"":0",2025-11-27T19:48:06Z
10,ur211955952,https://www.imdb.com/user/ur211955952/?ref_=tturv_usr_1_t,2025-12-27,3,3,"""reviewCount"":3,""ratingsCount"":3,""checkinCount"":0,""listCount"":0,""watchlistCount"":0,""favoritePeopleCount"":0,""badgesCount"":2,""interestCount"":0",2025-12-27T08:23:22Z
10,ur211956448,https://www.imdb.com/user/ur211956448/?ref_=tturv_usr_1_t,2025-12-27,1,2,"""reviewCount"":1,""ratingsCount"":2,""checkinCount"":0,""listCount"":0,""watchlistCount"":0,""favoritePeopleCount"":0,""badgesCount"":2,""interestCount"":0",2025-12-27T08:28:30Z
10,ur154974624,https://www.imdb.com/user/ur154974624/?ref_=tturv_usr_1_t,2022-07-24,1,0,"""reviewCount"":1,""ratingsCount"":0,""checkinCount"":0,""listCount"":0,""watchlistCount"":0,""favoritePeopleCount"":0,""badgesCount"":3,""interestCount"":0",2022-07-24T15:02:01Z
10,ur211945535,https://www.imdb.com/user/ur211945535/?ref_=tturv_usr_1_t,2025-12-26,1,1,"""reviewCount"":1,""ratingsCount"":1,""checkinCount"":0,""listCount"":0,""watchlistCount"":0,""favoritePeopleCount"":0,""badgesCount"":2,""interestCount"":0",2025-12-26T23:38:56Z
10,ur211955079,https://www.imdb.com/user/ur211955079/?ref_=tturv_usr_1_t,2025-12-27,1,8,"""reviewCount"":1,""ratingsCount"":8,""checkinCount"":0,""listCount"":0,""watchlistCount"":0,""favoritePeopleCount"":0,""badgesCount"":2,""interestCount"":0",2025-12-27T07:31:17Z
10,ur211027296,https://www.imdb.com/user/ur211027296/?ref_=tturv_usr_1_t,2025-11-07,3,24,"""reviewCount"":3,""ratingsCount"":24,""checkinCount"":0,""listCount"":0,""watchlistCount"":0,""favoritePeopleCount"":0,""badgesCount"":3,""interestCount"":0",2025-11-07T07:11:48Z
10,ur67655397,https://www.imdb.com/user/ur67655397/?ref_=tturv_usr_1_t,2016-06-19,1,0,"""reviewCount"":1,""ratingsCount"":0,""checkinCount"":0,""listCount"":0,""watchlistCount"":0,""favoritePeopleCount"":0,""badgesCount"":2,""interestCount"":0",2016-06-19T08:01:23Z
10,ur211732517,https://www.imdb.com/user/ur211732517/?ref_=tturv_usr_1_t,2025-12-16,3,7,"""reviewCount"":3,""ratingsCount"":7,""checkinCount"":0,""listCount"":0,""watchlistCount"":0,""favoritePeopleCount"":0,""badgesCount"":2,""interestCount"":0",2025-12-16T15:17:38Z
10,ur211954083,https://www.imdb.com/user/ur211954083/?ref_=tturv_usr_1_t,2025-12-27,1,5,"""reviewCount"":1,""ratingsCount"":5,""checkinCount"":0,""listCount"":0,""watchlistCount"":0,""favoritePeopleCount"":0,""badgesCount"":2,""interestCount"":0",2025-12-27T07:08:54Z
10,ur204359617,https://www.imdb.com/user/ur204359617/?ref_=tturv_usr_1_t,2025-06-26,3,5,"""reviewCount"":3,""ratingsCount"":5,""checkinCount"":0,""listCount"":0,""watchlistCount"":8,""favoritePeopleCount"":0,""badgesCount"":2,""interestCount"":0",2025-06-26T03:12:15Z
10,ur60652725,https://www.imdb.com/user/ur60652725/?ref_=tturv_usr_1_t,2015-05-29,1,0,"""reviewCount"":1,""ratingsCount"":0,""checkinCount"":0,""listCount"":0,""watchlistCount"":0,""favoritePeopleCount"":0,""badgesCount"":2,""interestCount"":0",2015-05-29T15:08:54Z
10,ur211944720,https://www.imdb.com/user/ur211944720/?ref_=tturv_usr_1_t,2025-12-26,1,20,"""reviewCount"":1,""ratingsCount"":20,""checkinCount"":0,""listCount"":0,""watchlistCount"":0,""favoritePeopleCount"":0,""badgesCount"":2,""interestCount"":0",2025-12-26T22:36:26Z
10,ur211953251,https://www.imdb.com/user/ur211953251/?ref_=tturv_usr_1_t,2025-12-27,1,3,"""reviewCount"":1,""ratingsCount"":3,""checkinCount"":0,""listCount"":0,""watchlistCount"":0,""favoritePeopleCount"":0,""badgesCount"":2,""interestCount"":0",2025-12-27T06:19:04Z
10,ur211953841,https://www.imdb.com/user/ur211953841/?ref_=tturv_usr_1_t,2025-12-27,2,12,"""reviewCount"":2,""ratingsCount"":12,""checkinCount"":0,""listCount"":0,""watchlistCount"":2,""favoritePeopleCount"":0,""badgesCount"":2,""interestCount"":0",2025-12-27T06:33:33Z
10,ur166424675,https://www.imdb.com/user/ur166424675/?ref_=tturv_usr_1_t,2023-06-13,1,0,"""reviewCount"":1,""ratingsCount"":0,""checkinCount"":0,""listCount"":0,""watchlistCount"":0,""favoritePeopleCount"":0,""badgesCount"":2,""interestCount"":0",2023-06-13T00:12:45Z
10,ur211951294,https://www.imdb.com/user/ur211951294/?ref_=tturv_usr_1_t,2025-12-27,1,3,"""reviewCount"":1,""ratingsCount"":3,""checkinCount"":0,""listCount"":0,""watchlistCount"":0,""favoritePeopleCount"":0,""badgesCount"":2,""interestCount"":0",2025-12-27T05:42:27Z
10,ur211951981,https://www.imdb.com/user/ur211951981/?ref_=tturv_usr_1_t,2025-12-27,1,2,"""reviewCount"":1,""ratingsCount"":2,""checkinCount"":0,""listCount"":0,""watchlistCount"":0,""favoritePeopleCount"":0,""badgesCount"":2,""interestCount"":0",2025-12-27T04:51:20Z
10,ur211951701,https://www.imdb.com/user/ur211951701/?ref_=tturv_usr_1_t,2025-12-27,1,2,"""reviewCount"":1,""ratingsCount"":2,""checkinCount"":0,""listCount"":0,""watchlistCount"":1,""favoritePeopleCount"":0,""badgesCount"":2,""interestCount"":0",2025-12-27T04:39:07Z
10,ur120315054,https://www.imdb.com/user/ur120315054/?ref_=tturv_usr_1_t,2020-06-28,1,0,"""reviewCount"":1,""ratingsCount"":0,""checkinCount"":0,""listCount"":0,""watchlistCount"":0,""favoritePeopleCount"":0,""badgesCount"":2,""interestCount"":0",2020-06-28T06:19:28Z
10,ur211950476,https://www.imdb.com/user/ur211950476/?ref_=tturv_usr_1_t,2025-12-27,2,5,"""reviewCount"":2,""ratingsCount"":5,""checkinCount"":0,""listCount"":0,""watchlistCount"":0,""favoritePeopleCount"":0,""badgesCount"":2,""interestCount"":0",2025-12-27T04:31:32Z
10,ur211950824,https://www.imdb.com/user/ur211950824/?ref_=tturv_usr_1_t,2025-12-27,1,2,"""reviewCount"":1,""ratingsCount"":2,""checkinCount"":0,""listCount"":0,""watchlistCount"":0,""favoritePeopleCount"":0,""badgesCount"":2,""interestCount"":0",2025-12-27T04:09:52Z
10,ur165589482,https://www.imdb.com/user/ur165589482/?ref_=tturv_usr_1_t,2023-05-18,1,0,"""reviewCount"":1,""ratingsCount"":0,""checkinCount"":0,""listCount"":0,""watchlistCount"":0,""favoritePeopleCount"":0,""badgesCount"":2,""interestCount"":0",2023-05-18T12:10:37Z
10,ur211940108,https://www.imdb.com/user/ur211940108/?ref_=tturv_usr_1_t,2025-12-26,1,8,"""reviewCount"":1,""ratingsCount"":8,""checkinCount"":0,""listCount"":0,""watchlistCount"":0,""favoritePeopleCount"":0,""badgesCount"":2,""interestCount"":0",2025-12-26T18:58:18Z
10,ur194935796,https://www.imdb.com/user/ur194935796/?ref_=tturv_usr_1_t,2025-01-10,1,94,"""reviewCount"":1,""ratingsCount"":94,""checkinCount"":0,""listCount"":0,""watchlistCount"":3,""favoritePeopleCount"":0,""badgesCount"":2,""interestCount"":0",2025-01-10T19:19:49Z
10,ur210644074,https://www.imdb.com/user/ur210644074/?ref_=tturv_usr_1_t,2025-10-20,1,43,"""reviewCount"":1,""ratingsCount"":43,""checkinCount"":0,""listCount"":0,""watchlistCount"":0,""favoritePeopleCount"":0,""badgesCount"":2,""interestCount"":0",2025-10-20T03:15:46Z
10,ur133683228,https://www.imdb.com/user/ur133683228/?ref_=tturv_usr_1_t,2021-06-15,1,0,"""reviewCount"":1,""ratingsCount"":0,""checkinCount"":0,""listCount"":0,""watchlistCount"":2,""favoritePeopleCount"":0,""badgesCount"":2,""interestCount"":0",2021-06-15T19:07:38Z
10,ur211943848,https://www.imdb.com/user/ur211943848/?ref_=tturv_usr_1_t,2025-12-26,1,1,"""reviewCount"":1,""ratingsCount"":1,""checkinCount"":0,""listCount"":0,""watchlistCount"":1,""favoritePeopleCount"":0,""badgesCount"":2,""interestCount"":0",2025-12-26T21:46:35Z
10,ur210491199,https://www.imdb.com/user/ur210491199/?ref_=tturv_usr_1_t,2025-10-13,1,49,"""reviewCount"":1,""ratingsCount"":49,""checkinCount"":0,""listCount"":0,""watchlistCount"":7,""favoritePeopleCount"":0,""badgesCount"":2,""interestCount"":0",2025-10-13T18:26:03Z
10,ur206731047,https://www.imdb.com/user/ur206731047/?ref_=tturv_usr_1_t,2025-08-09,1,3,"""reviewCount"":1,""ratingsCount"":3,""checkinCount"":0,""listCount"":0,""watchlistCount"":0,""favoritePeopleCount"":0,""badgesCount"":2,""interestCount"":0",2025-08-09T01:22:29Z
10,ur211950408,https://www.imdb.com/user/ur211950408/?ref_=tturv_usr_1_t,2025-12-27,1,1,"""reviewCount"":1,""ratingsCount"":1,""checkinCount"":0,""listCount"":0,""watchlistCount"":0,""favoritePeopleCount"":0,""badgesCount"":2,""interestCount"":0",2025-12-27T03:08:13Z
10,ur168498241,https://www.imdb.com/user/ur168498241/?ref_=tturv_usr_1_t,2023-07-26,4,0,"""reviewCount"":4,""ratingsCount"":0,""checkinCount"":0,""listCount"":0,""watchlistCount"":0,""favoritePeopleCount"":0,""badgesCount"":2,""interestCount"":0",2023-07-26T06:05:17Z
10,ur211949599,https://www.imdb.com/user/ur211949599/?ref_=tturv_usr_1_t,2025-12-27,1,3,"""reviewCount"":1,""ratingsCount"":3,""checkinCount"":0,""listCount"":0,""watchlistCount"":0,""favoritePeopleCount"":0,""badgesCount"":2,""interestCount"":0",2025-12-27T02:27:20Z
10,ur211410942,https://www.imdb.com/user/ur211410942/?ref_=tturv_usr_1_t,2025-11-29,1,22,"""reviewCount"":1,""ratingsCount"":22,""checkinCount"":0,""listCount"":0,""watchlistCount"":0,""favoritePeopleCount"":0,""badgesCount"":2,""interestCount"":0",2025-11-29T10:17:22Z
10,ur88423247,https://www.imdb.com/user/ur88423247/?ref_=tturv_usr_1_t,2018-05-19,1,0,"""reviewCount"":1,""ratingsCount"":0,""checkinCount"":0,""listCount"":0,""watchlistCount"":0,""favoritePeopleCount"":0,""badgesCount"":2,""interestCount"":0",2018-05-19T23:02:54Z
10,ur211947921,https://www.imdb.com/user/ur211947921/?ref_=tturv_usr_1_t,2025-12-27,2,2,"""reviewCount"":2,""ratingsCount"":2,""checkinCount"":0,""listCount"":0,""watchlistCount"":0,""favoritePeopleCount"":0,""badgesCount"":2,""interestCount"":0",2025-12-27T01:52:53Z
10,ur189210280,https://www.imdb.com/user/ur189210280/?ref_=tturv_usr_1_t,2024-10-01,1,16,"""reviewCount"":1,""ratingsCount"":16,""checkinCount"":0,""listCount"":0,""watchlistCount"":1,""favoritePeopleCount"":0,""badgesCount"":2,""interestCount"":0",2024-10-01T14:30:25Z
10,ur211935554,https://www.imdb.com/user/ur211935554/?ref_=tturv_usr_1_t,2025-12-26,1,6,"""reviewCount"":1,""ratingsCount"":6,""checkinCount"":0,""listCount"":0,""watchlistCount"":0,""favoritePeopleCount"":0,""badgesCount"":2,""interestCount"":0",2025-12-26T16:33:36Z
10,ur211943589,https://www.imdb.com/user/ur211943589/?ref_=tturv_usr_1_t,2025-12-26,1,6,"""reviewCount"":1,""ratingsCount"":6,""checkinCount"":0,""listCount"":0,""watchlistCount"":0,""favoritePeopleCount"":0,""badgesCount"":2,""interestCount"":0",2025-12-26T21:38:47Z
10,ur211774198,https://www.imdb.com/user/ur211774198/?ref_=tturv_usr_1_t,2025-12-18,1,58,"""reviewCount"":1,""ratingsCount"":58,""checkinCount"":0,""listCount"":0,""watchlistCount"":0,""favoritePeopleCount"":0,""badgesCount"":2,""interestCount"":0",2025-12-18T17:45:44Z
10,ur211946754,https://www.imdb.com/user/ur211946754/?ref_=tturv_usr_1_t,2025-12-27,1,1,"""reviewCount"":1,""ratingsCount"":1,""checkinCount"":0,""listCount"":0,""watchlistCount"":0,""favoritePeopleCount"":0,""badgesCount"":2,""interestCount"":0",2025-12-27T00:50:03Z
10,ur164140975,https://www.imdb.com/user/ur164140975/?ref_=tturv_usr_1_t,2023-04-06,2,0,"""reviewCount"":2,""ratingsCount"":0,""checkinCount"":0,""listCount"":0,""watchlistCount"":0,""favoritePeopleCount"":0,""badgesCount"":2,""interestCount"":0",2023-04-06T07:25:58Z
10,ur211390179,https://www.imdb.com/user/ur211390179/?ref_=tturv_usr_1_t,2025-11-28,1,117,"""reviewCount"":1,""ratingsCount"":117,""checkinCount"":0,""listCount"":0,""watchlistCount"":0,""favoritePeopleCount"":0,""badgesCount"":2,""interestCount"":0",2025-11-28T03:15:00Z
10,ur211936349,https://www.imdb.com/user/ur211936349/?ref_=tturv_usr_1_t,2025-12-26,1,1,"""reviewCount"":1,""ratingsCount"":1,""checkinCount"":0,""listCount"":0,""watchlistCount"":0,""favoritePeopleCount"":0,""badgesCount"":2,""interestCount"":0",2025-12-26T16:22:49Z
10,ur25372864,https://www.imdb.com/user/ur25372864/?ref_=tturv_usr_1_t,2011-03-21,1,0,"""reviewCount"":1,""ratingsCount"":0,""checkinCount"":0,""listCount"":0,""watchlistCount"":0,""favoritePeopleCount"":0,""badgesCount"":2,""interestCount"":0",2011-03-21T05:11:30Z
10,ur195414361,https://www.imdb.com/user/ur195414361/?ref_=tturv_usr_1_t,2025-01-19,1,2,"""reviewCount"":1,""ratingsCount"":2,""checkinCount"":0,""listCount"":0,""watchlistCount"":0,""favoritePeopleCount"":0,""badgesCount"":2,""interestCount"":0",2025-01-19T00:06:08Z
10,ur211946969,https://www.imdb.com/user/ur211946969/?ref_=tturv_usr_1_t,2025-12-26,1,1,"""reviewCount"":1,""ratingsCount"":1,""checkinCount"":0,""listCount"":0,""watchlistCount"":0,""favoritePeopleCount"":0,""badgesCount"":2,""interestCount"":0",2025-12-26T23:57:16Z
10,ur211946311,https://www.imdb.com/user/ur211946311/?ref_=tturv_usr_1_t,2025-12-26,1,4,"""reviewCount"":1,""ratingsCount"":4,""checkinCount"":0,""listCount"":0,""watchlistCount"":0,""favoritePeopleCount"":0,""badgesCount"":2,""interestCount"":0",2025-12-26T23:58:41Z
10,ur211946668,https://www.imdb.com/user/ur211946668/?ref_=tturv_usr_1_t,2025-12-26,2,2,"""reviewCount"":2,""ratingsCount"":2,""checkinCount"":0,""listCount"":0,""watchlistCount"":0,""favoritePeopleCount"":0,""badgesCount"":2,""interestCount"":0",2025-12-26T23:41:38Z
10,ur211945445,https://www.imdb.com/user/ur211945445/?ref_=tturv_usr_1_t,2025-12-26,1,1,"""reviewCount"":1,""ratingsCount"":1,""checkinCount"":0,""listCount"":0,""watchlistCount"":0,""favoritePeopleCount"":0,""badgesCount"":2,""interestCount"":0",2025-12-26T23:54:53Z
10,ur201512602,https://www.imdb.com/user/ur201512602/?ref_=tturv_usr_1_t,2025-05-17,2,9,"""reviewCount"":2,""ratingsCount"":9,""checkinCount"":0,""listCount"":0,""watchlistCount"":0,""favoritePeopleCount"":0,""badgesCount"":2,""interestCount"":0",2025-05-17T10:06:24Z
10,ur211945311,https://www.imdb.com/user/ur211945311/?ref_=tturv_usr_1_t,2025-12-26,1,2,"""reviewCount"":1,""ratingsCount"":2,""checkinCount"":0,""listCount"":0,""watchlistCount"":0,""favoritePeopleCount"":0,""badgesCount"":2,""interestCount"":0",2025-12-26T23:12:10Z
10,ur211945290,https://www.imdb.com/user/ur211945290/?ref_=tturv_usr_1_t,2025-12-26,1,3,"""reviewCount"":1,""ratingsCount"":3,""checkinCount"":0,""listCount"":0,""watchlistCount"":0,""favoritePeopleCount"":0,""badgesCount"":2,""interestCount"":0",2025-12-26T22:56:20Z
10,ur102025852,https://www.imdb.com/user/ur102025852/?ref_=tturv_usr_1_t,2019-04-23,1,0,"""reviewCount"":1,""ratingsCount"":0,""checkinCount"":0,""listCount"":0,""watchlistCount"":0,""favoritePeopleCount"":0,""badgesCount"":2,""interestCount"":0",2019-04-23T08:04:00Z
10,ur211943789,https://www.imdb.com/user/ur211943789/?ref_=tturv_usr_1_t,2025-12-26,1,4,"""reviewCount"":1,""ratingsCount"":4,""checkinCount"":0,""listCount"":0,""watchlistCount"":0,""favoritePeopleCount"":0,""badgesCount"":2,""interestCount"":0",2025-12-26T21:50:34Z
10,ur146181606,https://www.imdb.com/user/ur146181606/?ref_=tturv_usr_1_t,2021-12-01,1,0,"""reviewCount"":1,""ratingsCount"":0,""checkinCount"":0,""listCount"":0,""watchlistCount"":0,""favoritePeopleCount"":0,""badgesCount"":2,""interestCount"":0",2021-12-01T09:51:24Z
10,ur211944032,https://www.imdb.com/user/ur211944032/?ref_=tturv_usr_1_t,2025-12-26,1,5,"""reviewCount"":1,""ratingsCount"":5,""checkinCount"":0,""listCount"":0,""watchlistCount"":0,""favoritePeopleCount"":0,""badgesCount"":2,""interestCount"":0",2025-12-26T22:27:20Z
10,ur205830910,https://www.imdb.com/user/ur205830910/?ref_=tturv_usr_1_t,2025-07-23,1,482,"""reviewCount"":1,""ratingsCount"":482,""checkinCount"":0,""listCount"":2,""watchlistCount"":2,""favoritePeopleCount"":0,""badgesCount"":2,""interestCount"":0",2025-07-23T21:27:57Z
10,ur211943423,https://www.imdb.com/user/ur211943423/?ref_=tturv_usr_1_t,2025-12-26,1,34,"""reviewCount"":1,""ratingsCount"":34,""checkinCount"":0,""listCount"":0,""watchlistCount"":0,""favoritePeopleCount"":0,""badgesCount"":2,""interestCount"":0",2025-12-26T22:21:24Z
10,ur198206500,https://www.imdb.com/user/ur198206500/?ref_=tturv_usr_1_t,2025-03-13,4,514,"""reviewCount"":4,""ratingsCount"":514,""checkinCount"":0,""listCount"":0,""watchlistCount"":1,""favoritePeopleCount"":0,""badgesCount"":4,""interestCount"":0",2025-03-13T21:49:03Z
10,ur211944398,https://www.imdb.com/user/ur211944398/?ref_=tturv_usr_1_t,2025-12-26,1,9,"""reviewCount"":1,""ratingsCount"":9,""checkinCount"":0,""listCount"":0,""watchlistCount"":0,""favoritePeopleCount"":0,""badgesCount"":2,""interestCount"":0",2025-12-26T22:07:07Z
10,ur206729578,https://www.imdb.com/user/ur206729578/?ref_=tturv_usr_1_t,2025-08-08,1,25,"""reviewCount"":1,""ratingsCount"":25,""checkinCount"":0,""listCount"":0,""watchlistCount"":1,""favoritePeopleCount"":0,""badgesCount"":2,""interestCount"":0",2025-08-08T23:32:38Z
10,ur182776337,https://www.imdb.com/user/ur182776337/?ref_=tturv_usr_1_t,2024-06-05,1,16,"""reviewCount"":1,""ratingsCount"":16,""checkinCount"":0,""listCount"":0,""watchlistCount"":24,""favoritePeopleCount"":0,""badgesCount"":2,""interestCount"":0",2024-06-05T18:04:28Z
10,ur211940638,https://www.imdb.com/user/ur211940638/?ref_=tturv_usr_1_t,2025-12-26,1,28,"""reviewCount"":1,""ratingsCount"":28,""checkinCount"":0,""listCount"":0,""watchlistCount"":23,""favoritePeopleCount"":0,""badgesCount"":2,""interestCount"":0",2025-12-26T19:20:16Z
10,ur200782509,https://www.imdb.com/user/ur200782509/?ref_=tturv_usr_1_t,2025-05-02,1,31,"""reviewCount"":1,""ratingsCount"":31,""checkinCount"":0,""listCount"":0,""watchlistCount"":0,""favoritePeopleCount"":0,""badgesCount"":2,""interestCount"":0",2025-05-02T02:35:34Z
10,ur211943708,https://www.imdb.com/user/ur211943708/?ref_=tturv_usr_1_t,2025-12-26,1,5,"""reviewCount"":1,""ratingsCount"":5,""checkinCount"":0,""listCount"":0,""watchlistCount"":0,""favoritePeopleCount"":0,""badgesCount"":2,""interestCount"":0",2025-12-26T21:41:44Z
10,ur178610168,https://www.imdb.com/user/ur178610168/?ref_=tturv_usr_1_t,2024-03-10,2,3,"""reviewCount"":2,""ratingsCount"":3,""checkinCount"":0,""listCount"":0,""watchlistCount"":0,""favoritePeopleCount"":0,""badgesCount"":2,""interestCount"":0",2024-03-10T23:53:29Z
10,ur211942405,https://www.imdb.com/user/ur211942405/?ref_=tturv_usr_1_t,2025-12-26,1,3,"""reviewCount"":1,""ratingsCount"":3,""checkinCount"":0,""listCount"":0,""watchlistCount"":0,""favoritePeopleCount"":0,""badgesCount"":2,""interestCount"":0",2025-12-26T21:19:59Z
10,ur111299525,https://www.imdb.com/user/ur111299525/?ref_=tturv_usr_1_t,2019-12-20,6,0,"""reviewCount"":6,""ratingsCount"":0,""checkinCount"":0,""listCount"":0,""watchlistCount"":0,""favoritePeopleCount"":0,""badgesCount"":2,""interestCount"":0",2019-12-20T00:50:02Z
10,ur211380105,https://www.imdb.com/user/ur211380105/?ref_=tturv_usr_1_t,2025-11-27,1,6,"""reviewCount"":1,""ratingsCount"":6,""checkinCount"":0,""listCount"":0,""watchlistCount"":0,""favoritePeopleCount"":0,""badgesCount"":2,""interestCount"":0",2025-11-27T14:16:56Z
10,ur76183942,https://www.imdb.com/user/ur76183942/?ref_=tturv_usr_1_t,2017-05-12,1,0,"""reviewCount"":1,""ratingsCount"":0,""checkinCount"":0,""listCount"":0,""watchlistCount"":0,""favoritePeopleCount"":0,""badgesCount"":2,""interestCount"":0",2017-05-12T01:22:25Z
10,ur211942058,https://www.imdb.com/user/ur211942058/?ref_=tturv_usr_1_t,2025-12-26,3,3,"""reviewCount"":3,""ratingsCount"":3,""checkinCount"":0,""listCount"":0,""watchlistCount"":0,""favoritePeopleCount"":0,""badgesCount"":2,""interestCount"":0",2025-12-26T20:20:02Z
10,ur176909160,https://www.imdb.com/user/ur176909160/?ref_=tturv_usr_1_t,2024-02-03,1,0,"""reviewCount"":1,""ratingsCount"":0,""checkinCount"":0,""listCount"":0,""watchlistCount"":0,""favoritePeopleCount"":0,""badgesCount"":2,""interestCount"":0",2024-02-03T21:43:58Z
10,ur211938455,https://www.imdb.com/user/ur211938455/?ref_=tturv_usr_1_t,2025-12-26,1,54,"""reviewCount"":1,""ratingsCount"":54,""checkinCount"":0,""listCount"":0,""watchlistCount"":1,""favoritePeopleCount"":0,""badgesCount"":2,""interestCount"":0",2025-12-26T18:32:17Z
10,ur211939220,https://www.imdb.com/user/ur211939220/?ref_=tturv_usr_1_t,2025-12-26,1,8,"""reviewCount"":1,""ratingsCount"":8,""checkinCount"":0,""listCount"":0,""watchlistCount"":0,""favoritePeopleCount"":0,""badgesCount"":2,""interestCount"":0",2025-12-26T18:33:50Z
10,ur199565959,https://www.imdb.com/user/ur199565959/?ref_=tturv_usr_1_t,2025-04-08,1,87,"""reviewCount"":1,""ratingsCount"":87,""checkinCount"":0,""listCount"":0,""watchlistCount"":1,""favoritePeopleCount"":0,""badgesCount"":2,""interestCount"":0",2025-04-08T03:20:07Z
10,ur211937464,https://www.imdb.com/user/ur211937464/?ref_=tturv_usr_1_t,2025-12-26,1,4,"""reviewCount"":1,""ratingsCount"":4,""checkinCount"":0,""listCount"":0,""watchlistCount"":1,""favoritePeopleCount"":0,""badgesCount"":2,""interestCount"":0",2025-12-26T18:29:42Z
10,ur211929017,https://www.imdb.com/user/ur211929017/?ref_=tturv_usr_1_t,2025-12-26,1,9,"""reviewCount"":1,""ratingsCount"":9,""checkinCount"":0,""listCount"":0,""watchlistCount"":0,""favoritePeopleCount"":0,""badgesCount"":2,""interestCount"":0",2025-12-26T10:04:17Z
10,ur211938255,https://www.imdb.com/user/ur211938255/?ref_=tturv_usr_1_t,2025-12-26,1,1,"""reviewCount"":1,""ratingsCount"":1,""checkinCount"":0,""listCount"":0,""watchlistCount"":0,""favoritePeopleCount"":0,""badgesCount"":2,""interestCount"":0",2025-12-26T18:12:29Z
10,ur211937311,https://www.imdb.com/user/ur211937311/?ref_=tturv_usr_1_t,2025-12-26,1,5,"""reviewCount"":1,""ratingsCount"":5,""checkinCount"":0,""listCount"":0,""watchlistCount"":0,""favoritePeopleCount"":0,""badgesCount"":2,""interestCount"":0",2025-12-26T17:14:50Z
10,ur211938182,https://www.imdb.com/user/ur211938182/?ref_=tturv_usr_1_t,2025-12-26,1,2,"""reviewCount"":1,""ratingsCount"":2,""checkinCount"":0,""listCount"":0,""watchlistCount"":0,""favoritePeopleCount"":0,""badgesCount"":2,""interestCount"":0",2025-12-26T18:05:43Z
10,ur211938548,https://www.imdb.com/user/ur211938548/?ref_=tturv_usr_1_t,2025-12-26,1,2,"""reviewCount"":1,""ratingsCount"":2,""checkinCount"":0,""listCount"":0,""watchlistCount"":0,""favoritePeopleCount"":0,""badgesCount"":2,""interestCount"":0",2025-12-26T17:58:26Z
10,ur211936615,https://www.imdb.com/user/ur211936615/?ref_=tturv_usr_1_t,2025-12-26,1,12,"""reviewCount"":1,""ratingsCount"":12,""checkinCount"":0,""listCount"":0,""watchlistCount"":2,""favoritePeopleCount"":0,""badgesCount"":2,""interestCount"":0",2025-12-26T17:43:38Z
10,ur211938289,https://www.imdb.com/user/ur211938289/?ref_=tturv_usr_1_t,2025-12-26,1,6,"""reviewCount"":1,""ratingsCount"":6,""checkinCount"":0,""listCount"":0,""watchlistCount"":0,""favoritePeopleCount"":0,""badgesCount"":2,""interestCount"":0",2025-12-26T17:44:45Z
10,ur211938150,https://www.imdb.com/user/ur211938150/?ref_=tturv_usr_1_t,2025-12-26,1,42,"""reviewCount"":1,""ratingsCount"":42,""checkinCount"":0,""listCount"":0,""watchlistCount"":0,""favoritePeopleCount"":0,""badgesCount"":2,""interestCount"":0",2025-12-26T17:41:12Z
10,ur211937524,https://www.imdb.com/user/ur211937524/?ref_=tturv_usr_1_t,2025-12-26,1,5,"""reviewCount"":1,""ratingsCount"":5,""checkinCount"":0,""listCount"":0,""watchlistCount"":0,""favoritePeopleCount"":0,""badgesCount"":2,""interestCount"":0",2025-12-26T17:31:54Z
10,ur211936745,https://www.imdb.com/user/ur211936745/?ref_=tturv_usr_1_t,2025-12-26,1,4,"""reviewCount"":1,""ratingsCount"":4,""checkinCount"":0,""listCount"":0,""watchlistCount"":0,""favoritePeopleCount"":0,""badgesCount"":2,""interestCount"":0",2025-12-26T17:15:30Z
10,ur211936056,https://www.imdb.com/user/ur211936056/?ref_=tturv_usr_1_t,2025-12-26,1,4,"""reviewCount"":1,""ratingsCount"":4,""checkinCount"":0,""listCount"":0,""watchlistCount"":0,""favoritePeopleCount"":0,""badgesCount"":2,""interestCount"":0",2025-12-26T17:07:58Z
10,ur204499509,https://www.imdb.com/user/ur204499509/?ref_=tturv_usr_1_t,2025-06-29,1,5,"""reviewCount"":1,""ratingsCount"":5,""checkinCount"":0,""listCount"":0,""watchlistCount"":0,""favoritePeopleCount"":0,""badgesCount"":2,""interestCount"":0",2025-06-29T02:06:17Z
10,ur134619956,https://www.imdb.com/user/ur134619956/?ref_=tturv_usr_1_t,2021-07-15,1,0,"""reviewCount"":1,""ratingsCount"":0,""checkinCount"":0,""listCount"":0,""watchlistCount"":0,""favoritePeopleCount"":0,""badgesCount"":2,""interestCount"":0",2021-07-15T16:49:21Z
10,ur83712444,https://www.imdb.com/user/ur83712444/?ref_=tturv_usr_1_t,2017-12-27,5,0,"""reviewCount"":5,""ratingsCount"":0,""checkinCount"":0,""listCount"":0,""watchlistCount"":0,""favoritePeopleCount"":0,""badgesCount"":2,""interestCount"":0",2017-12-27T13:51:34Z
10,ur211934807,https://www.imdb.com/user/ur211934807/?ref_=tturv_usr_1_t,2025-12-26,1,2,"""reviewCount"":1,""ratingsCount"":2,""checkinCount"":0,""listCount"":0,""watchlistCount"":0,""favoritePeopleCount"":0,""badgesCount"":2,""interestCount"":0",2025-12-26T16:18:38Z
10,ur211935304,https://www.imdb.com/user/ur211935304/?ref_=tturv_usr_1_t,2025-12-26,1,4,"""reviewCount"":1,""ratingsCount"":4,""checkinCount"":0,""listCount"":0,""watchlistCount"":0,""favoritePeopleCount"":0,""badgesCount"":2,""interestCount"":0",2025-12-26T16:22:12Z
10,ur211932682,https://www.imdb.com/user/ur211932682/?ref_=tturv_usr_1_t,2025-12-26,1,14,"""reviewCount"":1,""ratingsCount"":14,""checkinCount"":0,""listCount"":0,""watchlistCount"":0,""favoritePeopleCount"":0,""badgesCount"":3,""interestCount"":0",2025-12-26T13:50:55Z
10,ur158420144,https://www.imdb.com/user/ur158420144/?ref_=tturv_usr_1_t,2022-11-03,4,0,"""reviewCount"":4,""ratingsCount"":0,""checkinCount"":0,""listCount"":0,""watchlistCount"":7,""favoritePeopleCount"":0,""badgesCount"":2,""interestCount"":0",2022-11-03T13:51:45Z
10,ur160642896,https://www.imdb.com/user/ur160642896/?ref_=tturv_usr_1_t,2023-01-01,1,0,"""reviewCount"":1,""ratingsCount"":0,""checkinCount"":0,""listCount"":0,""watchlistCount"":0,""favoritePeopleCount"":0,""badgesCount"":2,""interestCount"":0",2023-01-01T20:40:19Z
10,ur194888721,https://www.imdb.com/user/ur194888721/?ref_=tturv_usr_1_t,2025-01-09,1,3,"""reviewCount"":1,""ratingsCount"":3,""checkinCount"":0,""listCount"":0,""watchlistCount"":27,""favoritePeopleCount"":0,""badgesCount"":2,""interestCount"":0",2025-01-09T23:40:24Z
10,ur211933103,https://www.imdb.com/user/ur211933103/?ref_=tturv_usr_1_t,2025-12-26,1,2,"""reviewCount"":1,""ratingsCount"":2,""checkinCount"":0,""listCount"":0,""watchlistCount"":0,""favoritePeopleCount"":0,""badgesCount"":2,""interestCount"":0",2025-12-26T15:28:46Z
10,ur211935948,https://www.imdb.com/user/ur211935948/?ref_=tturv_usr_1_t,2025-12-26,2,10,"""reviewCount"":2,""ratingsCount"":10,""checkinCount"":0,""listCount"":0,""watchlistCount"":0,""favoritePeopleCount"":0,""badgesCount"":2,""interestCount"":0",2025-12-26T15:58:56Z
10,ur149930820,https://www.imdb.com/user/ur149930820/?ref_=tturv_usr_1_t,2022-02-14,1,213,"""reviewCount"":1,""ratingsCount"":213,""checkinCount"":0,""listCount"":0,""watchlistCount"":17,""favoritePeopleCount"":0,""badgesCount"":2,""interestCount"":0",2022-02-14T13:55:37Z
10,ur211934828,https://www.imdb.com/user/ur211934828/?ref_=tturv_usr_1_t,2025-12-26,1,6,"""reviewCount"":1,""ratingsCount"":6,""checkinCount"":0,""listCount"":0,""watchlistCount"":0,""favoritePeopleCount"":0,""badgesCount"":2,""interestCount"":0",2025-12-26T15:10:31Z
10,ur211703847,https://www.imdb.com/user/ur211703847/?ref_=tturv_usr_1_t,2025-12-15,1,3,"""reviewCount"":1,""ratingsCount"":3,""checkinCount"":0,""listCount"":0,""watchlistCount"":0,""favoritePeopleCount"":0,""badgesCount"":2,""interestCount"":0",2025-12-15T03:35:05Z
10,ur211415488,https://www.imdb.com/user/ur211415488/?ref_=tturv_usr_1_t,2025-11-29,2,18,"""reviewCount"":2,""ratingsCount"":18,""checkinCount"":0,""listCount"":0,""watchlistCount"":1,""favoritePeopleCount"":0,""badgesCount"":2,""interestCount"":0",2025-11-29T14:52:07Z
10,ur211934241,https://www.imdb.com/user/ur211934241/?ref_=tturv_usr_1_t,2025-12-26,1,5,"""reviewCount"":1,""ratingsCount"":5,""checkinCount"":0,""listCount"":0,""watchlistCount"":0,""favoritePeopleCount"":0,""badgesCount"":2,""interestCount"":0",2025-12-26T14:51:13Z
10,ur211934301,https://www.imdb.com/user/ur211934301/?ref_=tturv_usr_1_t,2025-12-26,1,8,"""reviewCount"":1,""ratingsCount"":8,""checkinCount"":0,""listCount"":0,""watchlistCount"":0,""favoritePeopleCount"":0,""badgesCount"":2,""interestCount"":0",2025-12-26T14:55:57Z
10,ur211933743,https://www.imdb.com/user/ur211933743/?ref_=tturv_usr_1_t,2025-12-26,1,2,"""reviewCount"":1,""ratingsCount"":2,""checkinCount"":0,""listCount"":0,""watchlistCount"":0,""favoritePeopleCount"":0,""badgesCount"":2,""interestCount"":0",2025-12-26T14:50:51Z
10,ur211934160,https://www.imdb.com/user/ur211934160/?ref_=tturv_usr_1_t,2025-12-26,1,2,"""reviewCount"":1,""ratingsCount"":2,""checkinCount"":0,""listCount"":0,""watchlistCount"":0,""favoritePeopleCount"":0,""badgesCount"":2,""interestCount"":0",2025-12-26T14:47:11Z
10,ur200930081,https://www.imdb.com/user/ur200930081/?ref_=tturv_usr_1_t,2025-05-05,8,60,"""reviewCount"":8,""ratingsCount"":60,""checkinCount"":0,""listCount"":0,""watchlistCount"":2,""favoritePeopleCount"":0,""badgesCount"":2,""interestCount"":0",2025-05-05T02:32:46Z
10,ur211931605,https://www.imdb.com/user/ur211931605/?ref_=tturv_usr_1_t,2025-12-26,1,2,"""reviewCount"":1,""ratingsCount"":2,""checkinCount"":0,""listCount"":0,""watchlistCount"":0,""favoritePeopleCount"":0,""badgesCount"":2,""interestCount"":0",2025-12-26T14:29:48Z
10,ur151874741,https://www.imdb.com/user/ur151874741/?ref_=tturv_usr_1_t,2022-04-09,1,0,"""reviewCount"":1,""ratingsCount"":0,""checkinCount"":0,""listCount"":0,""watchlistCount"":0,""favoritePeopleCount"":0,""badgesCount"":2,""interestCount"":0",2022-04-09T19:55:01Z
10,ur79432067,https://www.imdb.com/user/ur79432067/?ref_=tturv_usr_1_t,2017-08-14,1,0,"""reviewCount"":1,""ratingsCount"":0,""checkinCount"":0,""listCount"":0,""watchlistCount"":0,""favoritePeopleCount"":0,""badgesCount"":3,""interestCount"":0",2017-08-14T12:50:17Z
10,ur211929784,https://www.imdb.com/user/ur211929784/?ref_=tturv_usr_1_t,2025-12-26,1,6,"""reviewCount"":1,""ratingsCount"":6,""checkinCount"":0,""listCount"":0,""watchlistCount"":0,""favoritePeopleCount"":0,""badgesCount"":2,""interestCount"":0",2025-12-26T10:46:01Z
10,ur163194387,https://www.imdb.com/user/ur163194387/?ref_=tturv_usr_1_t,2023-03-11,5,0,"""reviewCount"":5,""ratingsCount"":0,""checkinCount"":0,""listCount"":0,""watchlistCount"":0,""favoritePeopleCount"":0,""badgesCount"":2,""interestCount"":0",2023-03-11T07:48:09Z
10,ur150351737,https://www.imdb.com/user/ur150351737/?ref_=tturv_usr_1_t,2022-03-01,1,0,"""reviewCount"":1,""ratingsCount"":0,""checkinCount"":0,""listCount"":0,""watchlistCount"":0,""favoritePeopleCount"":0,""badgesCount"":2,""interestCount"":0",2022-03-01T06:20:41Z
10,ur211929192,https://www.imdb.com/user/ur211929192/?ref_=tturv_usr_1_t,2025-12-26,1,7,"""reviewCount"":1,""ratingsCount"":7,""checkinCount"":0,""listCount"":0,""watchlistCount"":0,""favoritePeopleCount"":0,""badgesCount"":2,""interestCount"":0",2025-12-26T09:30:22Z
10,ur200784187,https://www.imdb.com/user/ur200784187/?ref_=tturv_usr_1_t,2025-05-02,1,4,"""reviewCount"":1,""ratingsCount"":4,""checkinCount"":0,""listCount"":0,""watchlistCount"":0,""favoritePeopleCount"":0,""badgesCount"":2,""interestCount"":0",2025-05-02T03:33:33Z
10,ur201740731,https://www.imdb.com/user/ur201740731/?ref_=tturv_usr_1_t,2025-05-21,1,7,"""reviewCount"":1,""ratingsCount"":7,""checkinCount"":0,""listCount"":0,""watchlistCount"":2,""favoritePeopleCount"":0,""badgesCount"":2,""interestCount"":0",2025-05-21T19:00:19Z
10,ur211057839,https://www.imdb.com/user/ur211057839/?ref_=tturv_usr_1_t,2025-11-08,1,2,"""reviewCount"":1,""ratingsCount"":2,""checkinCount"":0,""listCount"":0,""watchlistCount"":0,""favoritePeopleCount"":0,""badgesCount"":2,""interestCount"":0",2025-11-08T21:44:17Z
10,ur120359498,https://www.imdb.com/user/ur120359498/?ref_=tturv_usr_1_t,2020-06-29,19,0,"""reviewCount"":19,""ratingsCount"":0,""checkinCount"":0,""listCount"":0,""watchlistCount"":0,""favoritePeopleCount"":0,""badgesCount"":2,""interestCount"":0",2020-06-29T04:31:57Z
10,ur3001495,https://www.imdb.com/user/ur3001495/?ref_=tturv_usr_1_t,2004-01-13,1,0,"""reviewCount"":1,""ratingsCount"":0,""checkinCount"":0,""listCount"":0,""watchlistCount"":0,""favoritePeopleCount"":0,""badgesCount"":2,""interestCount"":0",2004-01-13T18:06:16Z
10,ur141847814,https://www.imdb.com/user/ur141847814/?ref_=tturv_usr_1_t,2021-10-30,1,0,"""reviewCount"":1,""ratingsCount"":0,""checkinCount"":0,""listCount"":0,""watchlistCount"":0,""favoritePeopleCount"":0,""badgesCount"":2,""interestCount"":0",2021-10-30T04:51:13Z
10,ur187554523,https://www.imdb.com/user/ur187554523/?ref_=tturv_usr_1_t,2024-08-31,111,5384,"""reviewCount"":111,""ratingsCount"":5384,""checkinCount"":0,""listCount"":34,""watchlistCount"":23,""favoritePeopleCount"":27,""badgesCount"":3,""interestCount"":0",2024-08-31T20:52:03Z
10,ur211922097,https://www.imdb.com/user/ur211922097/?ref_=tturv_usr_1_t,2025-12-26,1,43,"""reviewCount"":1,""ratingsCount"":43,""checkinCount"":0,""listCount"":0,""watchlistCount"":0,""favoritePeopleCount"":0,""badgesCount"":2,""interestCount"":0",2025-12-26T02:04:54Z
10,ur200142573,https://www.imdb.com/user/ur200142573/?ref_=tturv_usr_1_t,2025-04-18,1,15,"""reviewCount"":1,""ratingsCount"":15,""checkinCount"":0,""listCount"":0,""watchlistCount"":0,""favoritePeopleCount"":0,""badgesCount"":2,""interestCount"":0",2025-04-18T13:03:53Z
10,ur178266339,https://www.imdb.com/user/ur178266339/?ref_=tturv_usr_1_t,2024-03-03,26,58,"""reviewCount"":26,""ratingsCount"":58,""checkinCount"":0,""listCount"":0,""watchlistCount"":0,""favoritePeopleCount"":0,""badgesCount"":4,""interestCount"":0",2024-03-03T15:07:51Z
10,ur211491635,https://www.imdb.com/user/ur211491635/?ref_=tturv_usr_1_t,2025-12-04,1,1,"""reviewCount"":1,""ratingsCount"":1,""checkinCount"":0,""listCount"":0,""watchlistCount"":1,""favoritePeopleCount"":0,""badgesCount"":2,""interestCount"":0",2025-12-04T01:04:09Z
10,ur211922587,https://www.imdb.com/user/ur211922587/?ref_=tturv_usr_1_t,2025-12-26,1,3,"""reviewCount"":1,""ratingsCount"":3,""checkinCount"":0,""listCount"":0,""watchlistCount"":0,""favoritePeopleCount"":0,""badgesCount"":2,""interestCount"":0",2025-12-26T01:49:42Z
10,ur207654603,https://www.imdb.com/user/ur207654603/?ref_=tturv_usr_1_t,2025-08-26,30,41,"""reviewCount"":30,""ratingsCount"":41,""checkinCount"":0,""listCount"":0,""watchlistCount"":8,""favoritePeopleCount"":0,""badgesCount"":2,""interestCount"":0",2025-08-26T23:37:00Z
